Transaction_ID,Client_ID,Amount,Timestamp,Location,Is_Fraud_Manual,Is_Failed
445,C067,2157.65,2025-10-01 00:00:33,"New York, US",0,0
9377,C009,202.58,2025-10-01 00:03:47,"New York, US",0,0
3063,C040,149.45,2025-10-01 00:08:47,"Kraków, PL",0,0
4236,C004,905.36,2025-10-01 00:12:08,"London, UK",0,1
8486,C036,257.94,2025-10-01 00:12:50,"New York, US",0,0
6441,C087,574.16,2025-10-01 00:15:37,"Kraków, PL",0,0
597,C071,596.91,2025-10-01 00:16:38,"Warszawa, PL",0,0
504,C067,192.01,2025-10-01 00:17:01,"New York, US",0,0
1417,C096,73.04,2025-10-01 00:18:32,"Kraków, PL",0,0
798,C061,174.28,2025-10-01 00:24:52,"New York, US",0,0
7863,C075,10.77,2025-10-01 00:27:54,"Warszawa, PL",0,0
881,C092,110.02,2025-10-01 00:32:15,"London, UK",0,0
8007,C036,25.18,2025-10-01 00:34:27,"New York, US",0,0
6681,C083,30.61,2025-10-01 00:34:37,"Kraków, PL",0,0
8379,C010,1069.6,2025-10-01 00:47:14,"New York, US",0,0
3337,C031,568.89,2025-10-01 00:50:33,"Warszawa, PL",0,0
6963,C067,480.07,2025-10-01 00:53:43,"Warszawa, PL",0,0
6138,C076,250.1,2025-10-01 01:03:59,"New York, US",0,0
7536,C014,6233.5,2025-10-01 01:10:34,"Warszawa, PL",0,0
5299,C036,85.44,2025-10-01 01:19:36,"London, UK",0,0
4414,C021,593.93,2025-10-01 01:30:04,"New York, US",0,0
8389,C069,32.35,2025-10-01 01:50:26,"Kraków, PL",0,0
2416,C036,247.94,2025-10-01 01:52:02,"Kraków, PL",0,0
9442,C048,1035.44,2025-10-01 01:52:26,"London, UK",0,0
9935,C061,2219.74,2025-10-01 01:54:50,"New York, US",0,0
3682,C074,557.86,2025-10-01 01:55:47,"London, UK",0,0
5935,C096,118.94,2025-10-01 01:59:08,"Kraków, PL",0,0
6288,C042,226.64,2025-10-01 02:03:48,"Kraków, PL",0,0
5263,C039,176.3,2025-10-01 02:09:19,"Kraków, PL",1,0
1413,C007,391.29,2025-10-01 02:10:43,"Warszawa, PL",0,0
9661,C097,51.18,2025-10-01 02:21:00,"Kraków, PL",0,0
7902,C002,187.78,2025-10-01 02:21:54,"New York, US",0,0
2313,C060,505.84,2025-10-01 02:22:15,"Kraków, PL",0,0
3913,C031,40116.09,2025-10-01 02:22:22,"Kraków, PL",0,0
9882,C093,611.13,2025-10-01 02:23:00,"Kraków, PL",0,0
7299,C007,2262.25,2025-10-01 02:25:47,"New York, US",0,0
6482,C025,939.32,2025-10-01 02:26:42,"Warszawa, PL",0,0
3119,C006,1224.5,2025-10-01 02:28:00,"Warszawa, PL",0,0
2402,C049,1370.36,2025-10-01 02:29:25,"London, UK",0,0
381,C099,1478.16,2025-10-01 02:40:43,"London, UK",0,0
550,C070,974.38,2025-10-01 02:41:36,"New York, US",0,0
6366,C075,8369.78,2025-10-01 02:43:45,"Kraków, PL",0,1
4115,C025,128.9,2025-10-01 02:47:25,"Kraków, PL",0,0
1409,C070,146.89,2025-10-01 02:47:36,"London, UK",0,0
678,C001,6681.03,2025-10-01 02:55:19,"New York, US",0,0
2829,C082,344.18,2025-10-01 02:59:23,"New York, US",0,0
6988,C072,52.31,2025-10-01 03:06:35,"Warszawa, PL",0,0
9305,C002,1163.06,2025-10-01 03:09:07,"Kraków, PL",0,0
3822,C035,160.47,2025-10-01 03:13:45,"London, UK",0,0
7050,C053,1457.69,2025-10-01 03:21:22,"Kraków, PL",0,0
7196,C076,76.08,2025-10-01 03:29:43,"Kraków, PL",0,1
2138,C009,61.61,2025-10-01 03:33:09,"London, UK",0,0
4024,C048,2040.45,2025-10-01 03:36:17,"Kraków, PL",1,0
479,C010,63.87,2025-10-01 03:40:25,"Kraków, PL",0,0
1526,C015,112.77,2025-10-01 03:48:21,"Kraków, PL",0,0
3684,C044,181.61,2025-10-01 03:49:58,"Kraków, PL",0,0
4949,C008,650.6,2025-10-01 03:54:54,"New York, US",0,0
4626,C097,756.92,2025-10-01 04:00:31,"London, UK",0,1
2421,C075,120.08,2025-10-01 04:01:16,"Kraków, PL",0,1
7226,C075,214.84,2025-10-01 04:09:43,"New York, US",0,0
5643,C011,369.33,2025-10-01 04:10:28,"New York, US",0,0
1815,C079,222.54,2025-10-01 04:11:25,"London, UK",0,0
9478,C073,939.65,2025-10-01 04:14:34,"London, UK",0,0
3042,C051,76.73,2025-10-01 04:14:56,"Warszawa, PL",0,1
239,C023,204.74,2025-10-01 04:27:31,"Kraków, PL",0,0
7650,C088,3046.71,2025-10-01 04:28:35,"Warszawa, PL",0,0
2157,C083,693.77,2025-10-01 04:40:11,"New York, US",0,0
9612,C000,109.36,2025-10-01 04:43:16,"New York, US",1,0
9113,C095,440.52,2025-10-01 04:45:59,"New York, US",0,0
9579,C078,75.76,2025-10-01 04:51:08,"Kraków, PL",0,0
366,C055,4368.19,2025-10-01 04:51:31,"New York, US",0,0
8998,C094,38.79,2025-10-01 04:58:28,"Kraków, PL",0,0
5092,C092,281.83,2025-10-01 05:06:52,"New York, US",0,0
6002,C099,468.77,2025-10-01 05:08:09,"London, UK",0,0
7539,C090,387.04,2025-10-01 05:16:11,"New York, US",0,0
9168,C053,59.66,2025-10-01 05:19:11,"Warszawa, PL",0,0
2030,C088,12868.09,2025-10-01 05:19:30,"Warszawa, PL",0,0
9979,C022,7.88,2025-10-01 05:25:29,"New York, US",0,0
3205,C046,55.71,2025-10-01 05:25:50,"Kraków, PL",0,0
9108,C082,2246.33,2025-10-01 05:44:53,"London, UK",0,0
6690,C013,423.68,2025-10-01 05:48:00,"London, UK",0,0
1158,C035,1379.11,2025-10-01 05:55:12,"Warszawa, PL",0,0
9689,C087,581.75,2025-10-01 06:00:32,"Warszawa, PL",0,0
5861,C043,319.43,2025-10-01 06:03:00,"New York, US",0,0
3674,C017,89.45,2025-10-01 06:12:35,"New York, US",0,0
9621,C017,987.15,2025-10-01 06:12:45,"London, UK",0,0
2480,C060,71.28,2025-10-01 06:16:33,"Kraków, PL",0,0
7577,C080,33.15,2025-10-01 06:21:03,"Warszawa, PL",0,0
5677,C007,2012.17,2025-10-01 06:34:26,"Warszawa, PL",0,0
1207,C064,177.45,2025-10-01 06:35:26,"Warszawa, PL",0,0
7338,C007,1114.33,2025-10-01 06:41:11,"Warszawa, PL",0,0
596,C068,176.19,2025-10-01 06:46:29,"Warszawa, PL",0,0
6597,C056,4036.16,2025-10-01 07:08:28,"Warszawa, PL",0,0
9682,C010,154.62,2025-10-01 07:17:42,"Kraków, PL",0,0
9646,C063,854.74,2025-10-01 07:23:28,"London, UK",0,0
1906,C041,528.24,2025-10-01 07:33:57,"Warszawa, PL",0,0
5902,C063,407.78,2025-10-01 07:35:14,"New York, US",0,0
4782,C065,330.93,2025-10-01 07:37:42,"Kraków, PL",0,0
8668,C099,737.13,2025-10-01 07:41:02,"Kraków, PL",0,0
7467,C082,507.62,2025-10-01 07:43:12,"Kraków, PL",0,0
1217,C074,82.04,2025-10-01 07:48:54,"London, UK",0,0
7740,C006,786.01,2025-10-01 07:51:27,"Kraków, PL",0,0
4805,C018,207.9,2025-10-01 07:53:00,"London, UK",0,0
1066,C094,743.03,2025-10-01 08:01:05,"London, UK",0,0
5776,C066,1546.04,2025-10-01 08:09:31,"Kraków, PL",0,0
5167,C028,1319.3,2025-10-01 08:12:48,"London, UK",0,0
6820,C023,144.81,2025-10-01 08:13:10,"New York, US",0,1
5782,C040,3845.68,2025-10-01 08:13:35,"Warszawa, PL",0,0
6806,C047,161.5,2025-10-01 08:15:14,"Warszawa, PL",0,0
4945,C029,281.57,2025-10-01 08:17:37,"London, UK",0,0
4943,C095,257.08,2025-10-01 08:24:00,"Warszawa, PL",0,0
8328,C052,74.87,2025-10-01 08:25:09,"London, UK",0,0
8383,C020,486.51,2025-10-01 08:29:20,"New York, US",0,0
1123,C046,58.03,2025-10-01 08:32:52,"London, UK",0,0
720,C064,101.87,2025-10-01 08:34:39,"Warszawa, PL",0,0
9566,C042,729.13,2025-10-01 08:36:55,"Warszawa, PL",0,0
9123,C050,366.97,2025-10-01 08:39:09,"London, UK",0,0
8103,C004,162.1,2025-10-01 08:44:41,"Warszawa, PL",0,1
8262,C039,464.98,2025-10-01 08:53:36,"Kraków, PL",0,0
795,C030,55.43,2025-10-01 08:58:38,"Warszawa, PL",0,0
9271,C081,53.28,2025-10-01 09:05:10,"Warszawa, PL",0,0
5336,C070,146.07,2025-10-01 09:10:08,"London, UK",0,0
917,C068,38.51,2025-10-01 09:17:03,"New York, US",0,0
7247,C040,785.27,2025-10-01 09:20:21,"London, UK",0,0
1404,C050,245.34,2025-10-01 09:20:30,"Warszawa, PL",0,0
411,C074,409.55,2025-10-01 09:20:43,"London, UK",0,0
1806,C088,348.26,2025-10-01 09:24:20,"Kraków, PL",0,1
8153,C016,4190.18,2025-10-01 09:28:59,"New York, US",0,0
5963,C076,178.16,2025-10-01 09:29:54,"Kraków, PL",0,0
9161,C090,193.43,2025-10-01 09:30:35,"Kraków, PL",0,0
6661,C093,44.14,2025-10-01 09:39:27,"London, UK",0,1
4445,C015,1606.26,2025-10-01 09:54:25,"Warszawa, PL",0,0
2463,C069,288.48,2025-10-01 10:01:17,"London, UK",0,1
3666,C095,4109.9,2025-10-01 10:10:53,"London, UK",0,0
7567,C054,17.25,2025-10-01 10:19:08,"London, UK",0,0
8199,C005,103.08,2025-10-01 10:24:52,"Kraków, PL",0,0
3628,C006,476.81,2025-10-01 10:27:33,"London, UK",0,1
4109,C017,18.86,2025-10-01 10:29:09,"London, UK",0,0
617,C021,225.27,2025-10-01 10:33:28,"London, UK",0,0
8245,C024,467.78,2025-10-01 10:39:14,"New York, US",0,0
985,C030,920.47,2025-10-01 10:40:33,"Warszawa, PL",0,1
9876,C083,2088.09,2025-10-01 10:40:33,"Warszawa, PL",1,0
2203,C036,47.39,2025-10-01 10:41:23,"Warszawa, PL",0,0
3763,C056,39.65,2025-10-01 10:46:18,"New York, US",0,1
1394,C022,121.5,2025-10-01 10:51:38,"London, UK",0,0
5829,C007,207.64,2025-10-01 11:01:47,"Kraków, PL",0,0
5440,C022,3116.45,2025-10-01 11:07:52,"Kraków, PL",0,0
7661,C084,590.77,2025-10-01 11:07:53,"New York, US",0,1
6730,C054,125.94,2025-10-01 11:11:48,"London, UK",0,0
7000,C078,2411.94,2025-10-01 11:11:50,"London, UK",0,0
2120,C009,616.48,2025-10-01 11:25:40,"New York, US",0,0
1359,C030,519.08,2025-10-01 11:26:38,"Kraków, PL",0,0
7504,C039,5631.03,2025-10-01 11:42:29,"Kraków, PL",0,0
9965,C018,3243.19,2025-10-01 11:45:16,"New York, US",0,0
3141,C034,851.75,2025-10-01 11:57:27,"Kraków, PL",0,0
2009,C013,20.66,2025-10-01 11:57:29,"Kraków, PL",0,0
2802,C034,460.36,2025-10-01 11:57:48,"Warszawa, PL",0,0
5191,C003,66.13,2025-10-01 11:59:31,"Warszawa, PL",0,0
7647,C059,444.46,2025-10-01 12:01:28,"Warszawa, PL",0,0
1073,C048,720.88,2025-10-01 12:03:18,"Warszawa, PL",0,0
8173,C087,290.52,2025-10-01 12:04:26,"London, UK",0,0
8796,C080,399.98,2025-10-01 12:05:25,"New York, US",0,0
8248,C046,210.54,2025-10-01 12:13:02,"London, UK",0,0
9484,C018,269.13,2025-10-01 12:15:23,"Warszawa, PL",0,0
1480,C003,1462.97,2025-10-01 12:28:14,"Kraków, PL",0,0
4117,C083,873.21,2025-10-01 12:32:56,"New York, US",0,0
4119,C091,1961.78,2025-10-01 12:33:18,"Kraków, PL",0,0
4168,C012,67.02,2025-10-01 12:38:35,"London, UK",0,0
2459,C047,3077.3,2025-10-01 12:51:07,"Kraków, PL",0,0
2745,C025,3245.41,2025-10-01 12:53:51,"Warszawa, PL",0,0
8650,C066,725.94,2025-10-01 12:59:17,"New York, US",0,0
3667,C048,1252.91,2025-10-01 13:01:54,"London, UK",0,0
2878,C085,85.44,2025-10-01 13:02:05,"Warszawa, PL",0,0
4727,C058,626.99,2025-10-01 13:14:28,"Kraków, PL",0,0
6430,C068,4608.83,2025-10-01 13:15:04,"Warszawa, PL",0,0
6173,C044,20.45,2025-10-01 13:24:17,"London, UK",0,0
9994,C030,323.54,2025-10-01 13:24:59,"New York, US",0,0
5931,C091,1213.41,2025-10-01 13:27:20,"London, UK",0,0
6534,C026,107.9,2025-10-01 13:27:56,"London, UK",0,0
9953,C052,290.06,2025-10-01 13:28:33,"Warszawa, PL",0,0
7094,C012,406.43,2025-10-01 13:40:40,"London, UK",0,0
5132,C044,166.06,2025-10-01 13:47:46,"London, UK",0,0
8267,C069,1253.21,2025-10-01 13:48:25,"Warszawa, PL",0,0
632,C023,225.52,2025-10-01 13:54:17,"New York, US",0,0
8140,C061,369.78,2025-10-01 14:00:38,"Warszawa, PL",0,0
6952,C031,612.91,2025-10-01 14:02:38,"London, UK",0,0
8912,C047,1188.39,2025-10-01 14:04:39,"New York, US",0,1
1332,C084,64.19,2025-10-01 14:16:43,"New York, US",0,0
2456,C049,484.91,2025-10-01 14:19:49,"London, UK",0,1
6306,C025,41.66,2025-10-01 14:26:15,"Kraków, PL",0,0
3274,C062,175.44,2025-10-01 14:26:56,"Kraków, PL",0,0
1057,C008,410.37,2025-10-01 14:32:10,"London, UK",0,0
8558,C022,121.06,2025-10-01 14:33:55,"Kraków, PL",0,1
6923,C093,22.47,2025-10-01 14:51:11,"New York, US",0,0
2037,C087,5474.89,2025-10-01 14:52:26,"New York, US",0,0
3819,C001,192.51,2025-10-01 14:54:07,"New York, US",0,0
5771,C057,200.12,2025-10-01 14:54:35,"Warszawa, PL",0,0
5123,C041,3534.17,2025-10-01 14:58:08,"London, UK",0,0
2863,C097,718.24,2025-10-01 14:58:59,"New York, US",0,0
5434,C088,6025.7,2025-10-01 15:10:32,"London, UK",0,0
3999,C078,1167.2,2025-10-01 15:11:52,"Kraków, PL",0,0
3933,C053,430.75,2025-10-01 15:13:38,"New York, US",0,0
4511,C008,31.78,2025-10-01 15:16:37,"New York, US",0,0
6910,C061,61.61,2025-10-01 15:20:54,"New York, US",0,0
9528,C075,594.13,2025-10-01 15:23:17,"Kraków, PL",0,0
2725,C008,1064.2,2025-10-01 15:27:53,"Warszawa, PL",0,0
4673,C091,1116.47,2025-10-01 15:29:15,"Warszawa, PL",0,1
2410,C070,607.9,2025-10-01 15:29:19,"Warszawa, PL",0,0
4374,C076,411.84,2025-10-01 15:34:05,"Warszawa, PL",0,0
9158,C003,4.35,2025-10-01 15:35:10,"Kraków, PL",0,0
3855,C058,5562.8,2025-10-01 15:39:27,"Warszawa, PL",0,0
9725,C026,123.48,2025-10-01 15:47:13,"Warszawa, PL",0,0
490,C067,3511.49,2025-10-01 15:48:37,"Warszawa, PL",0,0
9266,C077,1113.73,2025-10-01 15:49:03,"New York, US",0,0
7284,C092,224.31,2025-10-01 15:49:59,"New York, US",0,0
5127,C048,523.99,2025-10-01 15:51:49,"Kraków, PL",0,0
7968,C065,105.82,2025-10-01 16:10:03,"New York, US",0,0
5539,C075,3470.04,2025-10-01 16:13:19,"London, UK",0,0
1235,C007,45.95,2025-10-01 16:14:26,"New York, US",0,0
7371,C065,14652.88,2025-10-01 16:14:39,"London, UK",0,0
5788,C007,144.61,2025-10-01 16:16:20,"New York, US",0,0
7441,C039,15620.01,2025-10-01 16:22:56,"London, UK",0,0
5320,C049,81.11,2025-10-01 16:25:13,"New York, US",0,1
522,C064,81.35,2025-10-01 16:32:47,"New York, US",0,0
1628,C085,770.13,2025-10-01 16:44:34,"New York, US",0,0
1428,C051,204.33,2025-10-01 16:48:19,"New York, US",0,0
5959,C081,1875.02,2025-10-01 16:49:48,"Warszawa, PL",0,0
8660,C057,434.85,2025-10-01 16:55:30,"London, UK",1,1
3613,C019,73.61,2025-10-01 16:55:38,"Warszawa, PL",0,0
5777,C067,534.34,2025-10-01 17:02:31,"London, UK",0,0
6297,C084,443.35,2025-10-01 17:06:24,"Warszawa, PL",0,0
8180,C036,29935.6,2025-10-01 17:11:12,"Kraków, PL",0,0
9656,C022,3951.4,2025-10-01 17:11:56,"Kraków, PL",0,0
5452,C095,685.6,2025-10-01 17:16:04,"London, UK",0,0
5365,C016,135.3,2025-10-01 17:17:16,"London, UK",0,0
5235,C038,47.54,2025-10-01 17:18:37,"Warszawa, PL",0,0
4111,C064,250.48,2025-10-01 17:20:08,"London, UK",0,0
2501,C052,691.3,2025-10-01 17:21:34,"Warszawa, PL",0,0
4568,C014,1610.54,2025-10-01 17:23:58,"Warszawa, PL",0,0
2,C070,66.39,2025-10-01 17:34:13,"Warszawa, PL",0,0
3082,C056,1517.98,2025-10-01 17:37:57,"Warszawa, PL",0,0
887,C036,209.2,2025-10-01 17:39:24,"London, UK",0,0
8695,C046,828.6,2025-10-01 17:42:27,"Warszawa, PL",0,0
9815,C072,880.66,2025-10-01 17:43:58,"Warszawa, PL",0,0
4097,C000,151.22,2025-10-01 17:44:17,"Kraków, PL",0,0
2076,C057,38.3,2025-10-01 17:44:40,"New York, US",0,0
9883,C043,1310.53,2025-10-01 17:45:13,"London, UK",0,0
3467,C019,675.03,2025-10-01 17:46:55,"London, UK",0,0
9171,C005,425.34,2025-10-01 17:53:36,"London, UK",0,0
6528,C073,193.0,2025-10-01 18:00:29,"Warszawa, PL",0,1
9239,C077,417.3,2025-10-01 18:01:53,"Kraków, PL",0,0
968,C002,407.34,2025-10-01 18:05:41,"Kraków, PL",0,0
7372,C040,219.35,2025-10-01 18:05:58,"London, UK",0,1
1827,C016,271.79,2025-10-01 18:09:10,"London, UK",0,0
3532,C074,306.94,2025-10-01 18:10:39,"Kraków, PL",0,0
2894,C037,116.56,2025-10-01 18:14:46,"New York, US",0,0
7364,C060,180.0,2025-10-01 18:25:01,"Kraków, PL",0,0
6033,C092,1218.61,2025-10-01 18:34:23,"New York, US",0,0
5395,C005,770.75,2025-10-01 18:35:27,"London, UK",0,1
6327,C055,4273.28,2025-10-01 18:37:00,"New York, US",0,0
6915,C010,90.66,2025-10-01 18:44:24,"Kraków, PL",0,0
496,C080,1092.43,2025-10-01 18:50:29,"Kraków, PL",0,0
2432,C072,622.98,2025-10-01 18:52:16,"New York, US",0,0
8490,C022,1240.61,2025-10-01 18:58:09,"Warszawa, PL",0,0
6463,C022,981.56,2025-10-01 19:05:10,"Warszawa, PL",0,0
2302,C082,21.63,2025-10-01 19:08:31,"Kraków, PL",0,0
697,C032,491.74,2025-10-01 19:10:14,"London, UK",0,0
2988,C095,668.64,2025-10-01 19:12:54,"London, UK",0,0
6207,C096,313.37,2025-10-01 19:13:29,"New York, US",0,0
8461,C061,477.35,2025-10-01 19:14:44,"Warszawa, PL",0,0
609,C060,58.69,2025-10-01 19:16:35,"Warszawa, PL",0,0
8617,C015,1520.29,2025-10-01 19:16:42,"Warszawa, PL",0,0
4100,C021,11.25,2025-10-01 19:18:45,"New York, US",0,0
8497,C076,76.12,2025-10-01 19:19:08,"Kraków, PL",0,0
4891,C025,601.27,2025-10-01 19:23:19,"Kraków, PL",0,1
9258,C017,1840.85,2025-10-01 19:31:33,"Warszawa, PL",0,0
9283,C081,310.09,2025-10-01 19:36:24,"Warszawa, PL",0,0
5426,C083,248.72,2025-10-01 19:43:02,"London, UK",0,0
4622,C028,170.66,2025-10-01 19:44:44,"Kraków, PL",0,0
698,C083,31.05,2025-10-01 19:53:43,"New York, US",0,0
7490,C012,1335.96,2025-10-01 19:57:28,"London, UK",0,0
4889,C030,4340.58,2025-10-01 20:02:19,"London, UK",0,0
2008,C042,539.08,2025-10-01 20:06:09,"London, UK",0,0
2948,C081,10242.03,2025-10-01 20:12:41,"New York, US",0,0
1135,C014,2581.19,2025-10-01 20:15:27,"Warszawa, PL",0,1
9191,C056,250.55,2025-10-01 20:33:37,"New York, US",0,0
9563,C033,124.38,2025-10-01 20:37:07,"London, UK",0,0
4078,C079,1832.25,2025-10-01 20:38:50,"New York, US",0,1
4795,C070,498.83,2025-10-01 20:40:02,"Kraków, PL",0,0
4664,C022,116.46,2025-10-01 20:41:41,"London, UK",0,0
3443,C021,492.77,2025-10-01 20:46:57,"New York, US",0,0
5631,C039,1657.74,2025-10-01 20:52:45,"London, UK",0,0
2032,C002,2345.09,2025-10-01 20:53:11,"Kraków, PL",0,0
1089,C036,157.02,2025-10-01 20:53:31,"Warszawa, PL",0,0
7377,C052,1984.72,2025-10-01 21:11:23,"Kraków, PL",0,0
2654,C040,2503.76,2025-10-01 21:19:19,"London, UK",0,0
9775,C044,1029.27,2025-10-01 21:23:04,"Warszawa, PL",0,0
5461,C058,190.8,2025-10-01 21:24:01,"London, UK",0,0
2604,C042,200.47,2025-10-01 21:31:10,"New York, US",0,0
3412,C046,251.7,2025-10-01 21:32:51,"Kraków, PL",0,0
5337,C049,2018.78,2025-10-01 21:33:56,"Kraków, PL",0,0
3087,C098,999.16,2025-10-01 21:35:00,"New York, US",0,0
9290,C002,1485.36,2025-10-01 21:39:20,"Kraków, PL",0,0
8717,C086,86.26,2025-10-01 21:41:11,"New York, US",0,0
3488,C098,613.9,2025-10-01 21:50:08,"Kraków, PL",0,0
4640,C023,1184.34,2025-10-01 21:51:05,"London, UK",0,0
2895,C031,45.91,2025-10-01 21:53:02,"Warszawa, PL",0,0
6780,C078,639.38,2025-10-01 21:53:13,"London, UK",0,0
7908,C054,64.52,2025-10-01 21:53:17,"London, UK",0,0
9336,C086,229.51,2025-10-01 22:07:02,"London, UK",0,0
5489,C025,1861.09,2025-10-01 22:10:08,"New York, US",0,1
6881,C018,393.18,2025-10-01 22:15:50,"New York, US",0,0
1835,C000,62.84,2025-10-01 22:17:57,"London, UK",0,0
4649,C080,160.51,2025-10-01 22:20:20,"New York, US",0,0
3848,C027,971.54,2025-10-01 22:23:49,"Kraków, PL",0,0
3541,C044,616.73,2025-10-01 22:24:18,"New York, US",0,0
3916,C006,1001.53,2025-10-01 22:37:45,"New York, US",0,0
4526,C057,68.88,2025-10-01 22:38:49,"Kraków, PL",0,1
3272,C030,24.24,2025-10-01 22:48:50,"New York, US",0,0
7796,C087,292.07,2025-10-01 22:55:39,"Kraków, PL",0,0
5662,C064,222.47,2025-10-01 22:57:28,"New York, US",0,0
9675,C018,144.25,2025-10-01 22:58:46,"Warszawa, PL",0,0
1743,C092,232.8,2025-10-01 23:01:10,"New York, US",0,0
7488,C053,15268.12,2025-10-01 23:01:21,"New York, US",0,0
629,C049,69.33,2025-10-01 23:11:37,"Warszawa, PL",0,1
8364,C010,222.69,2025-10-01 23:17:50,"New York, US",0,0
9754,C037,3512.62,2025-10-01 23:26:35,"New York, US",0,1
8792,C076,141.54,2025-10-01 23:29:07,"London, UK",0,0
3774,C099,598.71,2025-10-01 23:30:36,"Warszawa, PL",0,0
785,C006,296.35,2025-10-01 23:33:23,"London, UK",0,0
2905,C075,74.16,2025-10-01 23:33:41,"Warszawa, PL",0,0
120,C084,384.64,2025-10-01 23:40:00,"Warszawa, PL",0,0
8318,C091,1931.69,2025-10-01 23:45:00,"Kraków, PL",0,0
4979,C090,238.0,2025-10-01 23:53:31,"Warszawa, PL",0,1
9726,C051,116.68,2025-10-01 23:55:16,"London, UK",0,0
5363,C082,422.45,2025-10-02 00:03:14,"New York, US",0,0
7566,C036,310.51,2025-10-02 00:08:17,"London, UK",0,0
663,C053,384.13,2025-10-02 00:17:37,"London, UK",0,0
8228,C069,185.76,2025-10-02 00:23:30,"Kraków, PL",0,0
1748,C043,240.21,2025-10-02 00:29:06,"New York, US",0,0
2117,C048,117.97,2025-10-02 00:31:30,"New York, US",0,0
6200,C099,82.06,2025-10-02 00:40:02,"Warszawa, PL",0,0
1440,C052,164.13,2025-10-02 00:42:07,"Kraków, PL",0,0
8496,C003,771.26,2025-10-02 00:44:33,"Kraków, PL",0,0
830,C030,24.84,2025-10-02 00:55:19,"Warszawa, PL",0,0
1929,C036,173.57,2025-10-02 00:56:36,"Kraków, PL",0,0
7576,C025,2098.94,2025-10-02 01:00:30,"Warszawa, PL",0,0
5592,C090,11759.78,2025-10-02 01:13:31,"New York, US",0,0
648,C012,2674.83,2025-10-02 01:14:37,"London, UK",0,0
8863,C016,116.38,2025-10-02 01:15:07,"New York, US",0,0
1248,C088,23.63,2025-10-02 01:16:56,"London, UK",0,0
3647,C064,4962.24,2025-10-02 01:19:00,"London, UK",0,0
7376,C009,37.52,2025-10-02 01:28:28,"New York, US",0,0
1037,C014,1135.38,2025-10-02 01:34:15,"London, UK",0,0
3397,C094,1770.03,2025-10-02 01:36:34,"Warszawa, PL",0,0
3156,C056,5981.02,2025-10-02 01:40:16,"New York, US",0,0
4179,C035,282.44,2025-10-02 01:43:41,"New York, US",0,0
5534,C095,1741.79,2025-10-02 01:44:25,"Kraków, PL",0,0
151,C081,3459.27,2025-10-02 01:45:04,"Kraków, PL",0,0
5917,C039,124.14,2025-10-02 01:46:53,"Kraków, PL",0,0
5891,C012,2987.48,2025-10-02 01:57:00,"Warszawa, PL",0,1
5195,C058,1585.81,2025-10-02 02:03:59,"London, UK",0,0
6682,C095,386.37,2025-10-02 02:05:40,"London, UK",0,0
6521,C086,4241.96,2025-10-02 02:16:23,"Kraków, PL",0,0
7133,C016,5632.92,2025-10-02 02:17:10,"New York, US",0,0
9424,C008,310.36,2025-10-02 02:21:20,"New York, US",0,0
4163,C006,869.22,2025-10-02 02:23:02,"New York, US",0,0
4198,C086,679.06,2025-10-02 02:24:18,"London, UK",0,0
9906,C081,37.79,2025-10-02 02:28:50,"London, UK",0,0
7682,C066,612.38,2025-10-02 02:32:31,"New York, US",0,0
9172,C074,704.81,2025-10-02 02:34:28,"Kraków, PL",0,0
3493,C064,3162.01,2025-10-02 02:41:07,"Warszawa, PL",0,0
7014,C015,330.22,2025-10-02 02:42:35,"London, UK",0,0
9244,C045,67.84,2025-10-02 02:49:08,"London, UK",0,0
8316,C008,649.47,2025-10-02 02:58:48,"London, UK",0,0
4729,C032,438.71,2025-10-02 03:01:48,"London, UK",0,0
3773,C038,4828.25,2025-10-02 03:20:20,"Kraków, PL",0,0
2594,C029,1078.81,2025-10-02 03:23:42,"London, UK",0,1
7573,C012,278.94,2025-10-02 03:24:38,"Warszawa, PL",0,0
1898,C065,205.07,2025-10-02 03:26:39,"London, UK",0,0
6020,C092,125.59,2025-10-02 03:28:15,"Warszawa, PL",0,0
1313,C003,655.67,2025-10-02 03:29:20,"New York, US",0,0
9958,C024,418.45,2025-10-02 03:33:15,"New York, US",0,0
1301,C027,801.76,2025-10-02 03:34:35,"London, UK",0,0
3368,C038,219.72,2025-10-02 03:35:14,"London, UK",0,0
6088,C006,120.33,2025-10-02 03:42:04,"Warszawa, PL",0,1
7193,C026,261.63,2025-10-02 04:02:31,"Kraków, PL",0,0
8152,C023,290.24,2025-10-02 04:13:06,"New York, US",0,0
2293,C094,82.27,2025-10-02 04:20:04,"Warszawa, PL",0,0
7389,C092,2866.66,2025-10-02 04:21:19,"New York, US",0,0
8388,C081,441.61,2025-10-02 04:22:10,"New York, US",0,0
6287,C002,14.11,2025-10-02 04:22:11,"Kraków, PL",0,0
699,C045,81.59,2025-10-02 04:31:57,"Warszawa, PL",0,0
721,C064,648.72,2025-10-02 04:40:18,"New York, US",0,0
7690,C053,23.38,2025-10-02 04:40:44,"Warszawa, PL",0,0
6671,C031,1311.61,2025-10-02 04:41:27,"Kraków, PL",0,0
1200,C072,739.78,2025-10-02 04:45:54,"New York, US",0,0
5259,C068,217.87,2025-10-02 04:49:23,"Kraków, PL",0,0
941,C066,4377.09,2025-10-02 05:00:00,"London, UK",0,0
215,C023,817.15,2025-10-02 05:06:32,"Warszawa, PL",0,0
9568,C084,546.95,2025-10-02 05:17:40,"Warszawa, PL",0,0
9227,C015,128.92,2025-10-02 05:18:53,"Warszawa, PL",0,0
5231,C064,1987.05,2025-10-02 05:21:57,"Kraków, PL",0,1
8565,C057,326.44,2025-10-02 05:23:16,"London, UK",0,0
1837,C050,43.08,2025-10-02 05:23:29,"Kraków, PL",0,0
7517,C088,1004.65,2025-10-02 05:27:56,"Kraków, PL",0,0
2294,C011,1086.57,2025-10-02 05:33:06,"New York, US",0,0
277,C001,661.82,2025-10-02 05:36:32,"Kraków, PL",0,0
8024,C058,1862.48,2025-10-02 05:38:58,"Kraków, PL",0,0
5241,C088,180.27,2025-10-02 05:41:43,"Warszawa, PL",0,0
5877,C007,3432.16,2025-10-02 05:45:50,"Kraków, PL",0,1
1305,C053,208.39,2025-10-02 06:05:57,"New York, US",0,0
6757,C093,308.02,2025-10-02 06:09:12,"Kraków, PL",0,0
3404,C083,5766.04,2025-10-02 06:13:49,"New York, US",0,0
315,C021,2597.33,2025-10-02 06:14:26,"New York, US",0,1
7961,C088,454.57,2025-10-02 06:29:22,"Warszawa, PL",0,0
7839,C006,49.61,2025-10-02 06:37:56,"Kraków, PL",0,0
6605,C016,259.56,2025-10-02 06:44:09,"London, UK",0,1
9332,C020,1201.39,2025-10-02 06:46:20,"Warszawa, PL",0,0
3101,C023,2826.29,2025-10-02 06:50:33,"Warszawa, PL",0,0
6403,C035,1275.64,2025-10-02 06:56:06,"Warszawa, PL",0,0
2705,C083,192.28,2025-10-02 07:00:43,"London, UK",0,0
4582,C075,11.83,2025-10-02 07:05:31,"Kraków, PL",0,0
9529,C081,625.43,2025-10-02 07:09:56,"Kraków, PL",0,0
8170,C029,424.41,2025-10-02 07:11:17,"London, UK",0,1
4132,C005,1384.49,2025-10-02 07:17:31,"Kraków, PL",0,0
6086,C038,10.99,2025-10-02 07:23:56,"New York, US",0,0
3873,C007,118.98,2025-10-02 07:24:42,"Warszawa, PL",0,0
6758,C036,26.1,2025-10-02 07:28:52,"New York, US",0,0
2025,C006,4427.4,2025-10-02 07:39:47,"Kraków, PL",0,0
4260,C028,821.53,2025-10-02 07:45:32,"Warszawa, PL",0,0
920,C042,459.48,2025-10-02 07:52:24,"London, UK",0,1
8469,C008,97.13,2025-10-02 08:03:47,"New York, US",0,1
6466,C016,3776.54,2025-10-02 08:05:20,"New York, US",0,0
3729,C050,467.55,2025-10-02 08:26:20,"London, UK",0,0
5165,C080,734.96,2025-10-02 08:27:32,"London, UK",0,0
8032,C000,946.14,2025-10-02 08:30:18,"London, UK",0,0
2547,C098,1934.86,2025-10-02 08:36:56,"New York, US",0,0
9413,C051,112.11,2025-10-02 08:39:46,"Kraków, PL",0,0
1382,C084,150.59,2025-10-02 08:40:53,"Warszawa, PL",0,0
7424,C094,248.84,2025-10-02 08:41:00,"New York, US",0,0
3975,C039,120.21,2025-10-02 08:43:18,"Warszawa, PL",0,0
3897,C011,231.72,2025-10-02 08:46:00,"London, UK",0,0
9010,C048,1772.55,2025-10-02 08:47:11,"Warszawa, PL",0,0
8229,C016,108.1,2025-10-02 08:50:30,"Warszawa, PL",0,0
2953,C003,113.34,2025-10-02 08:55:08,"Warszawa, PL",0,1
1395,C092,107.25,2025-10-02 08:55:59,"London, UK",0,0
6565,C072,27.79,2025-10-02 08:59:06,"New York, US",0,0
5470,C024,7282.62,2025-10-02 09:00:47,"New York, US",0,0
7710,C062,418.82,2025-10-02 09:14:15,"Warszawa, PL",0,0
6037,C029,1498.85,2025-10-02 09:15:27,"Kraków, PL",0,0
5599,C084,79.3,2025-10-02 09:23:05,"Warszawa, PL",0,0
4235,C045,265.15,2025-10-02 09:24:20,"Warszawa, PL",0,0
5971,C024,296.69,2025-10-02 09:24:42,"New York, US",0,0
2515,C059,204.25,2025-10-02 09:27:36,"New York, US",0,0
1309,C031,327.79,2025-10-02 09:32:02,"London, UK",0,0
4263,C079,162.96,2025-10-02 09:35:29,"London, UK",0,0
3353,C006,100.44,2025-10-02 09:37:00,"New York, US",0,0
742,C046,821.47,2025-10-02 09:38:27,"Warszawa, PL",0,0
749,C086,336.21,2025-10-02 09:43:59,"Warszawa, PL",0,0
5175,C094,2659.24,2025-10-02 09:48:33,"Warszawa, PL",1,0
6161,C068,380.19,2025-10-02 09:49:16,"New York, US",0,0
6936,C056,1913.3,2025-10-02 09:53:41,"London, UK",0,0
5379,C051,678.65,2025-10-02 09:54:00,"Kraków, PL",0,0
6217,C093,602.35,2025-10-02 10:05:56,"Warszawa, PL",0,0
7512,C093,444.01,2025-10-02 10:11:05,"Kraków, PL",0,0
8065,C060,206.99,2025-10-02 10:12:50,"Kraków, PL",0,0
2652,C003,804.41,2025-10-02 10:23:04,"Warszawa, PL",0,0
4043,C044,173.62,2025-10-02 10:41:41,"Warszawa, PL",0,0
8615,C009,248.46,2025-10-02 10:44:05,"Warszawa, PL",0,0
5079,C088,142.99,2025-10-02 10:54:15,"London, UK",0,0
3127,C067,2770.54,2025-10-02 10:54:43,"Warszawa, PL",0,0
5022,C083,56.13,2025-10-02 10:56:11,"New York, US",0,0
7361,C026,188.53,2025-10-02 11:03:17,"New York, US",0,0
9340,C073,261.96,2025-10-02 11:23:56,"New York, US",0,0
2013,C042,370.13,2025-10-02 11:26:38,"Warszawa, PL",0,0
9741,C098,520.24,2025-10-02 11:28:25,"Warszawa, PL",0,0
153,C043,76.94,2025-10-02 11:28:47,"London, UK",0,0
6106,C093,656.79,2025-10-02 11:31:06,"New York, US",0,0
7283,C054,211.03,2025-10-02 11:40:30,"Kraków, PL",0,0
6920,C019,935.84,2025-10-02 11:44:45,"London, UK",0,0
8909,C003,527.55,2025-10-02 11:45:36,"London, UK",0,0
5024,C001,469.31,2025-10-02 11:47:07,"Kraków, PL",0,0
2557,C096,4444.5,2025-10-02 11:54:19,"New York, US",0,1
6892,C063,120.54,2025-10-02 11:56:37,"London, UK",0,0
6133,C054,403.43,2025-10-02 12:04:13,"New York, US",0,0
8310,C063,1826.91,2025-10-02 12:10:07,"Warszawa, PL",0,0
8980,C001,10259.06,2025-10-02 12:11:04,"New York, US",0,0
654,C091,236.67,2025-10-02 12:11:50,"Warszawa, PL",0,0
1950,C082,353.62,2025-10-02 12:17:59,"New York, US",0,0
9840,C071,190.53,2025-10-02 12:18:43,"Kraków, PL",0,0
1096,C074,18.52,2025-10-02 12:18:59,"Warszawa, PL",0,0
1984,C040,42.86,2025-10-02 12:22:49,"New York, US",0,0
6628,C036,291.31,2025-10-02 12:23:55,"Kraków, PL",0,0
6641,C081,186.0,2025-10-02 12:25:54,"New York, US",0,0
3061,C041,81.86,2025-10-02 12:33:34,"London, UK",0,0
2804,C033,365.85,2025-10-02 12:34:10,"New York, US",0,0
7243,C061,110.78,2025-10-02 12:41:47,"Warszawa, PL",0,0
9598,C010,99.08,2025-10-02 12:42:44,"London, UK",0,0
2387,C087,297.37,2025-10-02 12:43:10,"New York, US",0,0
4110,C092,69.89,2025-10-02 12:49:18,"London, UK",0,0
5364,C069,293.65,2025-10-02 12:53:37,"Kraków, PL",0,0
2815,C022,678.15,2025-10-02 12:54:05,"Warszawa, PL",0,0
875,C050,159.67,2025-10-02 12:54:16,"New York, US",0,0
2320,C038,1408.38,2025-10-02 12:54:34,"Warszawa, PL",0,0
3299,C089,118.09,2025-10-02 12:58:51,"Kraków, PL",0,0
6394,C064,1112.18,2025-10-02 13:03:16,"Warszawa, PL",0,1
8009,C056,5350.26,2025-10-02 13:05:21,"Kraków, PL",0,0
2869,C023,1652.5,2025-10-02 13:11:36,"Kraków, PL",0,0
8816,C041,146.52,2025-10-02 13:12:13,"London, UK",0,0
9193,C069,62.77,2025-10-02 13:12:30,"Kraków, PL",0,0
4151,C039,739.55,2025-10-02 13:15:59,"London, UK",0,0
1396,C064,493.96,2025-10-02 13:22:28,"New York, US",0,0
5424,C074,54.86,2025-10-02 13:26:16,"London, UK",0,0
838,C003,1212.07,2025-10-02 13:29:56,"New York, US",0,1
1833,C074,1387.51,2025-10-02 13:30:55,"London, UK",0,0
2549,C049,72.47,2025-10-02 13:34:53,"New York, US",0,0
3147,C047,679.34,2025-10-02 13:41:19,"London, UK",0,0
8464,C018,672.94,2025-10-02 13:41:59,"London, UK",0,0
8396,C041,295.82,2025-10-02 13:49:22,"London, UK",0,0
8289,C027,81.95,2025-10-02 13:52:41,"New York, US",0,0
1818,C085,174.97,2025-10-02 13:55:24,"Warszawa, PL",0,0
4063,C014,120.46,2025-10-02 13:55:56,"Kraków, PL",0,0
5282,C033,1738.64,2025-10-02 14:02:17,"London, UK",0,0
1603,C009,200.21,2025-10-02 14:02:29,"London, UK",0,0
982,C000,355.83,2025-10-02 14:02:44,"Kraków, PL",0,0
2491,C085,336.32,2025-10-02 14:02:45,"Warszawa, PL",0,0
2364,C014,30.0,2025-10-02 14:02:51,"New York, US",0,0
2609,C058,235.84,2025-10-02 14:03:14,"London, UK",0,0
7235,C055,563.35,2025-10-02 14:03:26,"Kraków, PL",0,0
4850,C059,590.3,2025-10-02 14:10:08,"London, UK",0,1
1126,C068,629.18,2025-10-02 14:14:28,"London, UK",0,0
3872,C079,347.8,2025-10-02 14:15:23,"London, UK",0,0
2266,C042,770.0,2025-10-02 14:25:13,"New York, US",0,1
4689,C016,1208.8,2025-10-02 14:27:08,"Warszawa, PL",0,0
4141,C077,355.47,2025-10-02 14:27:25,"Warszawa, PL",0,0
6729,C013,39.29,2025-10-02 14:27:33,"London, UK",0,0
1222,C015,876.43,2025-10-02 14:27:45,"Kraków, PL",0,0
9734,C085,164.09,2025-10-02 14:29:23,"New York, US",0,0
6685,C062,47.73,2025-10-02 14:38:25,"Kraków, PL",0,1
2055,C042,588.37,2025-10-02 14:41:59,"Kraków, PL",0,0
6154,C089,165.77,2025-10-02 14:48:31,"London, UK",0,0
3836,C036,3589.94,2025-10-02 14:48:52,"Warszawa, PL",0,0
1880,C058,872.02,2025-10-02 14:50:09,"Warszawa, PL",0,0
8489,C039,144.81,2025-10-02 14:50:29,"Warszawa, PL",0,0
9752,C027,1088.97,2025-10-02 15:13:28,"New York, US",0,0
6052,C027,257.88,2025-10-02 15:18:40,"New York, US",0,0
6859,C074,2228.34,2025-10-02 15:23:41,"Kraków, PL",0,0
9729,C028,80.55,2025-10-02 15:31:44,"Kraków, PL",0,0
525,C097,1808.14,2025-10-02 15:31:49,"New York, US",0,0
2611,C038,278.06,2025-10-02 15:34:44,"London, UK",0,0
6380,C015,125.58,2025-10-02 15:35:10,"Kraków, PL",0,0
5445,C019,310.86,2025-10-02 15:47:07,"Warszawa, PL",0,0
3131,C010,2604.65,2025-10-02 15:50:09,"London, UK",0,0
185,C070,1025.64,2025-10-02 15:57:38,"Kraków, PL",0,1
3886,C029,190.18,2025-10-02 15:59:15,"London, UK",0,0
6091,C078,206.23,2025-10-02 15:59:58,"New York, US",0,0
9245,C053,114.95,2025-10-02 16:00:34,"London, UK",0,0
3076,C050,118.1,2025-10-02 16:07:37,"Warszawa, PL",0,0
6527,C083,6803.8,2025-10-02 16:24:37,"London, UK",0,0
7589,C025,435.22,2025-10-02 16:24:49,"Warszawa, PL",0,0
4980,C049,479.99,2025-10-02 16:31:34,"New York, US",0,1
3198,C046,446.24,2025-10-02 16:33:03,"Kraków, PL",0,0
9247,C098,917.27,2025-10-02 16:35:46,"Warszawa, PL",0,0
2638,C044,158.22,2025-10-02 16:38:26,"Warszawa, PL",0,1
9551,C006,65.08,2025-10-02 16:40:18,"New York, US",0,0
1390,C022,197.8,2025-10-02 16:43:28,"Kraków, PL",0,0
9043,C080,268.57,2025-10-02 16:44:08,"Warszawa, PL",0,0
8838,C093,2129.0,2025-10-02 16:48:05,"Warszawa, PL",0,1
1036,C027,847.28,2025-10-02 16:53:42,"Kraków, PL",0,0
2057,C091,306.85,2025-10-02 16:55:59,"Kraków, PL",0,0
3698,C034,3706.28,2025-10-02 17:01:08,"Warszawa, PL",0,1
430,C091,370.6,2025-10-02 17:01:29,"Kraków, PL",1,0
7925,C057,329.59,2025-10-02 17:07:51,"London, UK",0,0
7326,C048,47.93,2025-10-02 17:11:00,"London, UK",0,0
4457,C014,38.96,2025-10-02 17:20:35,"New York, US",0,0
6111,C097,3034.36,2025-10-02 17:24:10,"London, UK",0,0
8733,C062,1243.59,2025-10-02 17:26:47,"New York, US",0,0
233,C027,148.92,2025-10-02 17:28:36,"New York, US",0,0
1729,C015,166.21,2025-10-02 17:29:42,"Kraków, PL",0,0
1651,C048,306.97,2025-10-02 17:32:20,"Warszawa, PL",0,0
1104,C060,79.2,2025-10-02 17:38:45,"Kraków, PL",0,1
4037,C047,1137.55,2025-10-02 17:44:02,"New York, US",0,0
5130,C039,1712.92,2025-10-02 17:49:01,"New York, US",0,0
7422,C039,1609.43,2025-10-02 17:51:31,"London, UK",0,1
9261,C032,943.97,2025-10-02 17:52:08,"Kraków, PL",0,0
4064,C009,259.4,2025-10-02 17:55:10,"London, UK",0,0
6502,C013,610.88,2025-10-02 18:00:53,"Warszawa, PL",1,0
6065,C089,873.76,2025-10-02 18:15:41,"London, UK",0,0
8340,C042,269.01,2025-10-02 18:16:09,"Warszawa, PL",0,0
9157,C079,47.06,2025-10-02 18:29:30,"New York, US",0,0
3701,C074,177.37,2025-10-02 18:32:02,"New York, US",0,0
4708,C096,199.27,2025-10-02 18:44:53,"New York, US",0,0
265,C011,328.48,2025-10-02 18:45:32,"Warszawa, PL",0,0
3178,C067,149.29,2025-10-02 18:46:59,"New York, US",0,0
4904,C079,138.72,2025-10-02 18:48:45,"London, UK",0,0
5739,C030,178.23,2025-10-02 18:50:42,"Kraków, PL",0,0
9018,C011,216.41,2025-10-02 18:51:15,"Kraków, PL",0,0
7344,C020,184.6,2025-10-02 18:54:10,"New York, US",0,0
4578,C016,353.59,2025-10-02 19:04:25,"Warszawa, PL",0,0
1941,C018,444.47,2025-10-02 19:06:07,"Kraków, PL",0,1
7937,C077,367.36,2025-10-02 19:06:08,"Kraków, PL",0,0
7730,C059,17265.78,2025-10-02 19:07:16,"New York, US",0,0
3364,C094,142.53,2025-10-02 19:10:36,"London, UK",0,0
9412,C083,167.32,2025-10-02 19:16:54,"London, UK",0,1
8680,C075,73.13,2025-10-02 19:26:00,"London, UK",0,1
3405,C016,19.31,2025-10-02 19:32:27,"London, UK",0,0
9762,C033,549.66,2025-10-02 19:37:45,"Kraków, PL",0,1
8964,C055,758.04,2025-10-02 19:40:49,"New York, US",0,0
4079,C052,182.11,2025-10-02 19:48:57,"New York, US",0,0
7137,C013,64.89,2025-10-02 19:50:10,"Warszawa, PL",0,0
4991,C079,167.79,2025-10-02 19:57:50,"New York, US",0,0
172,C074,720.25,2025-10-02 19:58:47,"New York, US",0,0
511,C067,1669.44,2025-10-02 19:59:35,"New York, US",0,0
8165,C094,3972.54,2025-10-02 20:01:57,"London, UK",0,0
5759,C096,170.74,2025-10-02 20:02:49,"New York, US",0,1
5869,C041,2407.57,2025-10-02 20:05:30,"Warszawa, PL",0,0
555,C070,186.62,2025-10-02 20:06:15,"London, UK",0,0
5111,C043,198.68,2025-10-02 20:07:06,"New York, US",0,1
8805,C047,1656.13,2025-10-02 20:10:01,"London, UK",0,0
825,C013,491.4,2025-10-02 20:10:56,"New York, US",0,0
3052,C089,7218.17,2025-10-02 20:22:13,"Warszawa, PL",0,1
5257,C013,1977.73,2025-10-02 20:24:45,"New York, US",0,0
5046,C023,79.14,2025-10-02 20:25:19,"London, UK",0,0
2539,C063,319.93,2025-10-02 20:32:21,"Warszawa, PL",0,0
2225,C046,263.61,2025-10-02 20:44:08,"New York, US",0,0
1607,C031,2427.39,2025-10-02 20:49:55,"Warszawa, PL",0,0
588,C050,44.71,2025-10-02 20:52:13,"Kraków, PL",0,0
4091,C076,773.43,2025-10-02 20:52:34,"Warszawa, PL",0,0
9225,C033,129.78,2025-10-02 21:19:19,"Kraków, PL",0,0
3008,C031,662.62,2025-10-02 21:19:31,"Warszawa, PL",0,0
4342,C026,343.73,2025-10-02 21:22:10,"Kraków, PL",0,0
1905,C009,436.66,2025-10-02 21:34:43,"New York, US",0,0
2763,C070,1701.6,2025-10-02 21:39:13,"Kraków, PL",0,0
1147,C033,86.55,2025-10-02 21:40:45,"London, UK",0,0
8644,C045,1545.7,2025-10-02 21:42:19,"Kraków, PL",0,0
5690,C099,338.39,2025-10-02 21:43:25,"Warszawa, PL",0,0
9473,C012,66.09,2025-10-02 21:48:05,"New York, US",0,1
1014,C007,1076.95,2025-10-02 21:58:45,"New York, US",0,0
4763,C061,2653.05,2025-10-02 22:05:46,"New York, US",0,0
5076,C088,601.16,2025-10-02 22:06:21,"Kraków, PL",0,0
6234,C049,619.19,2025-10-02 22:08:48,"London, UK",0,0
8977,C071,227.73,2025-10-02 22:10:41,"London, UK",0,0
8050,C071,87.22,2025-10-02 22:17:15,"Kraków, PL",0,0
1650,C069,121.35,2025-10-02 22:20:45,"London, UK",0,0
4267,C069,210.95,2025-10-02 22:27:00,"New York, US",0,0
8808,C058,44.65,2025-10-02 22:32:15,"Warszawa, PL",0,0
3943,C087,1514.68,2025-10-02 22:32:53,"Kraków, PL",0,0
2903,C078,149.05,2025-10-02 22:35:56,"Warszawa, PL",0,1
1113,C069,622.07,2025-10-02 22:44:08,"Kraków, PL",0,0
7477,C084,205.07,2025-10-02 22:55:27,"Kraków, PL",0,0
4365,C076,935.71,2025-10-02 23:05:11,"London, UK",0,0
4104,C058,192.2,2025-10-02 23:12:46,"New York, US",0,0
7906,C027,329.67,2025-10-02 23:13:26,"Kraków, PL",0,0
1151,C002,189.52,2025-10-02 23:17:50,"New York, US",0,1
9821,C093,16.26,2025-10-02 23:26:59,"New York, US",0,0
6384,C030,625.24,2025-10-02 23:28:49,"London, UK",0,0
9065,C043,123.23,2025-10-02 23:32:02,"New York, US",0,0
8795,C055,128.81,2025-10-02 23:36:04,"Warszawa, PL",0,0
4955,C068,601.78,2025-10-02 23:50:31,"New York, US",0,0
4357,C084,221.55,2025-10-02 23:53:17,"London, UK",0,0
1816,C024,194.16,2025-10-02 23:58:06,"New York, US",0,0
5150,C031,188.95,2025-10-03 00:04:15,"New York, US",0,0
7052,C037,38.77,2025-10-03 00:13:38,"Warszawa, PL",0,0
6316,C013,269.06,2025-10-03 00:18:46,"Warszawa, PL",0,0
1094,C006,107.96,2025-10-03 00:26:11,"Warszawa, PL",0,0
8093,C080,390.84,2025-10-03 00:33:24,"New York, US",0,0
7105,C068,170.62,2025-10-03 00:35:20,"London, UK",0,0
7858,C048,101.41,2025-10-03 00:39:32,"London, UK",0,0
5290,C048,123.65,2025-10-03 00:41:24,"London, UK",0,0
9751,C097,467.76,2025-10-03 01:03:04,"London, UK",0,0
8882,C028,91.1,2025-10-03 01:05:55,"New York, US",0,0
4191,C095,154.5,2025-10-03 01:10:12,"Warszawa, PL",0,1
3377,C074,510.7,2025-10-03 01:14:11,"New York, US",0,0
2230,C031,736.51,2025-10-03 01:15:36,"New York, US",0,0
6105,C087,81.36,2025-10-03 01:31:05,"New York, US",0,0
9884,C095,49.81,2025-10-03 01:32:32,"London, UK",0,0
3067,C002,331.23,2025-10-03 01:41:01,"London, UK",0,0
9871,C008,879.98,2025-10-03 01:43:20,"New York, US",0,0
4607,C017,245.58,2025-10-03 01:45:05,"Warszawa, PL",0,0
8982,C063,112.61,2025-10-03 01:48:37,"Warszawa, PL",0,0
8942,C070,5369.69,2025-10-03 01:48:43,"New York, US",0,0
8465,C078,818.64,2025-10-03 02:02:57,"Warszawa, PL",0,0
7187,C082,266.38,2025-10-03 02:04:48,"London, UK",0,0
7195,C029,262.64,2025-10-03 02:05:11,"London, UK",0,0
6126,C023,10.27,2025-10-03 02:14:42,"New York, US",0,0
6467,C010,363.78,2025-10-03 02:14:48,"London, UK",0,0
640,C046,264.81,2025-10-03 02:21:20,"London, UK",0,0
4871,C001,376.62,2025-10-03 02:28:42,"Warszawa, PL",0,0
8511,C015,363.29,2025-10-03 02:34:08,"Kraków, PL",0,0
1514,C038,961.68,2025-10-03 02:36:05,"Kraków, PL",0,0
6786,C021,210.98,2025-10-03 02:36:15,"Kraków, PL",0,0
2234,C000,76.78,2025-10-03 02:38:11,"Warszawa, PL",0,0
5603,C085,148.38,2025-10-03 02:47:55,"New York, US",0,0
4463,C089,99.91,2025-10-03 02:51:56,"New York, US",0,0
5276,C072,586.42,2025-10-03 02:53:36,"New York, US",1,0
4530,C076,47.48,2025-10-03 03:05:07,"Warszawa, PL",0,1
5134,C093,1276.33,2025-10-03 03:08:24,"Kraków, PL",0,0
987,C091,23.99,2025-10-03 03:15:46,"Warszawa, PL",0,0
3346,C045,46.9,2025-10-03 03:19:00,"New York, US",0,0
786,C048,23.08,2025-10-03 03:20:41,"Kraków, PL",0,0
9088,C070,2587.03,2025-10-03 03:23:38,"New York, US",0,0
3257,C016,89.5,2025-10-03 03:38:00,"London, UK",0,0
4358,C057,80.76,2025-10-03 03:41:54,"New York, US",0,0
9303,C088,174.16,2025-10-03 03:43:40,"New York, US",0,0
7294,C063,4239.47,2025-10-03 03:57:19,"New York, US",0,0
1645,C051,215.23,2025-10-03 04:13:36,"New York, US",0,0
7911,C091,57.4,2025-10-03 04:15:38,"London, UK",0,0
6243,C033,174.88,2025-10-03 04:19:39,"London, UK",0,0
6064,C053,2556.04,2025-10-03 04:23:25,"Kraków, PL",0,0
7964,C059,1255.48,2025-10-03 04:44:03,"Warszawa, PL",0,0
335,C080,180.04,2025-10-03 04:53:17,"New York, US",0,0
712,C043,214.42,2025-10-03 04:57:46,"New York, US",0,0
4658,C030,1347.33,2025-10-03 04:57:50,"Warszawa, PL",0,0
1804,C076,1640.36,2025-10-03 05:09:00,"London, UK",0,0
5517,C010,1992.96,2025-10-03 05:17:48,"New York, US",0,0
3664,C012,118.65,2025-10-03 05:25:19,"Warszawa, PL",0,0
6168,C023,29.86,2025-10-03 05:26:04,"London, UK",0,0
4824,C008,1330.46,2025-10-03 05:31:16,"Warszawa, PL",1,1
8415,C051,63.11,2025-10-03 05:33:30,"Kraków, PL",0,0
4648,C050,3430.0,2025-10-03 05:36:18,"Kraków, PL",0,0
5105,C074,151.99,2025-10-03 05:38:04,"London, UK",0,0
903,C086,326.8,2025-10-03 05:39:03,"London, UK",0,0
1171,C075,1910.07,2025-10-03 05:46:11,"Kraków, PL",0,1
3013,C030,787.56,2025-10-03 05:52:29,"Warszawa, PL",0,1
9865,C085,4145.82,2025-10-03 05:57:42,"New York, US",0,0
5796,C049,127.71,2025-10-03 06:16:23,"Warszawa, PL",0,0
7423,C014,861.55,2025-10-03 06:18:19,"Kraków, PL",0,0
6012,C082,1672.05,2025-10-03 06:23:58,"London, UK",0,0
3331,C039,547.5,2025-10-03 06:24:42,"Warszawa, PL",0,0
2721,C007,147.33,2025-10-03 06:30:35,"New York, US",0,0
5979,C037,626.23,2025-10-03 06:33:11,"Kraków, PL",0,0
6501,C044,115.21,2025-10-03 06:44:22,"Warszawa, PL",0,0
4606,C078,110.46,2025-10-03 06:49:48,"Warszawa, PL",0,1
8825,C095,12.86,2025-10-03 06:51:11,"New York, US",0,0
669,C038,15.82,2025-10-03 06:51:24,"Kraków, PL",0,1
1494,C023,139.68,2025-10-03 06:55:24,"Kraków, PL",0,0
2439,C010,344.86,2025-10-03 06:59:36,"New York, US",0,0
5749,C012,189.8,2025-10-03 06:59:38,"Warszawa, PL",0,0
6815,C040,53.12,2025-10-03 07:03:10,"Warszawa, PL",0,0
6714,C078,32.47,2025-10-03 07:05:40,"Warszawa, PL",0,0
464,C075,5338.12,2025-10-03 07:07:54,"Warszawa, PL",0,0
6036,C053,377.12,2025-10-03 07:09:08,"Warszawa, PL",0,0
8502,C039,3099.21,2025-10-03 07:10:42,"Warszawa, PL",0,0
4754,C053,284.1,2025-10-03 07:13:18,"New York, US",0,0
2288,C038,2017.22,2025-10-03 07:16:55,"New York, US",0,0
8915,C061,12.55,2025-10-03 07:25:26,"New York, US",0,0
2368,C075,504.14,2025-10-03 07:28:48,"London, UK",0,0
6520,C022,605.12,2025-10-03 07:32:09,"Kraków, PL",0,0
7448,C070,54.98,2025-10-03 07:34:39,"Warszawa, PL",0,0
8621,C089,451.09,2025-10-03 07:36:07,"Warszawa, PL",0,0
8088,C007,1768.52,2025-10-03 07:38:51,"Warszawa, PL",0,0
8665,C094,495.3,2025-10-03 07:42:11,"Kraków, PL",0,0
1208,C089,865.5,2025-10-03 07:46:11,"Warszawa, PL",0,0
1145,C058,270.12,2025-10-03 07:46:51,"New York, US",0,1
2642,C029,198.2,2025-10-03 07:52:01,"London, UK",0,1
6887,C062,367.84,2025-10-03 08:14:16,"New York, US",0,0
446,C090,979.51,2025-10-03 08:19:04,"London, UK",0,0
3295,C072,999.76,2025-10-03 08:23:16,"New York, US",0,1
1690,C030,381.27,2025-10-03 08:23:27,"London, UK",0,0
1970,C001,1256.45,2025-10-03 08:25:05,"Warszawa, PL",0,0
8166,C083,982.98,2025-10-03 08:25:23,"New York, US",0,1
8002,C094,1922.65,2025-10-03 08:26:13,"Warszawa, PL",0,0
7129,C010,442.02,2025-10-03 08:33:18,"Warszawa, PL",0,0
1624,C060,797.22,2025-10-03 08:33:34,"Kraków, PL",0,0
3302,C008,522.31,2025-10-03 08:33:34,"New York, US",0,0
5881,C049,80.04,2025-10-03 08:39:57,"Kraków, PL",0,0
7009,C073,98.97,2025-10-03 08:40:50,"London, UK",0,0
3721,C030,663.49,2025-10-03 08:41:35,"London, UK",0,0
5758,C065,654.25,2025-10-03 08:46:15,"London, UK",0,0
7111,C095,45.32,2025-10-03 08:50:31,"New York, US",0,1
8280,C071,359.85,2025-10-03 08:51:03,"New York, US",0,0
2065,C030,330.84,2025-10-03 08:54:18,"Warszawa, PL",0,0
574,C070,525.88,2025-10-03 08:58:54,"Kraków, PL",0,0
5347,C017,78.09,2025-10-03 08:59:18,"London, UK",0,0
7552,C073,273.62,2025-10-03 09:05:03,"Kraków, PL",0,1
9731,C042,1060.23,2025-10-03 09:07:12,"Kraków, PL",0,0
1991,C080,220.75,2025-10-03 09:09:44,"New York, US",0,1
9803,C015,2469.78,2025-10-03 09:11:51,"New York, US",0,0
5359,C094,2872.65,2025-10-03 09:12:27,"New York, US",0,0
4205,C042,264.65,2025-10-03 09:12:43,"New York, US",0,0
6218,C077,62.98,2025-10-03 09:13:10,"Kraków, PL",0,0
4239,C027,220.8,2025-10-03 09:22:54,"Kraków, PL",0,0
9425,C084,392.52,2025-10-03 09:24:14,"Warszawa, PL",0,0
9712,C093,134.52,2025-10-03 09:27:32,"London, UK",0,0
841,C080,759.2,2025-10-03 09:33:36,"New York, US",0,0
6600,C069,122.21,2025-10-03 09:34:19,"London, UK",0,0
9217,C051,387.2,2025-10-03 09:36:35,"Kraków, PL",0,0
9474,C061,326.14,2025-10-03 09:42:34,"London, UK",0,0
3465,C020,41.48,2025-10-03 09:48:21,"Warszawa, PL",0,1
8040,C075,1067.25,2025-10-03 09:57:45,"Kraków, PL",0,0
6964,C064,126.13,2025-10-03 09:59:59,"London, UK",0,0
1529,C069,672.56,2025-10-03 10:10:11,"Warszawa, PL",0,1
3197,C088,478.32,2025-10-03 10:20:26,"London, UK",0,0
3844,C035,700.38,2025-10-03 10:20:58,"London, UK",0,1
1133,C004,173.6,2025-10-03 10:24:27,"Kraków, PL",0,0
1085,C064,643.9,2025-10-03 10:28:01,"Warszawa, PL",0,0
5483,C096,955.22,2025-10-03 10:33:52,"Kraków, PL",0,0
7975,C002,442.32,2025-10-03 10:41:59,"Kraków, PL",0,1
1864,C006,33.65,2025-10-03 10:46:19,"London, UK",0,0
2552,C081,55.19,2025-10-03 10:51:15,"London, UK",0,0
961,C006,13.35,2025-10-03 10:52:56,"New York, US",0,0
3452,C076,26.33,2025-10-03 10:58:10,"London, UK",0,0
5636,C078,388.58,2025-10-03 11:00:27,"Kraków, PL",0,1
3912,C018,2363.66,2025-10-03 11:01:58,"New York, US",0,0
9517,C058,239.33,2025-10-03 11:02:57,"London, UK",0,0
9997,C049,477.67,2025-10-03 11:05:47,"New York, US",0,0
5018,C083,3788.5,2025-10-03 11:06:08,"Warszawa, PL",0,0
7587,C021,620.91,2025-10-03 11:13:05,"New York, US",1,0
6074,C062,191.62,2025-10-03 11:20:12,"London, UK",0,0
7688,C032,112.31,2025-10-03 11:24:56,"Warszawa, PL",0,0
7176,C070,437.53,2025-10-03 11:28:20,"London, UK",0,0
6647,C096,342.19,2025-10-03 11:28:33,"New York, US",0,0
1940,C089,3841.77,2025-10-03 11:32:45,"New York, US",0,0
9986,C035,9039.44,2025-10-03 11:34:23,"Kraków, PL",0,0
9947,C094,986.25,2025-10-03 11:41:25,"Warszawa, PL",0,0
466,C018,32.97,2025-10-03 11:46:59,"Kraków, PL",0,0
9929,C090,3632.59,2025-10-03 11:56:00,"London, UK",0,0
9668,C016,97.76,2025-10-03 11:56:38,"New York, US",0,0
6927,C048,1505.18,2025-10-03 12:02:57,"Warszawa, PL",0,0
5735,C090,532.23,2025-10-03 12:04:26,"Kraków, PL",0,0
9387,C086,40.17,2025-10-03 12:07:44,"Warszawa, PL",0,0
8010,C096,319.99,2025-10-03 12:09:30,"London, UK",0,0
3977,C061,1732.05,2025-10-03 12:11:51,"New York, US",0,1
5841,C016,61.47,2025-10-03 12:14:29,"Kraków, PL",0,0
8078,C098,721.33,2025-10-03 12:15:43,"New York, US",0,1
6705,C030,257.21,2025-10-03 12:17:46,"Warszawa, PL",0,0
8347,C065,1058.01,2025-10-03 12:19:25,"London, UK",0,1
668,C053,704.9,2025-10-03 12:25:57,"Kraków, PL",0,0
658,C023,690.07,2025-10-03 12:34:56,"Warszawa, PL",0,0
1356,C083,33.19,2025-10-03 12:37:40,"Kraków, PL",0,0
5498,C016,3167.13,2025-10-03 12:37:46,"London, UK",0,0
4013,C048,1098.39,2025-10-03 12:38:47,"Warszawa, PL",0,0
3366,C096,6571.85,2025-10-03 12:43:27,"Warszawa, PL",0,0
6907,C080,341.63,2025-10-03 12:52:21,"Warszawa, PL",0,0
4208,C045,984.25,2025-10-03 13:00:54,"New York, US",0,0
6439,C015,7721.62,2025-10-03 13:08:38,"New York, US",0,0
579,C005,32.08,2025-10-03 13:11:29,"Kraków, PL",0,0
3267,C013,1895.1,2025-10-03 13:28:49,"London, UK",0,0
7306,C026,138.03,2025-10-03 13:29:00,"Warszawa, PL",0,0
9019,C054,183.58,2025-10-03 13:30:29,"New York, US",0,0
4744,C092,2852.99,2025-10-03 13:35:49,"Warszawa, PL",0,0
3027,C066,164.14,2025-10-03 13:39:10,"London, UK",0,0
184,C031,132.75,2025-10-03 13:42:48,"New York, US",0,0
8752,C098,460.15,2025-10-03 13:46:00,"Warszawa, PL",0,0
7882,C020,481.29,2025-10-03 13:57:09,"New York, US",0,0
3212,C088,3308.44,2025-10-03 14:03:15,"Warszawa, PL",0,0
7277,C008,211.86,2025-10-03 14:15:17,"Warszawa, PL",0,0
7118,C096,1195.14,2025-10-03 14:24:47,"Kraków, PL",0,0
2943,C049,7.33,2025-10-03 14:31:09,"New York, US",0,0
1819,C027,920.92,2025-10-03 14:32:13,"London, UK",0,0
9048,C095,1303.66,2025-10-03 14:39:59,"Warszawa, PL",0,0
4279,C000,793.41,2025-10-03 14:40:29,"New York, US",0,0
2201,C000,67.28,2025-10-03 14:48:01,"London, UK",0,0
6696,C055,228.27,2025-10-03 15:06:44,"London, UK",0,0
8981,C062,279.58,2025-10-03 15:08:10,"Kraków, PL",0,0
6610,C059,655.88,2025-10-03 15:19:15,"Warszawa, PL",0,0
428,C087,343.2,2025-10-03 15:27:54,"Warszawa, PL",0,0
5459,C065,12205.22,2025-10-03 15:30:34,"London, UK",0,0
7123,C031,251.52,2025-10-03 15:33:40,"New York, US",0,0
6611,C044,782.96,2025-10-03 15:34:00,"Kraków, PL",0,0
8,C066,406.6,2025-10-03 15:35:11,"Kraków, PL",0,1
6691,C068,3641.85,2025-10-03 15:44:28,"Kraków, PL",0,0
6813,C070,754.67,2025-10-03 15:47:12,"Warszawa, PL",0,0
5856,C056,28.28,2025-10-03 15:48:10,"Warszawa, PL",1,0
485,C012,1148.42,2025-10-03 16:03:22,"Warszawa, PL",0,0
3038,C017,1974.46,2025-10-03 16:12:39,"London, UK",0,0
7379,C079,15140.0,2025-10-03 16:14:46,"Kraków, PL",0,0
7734,C007,429.32,2025-10-03 16:20:39,"Warszawa, PL",0,1
6848,C030,135.72,2025-10-03 16:22:14,"Kraków, PL",0,0
3269,C097,17.66,2025-10-03 16:23:45,"New York, US",0,0
2426,C052,42.94,2025-10-03 16:23:59,"Kraków, PL",0,0
7140,C093,739.06,2025-10-03 16:25:00,"London, UK",0,0
9903,C017,6218.49,2025-10-03 16:30:07,"Kraków, PL",0,0
8706,C071,173.98,2025-10-03 16:36:20,"Kraków, PL",0,0
4158,C046,532.7,2025-10-03 16:50:46,"New York, US",0,0
2059,C027,1817.73,2025-10-03 16:51:48,"Warszawa, PL",0,0
422,C064,97.84,2025-10-03 16:54:42,"London, UK",0,0
7829,C037,68.64,2025-10-03 16:58:28,"New York, US",0,0
2902,C005,1595.57,2025-10-03 17:01:02,"Warszawa, PL",0,0
140,C040,1259.03,2025-10-03 17:03:34,"Warszawa, PL",0,0
8082,C002,24.1,2025-10-03 17:08:43,"London, UK",0,0
9205,C000,187.98,2025-10-03 17:08:59,"Warszawa, PL",0,0
5171,C073,494.56,2025-10-03 17:12:26,"London, UK",0,0
9008,C050,247.79,2025-10-03 17:13:46,"New York, US",0,0
8763,C030,1535.87,2025-10-03 17:14:33,"New York, US",0,0
1317,C027,263.82,2025-10-03 17:15:11,"London, UK",0,0
8207,C061,1158.72,2025-10-03 17:19:33,"New York, US",0,0
6219,C064,43.29,2025-10-03 17:23:11,"Warszawa, PL",0,0
8532,C038,2401.9,2025-10-03 17:30:43,"New York, US",0,0
2165,C064,2219.11,2025-10-03 17:46:21,"Kraków, PL",0,0
7484,C000,197.49,2025-10-03 17:52:45,"London, UK",0,0
5858,C003,317.89,2025-10-03 17:53:19,"London, UK",0,1
1449,C091,1713.9,2025-10-03 17:53:34,"New York, US",0,0
2431,C077,548.83,2025-10-03 17:54:08,"Kraków, PL",0,0
4312,C082,82.21,2025-10-03 17:58:30,"New York, US",0,0
1762,C020,18.78,2025-10-03 17:59:54,"New York, US",0,0
9145,C089,343.03,2025-10-03 18:13:09,"Kraków, PL",0,0
8425,C045,112.12,2025-10-03 18:17:08,"London, UK",0,0
4244,C025,103.91,2025-10-03 18:26:16,"Kraków, PL",0,0
5273,C081,246.54,2025-10-03 18:31:56,"New York, US",0,1
174,C070,64.26,2025-10-03 18:34:20,"Kraków, PL",0,0
1412,C052,36.25,2025-10-03 18:35:51,"New York, US",1,0
2959,C069,159.47,2025-10-03 18:36:58,"Warszawa, PL",0,0
8471,C045,83.17,2025-10-03 18:38:02,"New York, US",0,0
98,C013,43.98,2025-10-03 18:43:52,"New York, US",0,0
8080,C089,836.23,2025-10-03 18:50:19,"Warszawa, PL",0,0
5136,C072,92.08,2025-10-03 18:53:33,"Kraków, PL",0,0
3690,C048,545.15,2025-10-03 18:54:44,"Kraków, PL",0,0
6345,C044,2232.32,2025-10-03 18:59:39,"London, UK",0,0
1125,C011,97.07,2025-10-03 19:00:21,"Warszawa, PL",0,0
8406,C012,528.78,2025-10-03 19:07:45,"New York, US",0,1
2785,C081,128.09,2025-10-03 19:11:20,"Warszawa, PL",0,0
3816,C002,752.71,2025-10-03 19:17:29,"London, UK",0,0
7107,C033,58.6,2025-10-03 19:19:31,"Warszawa, PL",0,0
4856,C048,134.55,2025-10-03 19:21:49,"London, UK",0,0
5023,C076,127.78,2025-10-03 19:31:53,"Kraków, PL",0,0
4959,C017,44.56,2025-10-03 19:36:21,"London, UK",0,0
8989,C008,1404.92,2025-10-03 19:36:30,"Kraków, PL",0,0
2163,C082,171.74,2025-10-03 19:40:45,"Warszawa, PL",0,0
402,C028,165.23,2025-10-03 19:44:48,"Warszawa, PL",1,0
7948,C082,1391.09,2025-10-03 19:46:06,"Kraków, PL",0,0
9469,C068,327.04,2025-10-03 19:57:07,"Kraków, PL",0,0
6663,C071,290.11,2025-10-03 19:58:31,"London, UK",0,1
8722,C083,3369.87,2025-10-03 20:02:58,"Warszawa, PL",0,0
4427,C089,1270.98,2025-10-03 20:04:46,"London, UK",0,0
6008,C020,260.59,2025-10-03 20:05:41,"Kraków, PL",0,0
4478,C055,152.45,2025-10-03 20:08:02,"Kraków, PL",0,1
7596,C075,538.04,2025-10-03 20:19:16,"Kraków, PL",0,0
2253,C055,4898.75,2025-10-03 20:20:09,"London, UK",0,0
5584,C071,2697.12,2025-10-03 20:25:43,"Kraków, PL",0,0
5899,C002,69.95,2025-10-03 20:28:21,"New York, US",0,0
5926,C060,872.83,2025-10-03 20:29:49,"New York, US",0,0
8917,C032,19.89,2025-10-03 20:35:30,"Warszawa, PL",0,1
8999,C032,353.1,2025-10-03 20:36:31,"New York, US",0,0
828,C004,113.86,2025-10-03 20:43:09,"Warszawa, PL",0,0
539,C051,23586.98,2025-10-03 20:46:32,"New York, US",0,0
2492,C010,2109.86,2025-10-03 20:52:20,"New York, US",0,0
3224,C035,273.02,2025-10-03 20:53:05,"Warszawa, PL",0,0
9371,C076,3471.03,2025-10-03 20:54:43,"London, UK",0,0
8021,C069,448.09,2025-10-03 20:55:56,"New York, US",0,0
5588,C011,936.45,2025-10-03 20:56:30,"Kraków, PL",0,0
4570,C092,143.77,2025-10-03 21:01:45,"Warszawa, PL",0,0
9578,C069,137.07,2025-10-03 21:07:15,"London, UK",0,0
1840,C038,380.7,2025-10-03 21:09:41,"Warszawa, PL",0,0
9059,C026,237.37,2025-10-03 21:11:47,"Warszawa, PL",0,1
3544,C028,102.08,2025-10-03 21:15:43,"Kraków, PL",0,0
3602,C014,497.51,2025-10-03 21:17:23,"Kraków, PL",0,0
3981,C003,414.13,2025-10-03 21:18:02,"Warszawa, PL",0,0
3535,C017,212.19,2025-10-03 21:18:40,"Warszawa, PL",0,0
261,C083,599.99,2025-10-03 21:19:07,"Warszawa, PL",0,0
1355,C008,209.15,2025-10-03 21:19:08,"New York, US",0,0
7456,C023,33.05,2025-10-03 21:23:16,"New York, US",0,0
2438,C021,1565.15,2025-10-03 21:30:03,"Warszawa, PL",0,0
8479,C028,205.62,2025-10-03 21:30:17,"New York, US",0,1
289,C091,73.62,2025-10-03 21:30:51,"Kraków, PL",0,0
4836,C084,282.88,2025-10-03 21:31:14,"Warszawa, PL",0,1
5895,C094,12.18,2025-10-03 21:41:34,"New York, US",0,0
4612,C036,318.23,2025-10-03 21:42:20,"London, UK",0,0
633,C027,1157.2,2025-10-03 21:43:31,"London, UK",0,0
7853,C022,297.13,2025-10-03 21:49:25,"London, UK",0,0
4067,C063,734.1,2025-10-03 21:53:31,"Kraków, PL",0,0
833,C098,660.78,2025-10-03 21:59:51,"New York, US",0,0
1582,C030,3044.83,2025-10-03 22:00:40,"New York, US",0,0
5224,C058,1054.8,2025-10-03 22:01:05,"Warszawa, PL",0,0
9755,C056,262.63,2025-10-03 22:01:17,"New York, US",0,0
3965,C081,1819.12,2025-10-03 22:02:04,"New York, US",0,0
3383,C006,544.67,2025-10-03 22:20:46,"Kraków, PL",0,0
9998,C030,617.13,2025-10-03 22:22:00,"London, UK",0,0
9605,C065,672.66,2025-10-03 22:24:41,"Warszawa, PL",0,1
267,C038,1283.67,2025-10-03 22:28:03,"Kraków, PL",0,0
4217,C089,160.51,2025-10-03 22:42:09,"Warszawa, PL",0,0
4477,C019,283.62,2025-10-03 22:43:34,"London, UK",0,0
3505,C049,327.73,2025-10-03 22:46:11,"New York, US",0,0
3279,C078,590.17,2025-10-03 22:48:35,"New York, US",0,0
9912,C018,150.38,2025-10-03 22:57:21,"Warszawa, PL",0,0
2478,C077,513.5,2025-10-03 22:59:00,"New York, US",0,1
8370,C071,1134.14,2025-10-03 23:04:53,"Kraków, PL",0,0
6352,C038,214.19,2025-10-03 23:06:21,"Kraków, PL",0,0
4456,C000,102.7,2025-10-03 23:08:48,"Kraków, PL",0,0
6870,C091,423.89,2025-10-03 23:11:28,"New York, US",0,0
4890,C027,82.18,2025-10-03 23:13:25,"Kraków, PL",0,0
462,C019,382.99,2025-10-03 23:18:56,"London, UK",0,1
2016,C081,31.66,2025-10-03 23:19:00,"London, UK",0,0
8126,C065,2152.33,2025-10-03 23:22:00,"New York, US",0,0
3523,C022,235.14,2025-10-03 23:28:03,"London, UK",0,0
9635,C016,1705.91,2025-10-03 23:34:22,"Warszawa, PL",0,0
1434,C025,7997.55,2025-10-03 23:41:27,"London, UK",0,1
7732,C028,294.41,2025-10-03 23:42:08,"Warszawa, PL",0,0
8442,C074,246.61,2025-10-03 23:51:49,"London, UK",0,0
6072,C019,16.19,2025-10-04 00:00:27,"New York, US",0,0
3176,C067,1725.82,2025-10-04 00:03:28,"London, UK",0,0
1114,C028,24.04,2025-10-04 00:08:17,"Warszawa, PL",0,0
3258,C036,147.42,2025-10-04 00:09:14,"Kraków, PL",0,0
2403,C017,63.17,2025-10-04 00:14:23,"London, UK",0,0
8281,C028,247.26,2025-10-04 00:19:12,"Kraków, PL",0,1
8908,C041,74.89,2025-10-04 00:22:13,"Kraków, PL",0,0
7410,C053,449.08,2025-10-04 00:23:34,"New York, US",0,1
6530,C018,880.85,2025-10-04 00:30:30,"Warszawa, PL",0,0
2464,C008,14.65,2025-10-04 00:31:52,"London, UK",0,0
313,C019,1166.32,2025-10-04 00:36:56,"Kraków, PL",0,0
5212,C011,75.11,2025-10-04 00:37:57,"New York, US",0,0
3697,C027,249.35,2025-10-04 00:39:43,"London, UK",1,0
5040,C013,229.04,2025-10-04 00:48:04,"Kraków, PL",0,0
4620,C069,287.99,2025-10-04 00:49:59,"Warszawa, PL",0,0
6724,C049,476.91,2025-10-04 00:51:06,"New York, US",1,0
2029,C027,845.72,2025-10-04 00:52:34,"Kraków, PL",0,0
7311,C067,1540.93,2025-10-04 00:53:32,"Warszawa, PL",0,0
9440,C040,5602.6,2025-10-04 01:02:05,"Kraków, PL",0,0
3570,C071,11560.66,2025-10-04 01:02:19,"New York, US",0,0
5866,C030,459.01,2025-10-04 01:04:07,"Kraków, PL",0,0
4624,C057,675.36,2025-10-04 01:05:05,"Kraków, PL",0,0
4781,C010,354.08,2025-10-04 01:08:27,"Warszawa, PL",0,0
9805,C087,167.26,2025-10-04 01:11:44,"London, UK",1,0
1539,C001,842.03,2025-10-04 01:14:23,"New York, US",0,0
5400,C006,9.99,2025-10-04 01:16:46,"Kraków, PL",0,0
7669,C044,69.97,2025-10-04 01:20:39,"Warszawa, PL",0,0
2608,C023,14150.55,2025-10-04 01:25:18,"London, UK",0,0
207,C028,538.22,2025-10-04 01:26:22,"London, UK",0,0
5305,C065,199.05,2025-10-04 01:33:40,"London, UK",0,0
8438,C074,42.17,2025-10-04 01:48:13,"New York, US",0,1
556,C021,11395.88,2025-10-04 02:00:05,"Kraków, PL",0,0
7460,C097,239.28,2025-10-04 02:09:26,"New York, US",0,0
8176,C066,142.64,2025-10-04 02:09:27,"Warszawa, PL",0,0
7357,C053,1491.17,2025-10-04 02:11:15,"Kraków, PL",0,0
3865,C096,364.66,2025-10-04 02:17:02,"New York, US",0,0
413,C047,4086.08,2025-10-04 02:21:01,"London, UK",0,1
8679,C027,203.28,2025-10-04 02:22:21,"Warszawa, PL",0,0
8374,C038,24121.77,2025-10-04 02:23:27,"Warszawa, PL",0,0
9291,C091,27.7,2025-10-04 02:27:01,"Warszawa, PL",0,0
6077,C081,95.65,2025-10-04 02:27:27,"Kraków, PL",0,0
2468,C007,2276.91,2025-10-04 02:31:34,"Kraków, PL",0,1
4300,C030,1751.48,2025-10-04 03:00:13,"London, UK",0,0
3859,C050,33.09,2025-10-04 03:02:17,"New York, US",0,0
3964,C014,52.35,2025-10-04 03:04:16,"New York, US",0,0
5394,C087,155.03,2025-10-04 03:05:13,"New York, US",0,0
5706,C004,1021.67,2025-10-04 03:10:54,"Kraków, PL",0,0
3114,C072,90.14,2025-10-04 03:20:22,"Warszawa, PL",0,0
7899,C005,274.72,2025-10-04 03:22:51,"London, UK",0,0
1972,C025,470.55,2025-10-04 03:24:42,"Kraków, PL",0,0
1131,C039,577.39,2025-10-04 03:29:12,"London, UK",0,0
431,C088,2812.87,2025-10-04 03:31:23,"Warszawa, PL",0,0
6279,C017,322.3,2025-10-04 03:38:41,"London, UK",0,0
5280,C007,955.7,2025-10-04 03:43:00,"London, UK",0,0
2244,C046,4575.71,2025-10-04 03:45:05,"Kraków, PL",0,0
6030,C084,245.64,2025-10-04 03:49:00,"Warszawa, PL",0,0
8775,C093,887.22,2025-10-04 03:51:19,"New York, US",0,0
5598,C003,913.91,2025-10-04 03:53:08,"New York, US",0,0
7419,C086,50.11,2025-10-04 03:55:58,"Kraków, PL",0,0
4448,C018,2871.85,2025-10-04 03:57:11,"Kraków, PL",0,0
8983,C045,129.52,2025-10-04 03:57:33,"Kraków, PL",0,0
4394,C007,62.03,2025-10-04 04:05:37,"Warszawa, PL",0,0
1363,C011,2769.31,2025-10-04 04:15:53,"New York, US",0,0
1677,C030,700.64,2025-10-04 04:17:15,"Kraków, PL",0,0
1042,C089,336.93,2025-10-04 04:17:40,"Kraków, PL",0,0
4019,C037,62.94,2025-10-04 04:18:39,"London, UK",0,1
1062,C074,1863.64,2025-10-04 04:20:06,"Kraków, PL",0,0
9411,C041,709.26,2025-10-04 04:23:49,"New York, US",0,0
4203,C055,375.34,2025-10-04 04:35:17,"New York, US",0,0
1879,C094,72.04,2025-10-04 04:35:29,"New York, US",0,0
4333,C067,693.94,2025-10-04 04:49:20,"New York, US",0,0
9353,C024,29.6,2025-10-04 04:49:53,"London, UK",0,0
690,C034,706.11,2025-10-04 04:54:00,"London, UK",0,0
3317,C071,413.49,2025-10-04 04:57:52,"London, UK",0,0
6015,C068,396.24,2025-10-04 05:33:25,"New York, US",0,0
3627,C009,393.42,2025-10-04 05:37:26,"London, UK",0,0
2050,C011,66.06,2025-10-04 05:43:29,"New York, US",0,0
8089,C031,4486.37,2025-10-04 05:45:05,"London, UK",0,0
2183,C040,204.96,2025-10-04 05:46:23,"London, UK",0,0
4434,C024,208.54,2025-10-04 05:55:34,"London, UK",0,0
2010,C088,61.89,2025-10-04 06:08:44,"Kraków, PL",0,0
2370,C067,3215.83,2025-10-04 06:14:15,"Warszawa, PL",0,0
9642,C074,43.7,2025-10-04 06:21:26,"London, UK",0,0
2777,C051,624.54,2025-10-04 06:22:05,"London, UK",0,0
1461,C026,365.12,2025-10-04 06:23:10,"New York, US",0,0
7315,C061,312.96,2025-10-04 06:24:10,"New York, US",0,0
6368,C090,58.9,2025-10-04 06:25:22,"Kraków, PL",0,0
6574,C068,113.59,2025-10-04 06:34:13,"Kraków, PL",0,0
6144,C079,3925.08,2025-10-04 06:34:14,"London, UK",0,1
135,C053,2203.15,2025-10-04 06:41:46,"London, UK",0,0
2728,C064,70.14,2025-10-04 06:48:10,"Warszawa, PL",0,0
9546,C082,415.73,2025-10-04 06:48:43,"Kraków, PL",0,0
9522,C027,1453.68,2025-10-04 06:56:10,"Warszawa, PL",0,0
4694,C006,914.15,2025-10-04 06:57:13,"Warszawa, PL",0,0
7190,C062,61.08,2025-10-04 07:03:33,"London, UK",0,0
3396,C022,26.36,2025-10-04 07:04:15,"London, UK",0,0
3668,C072,171.85,2025-10-04 07:08:07,"Kraków, PL",0,0
336,C078,1170.26,2025-10-04 07:10:26,"Warszawa, PL",0,0
7249,C066,76.78,2025-10-04 07:15:36,"New York, US",0,0
9389,C099,68.59,2025-10-04 07:16:23,"Warszawa, PL",0,0
1878,C086,1374.52,2025-10-04 07:16:43,"London, UK",0,0
8282,C086,1316.62,2025-10-04 07:21:40,"Warszawa, PL",0,0
7343,C047,2520.31,2025-10-04 07:26:02,"Kraków, PL",0,0
4535,C081,1590.78,2025-10-04 07:29:06,"Warszawa, PL",0,0
2749,C016,454.07,2025-10-04 07:30:59,"Kraków, PL",0,0
8365,C071,419.37,2025-10-04 07:38:03,"New York, US",0,0
4038,C015,101.44,2025-10-04 07:44:01,"London, UK",0,0
4867,C021,156.49,2025-10-04 07:51:27,"London, UK",0,0
4726,C031,271.08,2025-10-04 07:54:20,"Warszawa, PL",0,0
8529,C044,149.54,2025-10-04 07:54:27,"New York, US",0,0
30,C017,10580.77,2025-10-04 08:01:47,"New York, US",1,0
2928,C001,589.5,2025-10-04 08:02:44,"Kraków, PL",0,0
7092,C024,75.99,2025-10-04 08:11:09,"London, UK",0,0
4085,C078,5241.07,2025-10-04 08:11:54,"London, UK",0,0
3985,C067,844.29,2025-10-04 08:12:52,"Kraków, PL",0,0
3640,C099,2490.0,2025-10-04 08:16:44,"Kraków, PL",0,0
4797,C088,1372.59,2025-10-04 08:18:57,"Warszawa, PL",0,0
8548,C044,913.93,2025-10-04 08:22:35,"New York, US",0,1
4909,C018,277.83,2025-10-04 08:25:41,"London, UK",1,0
7494,C031,1658.06,2025-10-04 08:26:39,"London, UK",0,0
8941,C021,25.08,2025-10-04 08:37:49,"Kraków, PL",0,0
5939,C048,2156.94,2025-10-04 08:43:49,"New York, US",0,0
571,C093,198.54,2025-10-04 08:50:08,"Warszawa, PL",0,0
4775,C097,4147.9,2025-10-04 08:51:26,"New York, US",0,0
5999,C060,1966.13,2025-10-04 08:55:02,"Kraków, PL",0,0
6226,C000,298.49,2025-10-04 09:01:06,"Warszawa, PL",0,0
1391,C066,124.47,2025-10-04 09:03:37,"Kraków, PL",0,1
1334,C067,75.53,2025-10-04 09:06:30,"Warszawa, PL",0,0
9980,C061,118.51,2025-10-04 09:09:09,"New York, US",0,0
5563,C041,2749.22,2025-10-04 09:12:13,"Warszawa, PL",0,0
6536,C022,262.28,2025-10-04 09:13:35,"London, UK",0,0
8970,C032,823.73,2025-10-04 09:18:15,"Kraków, PL",0,0
1928,C041,392.15,2025-10-04 09:19:32,"New York, US",0,0
5464,C047,1154.1,2025-10-04 09:20:14,"Warszawa, PL",0,0
8596,C006,729.39,2025-10-04 09:20:53,"Warszawa, PL",0,1
6679,C025,1095.91,2025-10-04 09:21:15,"New York, US",0,0
327,C040,107.73,2025-10-04 09:21:34,"Warszawa, PL",0,0
1974,C037,181.04,2025-10-04 09:25:05,"London, UK",0,0
5442,C078,429.42,2025-10-04 09:30:10,"Kraków, PL",0,0
5870,C015,480.79,2025-10-04 09:33:55,"Kraków, PL",0,0
3861,C006,1120.81,2025-10-04 09:47:47,"London, UK",0,0
8898,C070,240.75,2025-10-04 09:49:05,"London, UK",0,0
4084,C004,987.82,2025-10-04 09:56:09,"London, UK",0,0
1038,C082,348.29,2025-10-04 10:02:03,"London, UK",0,0
41,C094,89.65,2025-10-04 10:02:16,"Warszawa, PL",0,0
4453,C061,128.95,2025-10-04 10:04:06,"Warszawa, PL",0,0
7687,C077,45.66,2025-10-04 10:08:11,"London, UK",0,1
4645,C060,5601.5,2025-10-04 10:11:47,"Kraków, PL",0,0
6447,C039,37.88,2025-10-04 10:18:08,"Warszawa, PL",0,0
1160,C038,2819.04,2025-10-04 10:21:09,"Kraków, PL",0,1
5794,C017,494.91,2025-10-04 10:25:18,"Warszawa, PL",0,0
2990,C051,17293.66,2025-10-04 10:26:47,"London, UK",0,0
6296,C064,178.52,2025-10-04 10:28:43,"Warszawa, PL",0,0
4230,C057,32.74,2025-10-04 10:29:09,"Warszawa, PL",0,0
3478,C009,253.61,2025-10-04 10:37:47,"Warszawa, PL",0,0
8929,C044,375.38,2025-10-04 10:39:51,"Kraków, PL",0,0
6039,C041,822.57,2025-10-04 10:47:48,"Warszawa, PL",0,0
7427,C092,3149.99,2025-10-04 10:48:38,"London, UK",0,0
488,C049,2202.36,2025-10-04 10:56:56,"New York, US",0,0
9100,C044,439.88,2025-10-04 10:57:42,"Warszawa, PL",0,0
2637,C026,172.69,2025-10-04 11:03:01,"Warszawa, PL",0,0
7476,C028,669.51,2025-10-04 11:04:31,"New York, US",0,0
2232,C006,2342.86,2025-10-04 11:09:18,"Warszawa, PL",0,1
6334,C088,109.71,2025-10-04 11:11:43,"London, UK",0,0
3997,C012,124.83,2025-10-04 11:15:01,"Kraków, PL",0,0
7585,C045,1599.77,2025-10-04 11:28:16,"London, UK",0,0
9756,C065,243.36,2025-10-04 11:28:39,"Kraków, PL",0,0
7731,C013,1074.21,2025-10-04 11:38:18,"Kraków, PL",0,0
8253,C009,211.17,2025-10-04 11:45:00,"Warszawa, PL",0,0
7982,C061,77.18,2025-10-04 11:47:17,"New York, US",0,0
2317,C039,887.06,2025-10-04 11:48:55,"New York, US",0,0
7487,C072,375.75,2025-10-04 11:58:39,"New York, US",0,0
7295,C065,606.6,2025-10-04 12:03:14,"London, UK",0,0
5327,C011,687.74,2025-10-04 12:25:51,"London, UK",0,0
9701,C071,14.05,2025-10-04 12:31:26,"London, UK",0,0
7270,C036,5426.17,2025-10-04 12:32:49,"London, UK",0,0
9072,C048,1089.32,2025-10-04 12:33:35,"London, UK",0,0
722,C054,2495.0,2025-10-04 12:38:11,"London, UK",0,0
719,C096,373.15,2025-10-04 12:46:08,"New York, US",0,0
1593,C050,84264.03,2025-10-04 12:51:00,"New York, US",0,0
8235,C018,2180.65,2025-10-04 12:53:53,"Kraków, PL",0,0
4371,C034,38.81,2025-10-04 12:56:07,"London, UK",0,0
2378,C089,75.62,2025-10-04 12:58:48,"London, UK",0,0
2761,C078,138.33,2025-10-04 13:00:40,"Kraków, PL",0,0
7820,C069,637.76,2025-10-04 13:05:53,"Warszawa, PL",0,1
8104,C035,76.97,2025-10-04 13:06:11,"London, UK",0,0
5685,C052,1628.66,2025-10-04 13:08:19,"Kraków, PL",0,0
1176,C011,269.81,2025-10-04 13:09:09,"New York, US",0,0
3580,C053,52.31,2025-10-04 13:10:32,"Warszawa, PL",0,0
7613,C031,905.44,2025-10-04 13:17:57,"Warszawa, PL",0,1
952,C018,147.86,2025-10-04 13:21:54,"London, UK",0,0
6114,C062,444.21,2025-10-04 13:26:39,"London, UK",0,1
6613,C026,80.36,2025-10-04 13:27:09,"New York, US",0,0
7220,C082,6954.07,2025-10-04 13:34:23,"Warszawa, PL",0,0
1229,C013,7.72,2025-10-04 13:38:22,"London, UK",0,0
1365,C066,272.48,2025-10-04 13:42:21,"London, UK",1,1
5174,C019,1218.08,2025-10-04 13:42:29,"Warszawa, PL",0,0
7144,C037,9118.89,2025-10-04 13:45:19,"Kraków, PL",0,0
7696,C096,318.15,2025-10-04 13:46:19,"Kraków, PL",0,0
3207,C044,580.6,2025-10-04 13:47:51,"London, UK",0,0
6662,C073,408.55,2025-10-04 13:49:06,"New York, US",0,0
6210,C060,955.57,2025-10-04 13:53:13,"New York, US",1,1
8663,C010,3534.05,2025-10-04 13:54:03,"Kraków, PL",0,0
4264,C081,925.84,2025-10-04 13:54:26,"London, UK",0,0
3856,C073,158.27,2025-10-04 13:54:52,"Warszawa, PL",0,0
1452,C075,416.37,2025-10-04 14:02:30,"Kraków, PL",0,0
6652,C094,1.37,2025-10-04 14:06:22,"New York, US",0,0
3160,C070,346.84,2025-10-04 14:07:51,"Kraków, PL",0,0
1629,C060,200.39,2025-10-04 14:08:37,"New York, US",0,0
2353,C014,4088.0,2025-10-04 14:09:58,"London, UK",0,0
8694,C033,3454.43,2025-10-04 14:14:39,"New York, US",0,0
2443,C035,364.9,2025-10-04 14:15:04,"London, UK",0,0
7694,C021,958.52,2025-10-04 14:17:27,"Kraków, PL",0,0
4291,C092,285.61,2025-10-04 14:17:49,"Warszawa, PL",0,0
9407,C010,33.02,2025-10-04 14:22:14,"Warszawa, PL",0,0
4986,C066,30.86,2025-10-04 14:25:09,"Warszawa, PL",0,0
9404,C059,108.37,2025-10-04 14:34:01,"Kraków, PL",0,0
7115,C001,2584.62,2025-10-04 14:38:47,"Kraków, PL",0,0
8786,C017,20.02,2025-10-04 14:39:37,"London, UK",0,1
86,C077,67.22,2025-10-04 14:40:38,"New York, US",0,0
9416,C047,48.91,2025-10-04 14:54:29,"Kraków, PL",0,0
9536,C036,93.74,2025-10-04 14:54:37,"Kraków, PL",0,0
8577,C047,9577.5,2025-10-04 14:55:44,"London, UK",0,0
8087,C064,2230.67,2025-10-04 15:01:53,"Warszawa, PL",0,0
127,C046,42.01,2025-10-04 15:10:02,"New York, US",0,0
7290,C091,971.41,2025-10-04 15:17:55,"New York, US",0,0
4287,C020,47.57,2025-10-04 15:19:23,"London, UK",0,0
37,C032,30071.13,2025-10-04 15:22:24,"Kraków, PL",0,0
8954,C071,107.56,2025-10-04 15:23:21,"Warszawa, PL",0,0
3435,C000,623.69,2025-10-04 15:23:55,"Warszawa, PL",0,1
6314,C025,694.61,2025-10-04 15:25:47,"New York, US",0,0
9378,C001,679.82,2025-10-04 15:31:10,"London, UK",1,0
1993,C036,59.45,2025-10-04 15:32:42,"Kraków, PL",0,0
566,C041,1962.57,2025-10-04 15:34:40,"New York, US",0,0
432,C063,192.35,2025-10-04 15:38:29,"New York, US",0,0
1907,C070,807.5,2025-10-04 15:40:17,"Kraków, PL",0,0
4510,C014,412.16,2025-10-04 15:43:22,"London, UK",0,0
3194,C060,601.66,2025-10-04 15:43:35,"Kraków, PL",0,0
5415,C071,214.82,2025-10-04 15:44:14,"Warszawa, PL",0,1
9630,C044,303.73,2025-10-04 15:44:43,"Kraków, PL",0,0
1553,C058,3526.62,2025-10-04 15:50:09,"London, UK",1,0
4313,C027,261.28,2025-10-04 15:51:07,"Warszawa, PL",0,0
6188,C025,224.36,2025-10-04 15:52:20,"New York, US",0,0
8200,C077,325.36,2025-10-04 15:54:00,"Warszawa, PL",0,0
8115,C090,296.03,2025-10-04 15:57:37,"London, UK",1,0
4924,C067,263.67,2025-10-04 15:58:56,"Warszawa, PL",0,0
9960,C060,410.41,2025-10-04 15:58:59,"Kraków, PL",0,0
6135,C080,21.48,2025-10-04 16:04:49,"Warszawa, PL",0,0
5606,C029,181.64,2025-10-04 16:06:29,"New York, US",0,0
1561,C064,413.88,2025-10-04 16:08:48,"Warszawa, PL",0,0
8903,C031,1154.61,2025-10-04 16:14:34,"Kraków, PL",0,0
4266,C051,269.35,2025-10-04 16:19:08,"Warszawa, PL",0,1
5880,C079,741.11,2025-10-04 16:19:18,"London, UK",0,0
1649,C032,227.49,2025-10-04 16:27:31,"London, UK",0,0
2508,C070,1232.4,2025-10-04 16:34:49,"Warszawa, PL",0,0
7633,C030,46.43,2025-10-04 16:44:50,"Kraków, PL",0,0
750,C081,290.84,2025-10-04 16:45:18,"London, UK",0,0
1019,C027,272.36,2025-10-04 16:52:20,"London, UK",0,0
8394,C098,19.4,2025-10-04 16:56:16,"Warszawa, PL",0,0
119,C076,1253.9,2025-10-04 16:56:47,"Warszawa, PL",0,0
9155,C076,376.46,2025-10-04 16:59:01,"Warszawa, PL",0,0
2704,C028,282.84,2025-10-04 16:59:32,"Kraków, PL",0,0
3811,C076,5.53,2025-10-04 17:03:12,"Warszawa, PL",0,0
7989,C017,4096.56,2025-10-04 17:05:25,"London, UK",0,0
2228,C066,27.6,2025-10-04 17:18:03,"Warszawa, PL",0,0
5484,C002,280.89,2025-10-04 17:27:04,"Kraków, PL",0,0
1124,C062,525.02,2025-10-04 17:29:37,"New York, US",0,0
2762,C040,736.3,2025-10-04 17:33:17,"Kraków, PL",0,1
78,C089,6691.17,2025-10-04 17:40:00,"Kraków, PL",0,0
9024,C083,592.45,2025-10-04 17:40:25,"Warszawa, PL",0,0
8920,C010,270.39,2025-10-04 17:45:11,"New York, US",0,1
726,C097,165.62,2025-10-04 17:45:25,"New York, US",0,0
7855,C096,2088.49,2025-10-04 17:48:26,"New York, US",0,1
6731,C085,2303.19,2025-10-04 17:51:23,"Kraków, PL",0,0
9533,C060,377.49,2025-10-04 17:57:25,"London, UK",0,0
4524,C046,451.17,2025-10-04 17:58:47,"New York, US",0,0
9839,C039,6001.71,2025-10-04 18:02:47,"New York, US",0,0
6627,C059,230.26,2025-10-04 18:05:14,"New York, US",1,0
2656,C001,53.83,2025-10-04 18:10:33,"London, UK",0,0
4220,C073,68.79,2025-10-04 18:11:03,"Warszawa, PL",0,0
2614,C036,108.75,2025-10-04 18:12:03,"Warszawa, PL",0,0
5611,C067,12347.98,2025-10-04 18:15:22,"London, UK",0,0
9591,C097,330.32,2025-10-04 18:20:05,"London, UK",0,0
414,C024,295.01,2025-10-04 18:20:26,"Warszawa, PL",0,1
8354,C095,258.66,2025-10-04 18:24:05,"London, UK",0,0
1389,C093,2219.4,2025-10-04 18:24:25,"London, UK",0,0
9317,C012,335.75,2025-10-04 18:30:03,"London, UK",0,0
4126,C052,230.69,2025-10-04 18:32:56,"New York, US",0,0
3329,C010,225.45,2025-10-04 18:36:30,"New York, US",0,0
7818,C006,9971.78,2025-10-04 18:38:24,"London, UK",0,0
2742,C048,78.47,2025-10-04 18:39:24,"New York, US",0,0
1850,C023,23.12,2025-10-04 18:40:28,"Warszawa, PL",0,0
3108,C005,105.49,2025-10-04 18:41:05,"Warszawa, PL",0,0
4226,C023,5822.37,2025-10-04 18:41:45,"Kraków, PL",0,0
2336,C018,132.93,2025-10-04 18:42:00,"New York, US",0,1
4225,C057,136.86,2025-10-04 18:43:54,"Warszawa, PL",0,0
1260,C022,4028.07,2025-10-04 18:48:03,"London, UK",0,0
5139,C072,21.4,2025-10-04 18:48:42,"London, UK",0,0
154,C032,73.55,2025-10-04 18:58:11,"New York, US",0,1
7931,C034,1366.36,2025-10-04 19:13:00,"New York, US",0,0
7218,C017,117.45,2025-10-04 19:15:06,"London, UK",0,0
8572,C089,3043.08,2025-10-04 19:15:50,"Warszawa, PL",0,0
3520,C085,65.45,2025-10-04 19:18:09,"Warszawa, PL",0,0
9483,C071,226.34,2025-10-04 19:28:23,"London, UK",0,0
3655,C098,850.58,2025-10-04 19:33:39,"Kraków, PL",0,0
4719,C098,974.41,2025-10-04 19:41:00,"London, UK",0,0
8375,C072,89.63,2025-10-04 19:54:41,"Kraków, PL",0,0
5321,C044,2365.36,2025-10-04 19:58:48,"Warszawa, PL",0,0
1734,C036,345.6,2025-10-04 20:01:12,"Kraków, PL",0,0
2678,C039,637.02,2025-10-04 20:08:58,"Kraków, PL",0,0
9445,C082,810.0,2025-10-04 20:09:24,"Kraków, PL",0,0
3841,C021,863.94,2025-10-04 20:09:25,"London, UK",0,0
1782,C037,420.1,2025-10-04 20:12:18,"Kraków, PL",0,0
1387,C046,22.05,2025-10-04 20:20:38,"Kraków, PL",0,1
945,C009,305.92,2025-10-04 20:24:02,"Warszawa, PL",0,0
7616,C055,60.99,2025-10-04 20:35:11,"London, UK",0,0
5948,C013,1729.1,2025-10-04 20:44:52,"Kraków, PL",0,0
1097,C009,333.87,2025-10-04 20:48:57,"New York, US",0,0
643,C021,926.82,2025-10-04 20:49:12,"Warszawa, PL",0,0
9330,C093,2591.44,2025-10-04 20:50:09,"New York, US",0,0
5651,C027,3739.03,2025-10-04 20:58:17,"Kraków, PL",0,0
4619,C081,13.45,2025-10-04 21:07:59,"London, UK",1,0
4897,C097,40.69,2025-10-04 21:15:20,"New York, US",0,0
662,C048,227.76,2025-10-04 21:17:25,"Kraków, PL",0,1
2560,C014,85.31,2025-10-04 21:19:38,"Warszawa, PL",0,0
2822,C003,77.47,2025-10-04 21:27:25,"New York, US",0,0
76,C044,1871.49,2025-10-04 21:33:18,"London, UK",0,0
1184,C061,57.95,2025-10-04 21:36:09,"New York, US",0,1
1573,C058,133.59,2025-10-04 21:37:35,"New York, US",0,0
4488,C022,5523.82,2025-10-04 21:39:36,"New York, US",0,0
2859,C029,20.97,2025-10-04 21:45:05,"Kraków, PL",0,0
2486,C041,107.25,2025-10-04 21:45:49,"New York, US",0,0
743,C078,991.8,2025-10-04 21:46:55,"Warszawa, PL",0,0
195,C098,55.07,2025-10-04 21:49:57,"Warszawa, PL",0,0
9368,C018,209.43,2025-10-04 22:03:00,"Warszawa, PL",0,0
4167,C044,4552.67,2025-10-04 22:15:55,"Kraków, PL",0,1
2851,C084,1155.37,2025-10-04 22:23:57,"London, UK",0,0
7081,C093,411.9,2025-10-04 22:31:47,"New York, US",0,0
3162,C023,76.25,2025-10-04 22:38:49,"Kraków, PL",0,0
4284,C097,159.49,2025-10-04 22:45:17,"Kraków, PL",0,0
5955,C075,1107.71,2025-10-04 22:48:41,"Kraków, PL",0,0
8349,C095,32.65,2025-10-04 22:50:58,"Warszawa, PL",0,0
7544,C007,85.74,2025-10-04 22:59:03,"Warszawa, PL",0,0
3210,C056,137.1,2025-10-04 23:02:05,"New York, US",0,0
6496,C038,1531.56,2025-10-04 23:03:08,"London, UK",0,0
7686,C034,469.0,2025-10-04 23:28:42,"Warszawa, PL",0,1
7279,C047,511.03,2025-10-04 23:45:15,"Warszawa, PL",0,0
8307,C039,384.69,2025-10-04 23:53:51,"London, UK",0,0
9650,C014,213.36,2025-10-04 23:54:15,"New York, US",0,0
1566,C076,314.88,2025-10-04 23:54:30,"Kraków, PL",0,0
9777,C072,365.15,2025-10-04 23:57:37,"Warszawa, PL",0,0
5814,C000,263.12,2025-10-05 00:01:04,"London, UK",0,0
5505,C089,1603.93,2025-10-05 00:03:18,"London, UK",0,0
1308,C048,1031.62,2025-10-05 00:03:40,"London, UK",0,0
5859,C007,113.74,2025-10-05 00:19:35,"New York, US",0,0
4761,C006,259.79,2025-10-05 00:20:45,"Warszawa, PL",0,0
9068,C045,188.92,2025-10-05 00:22:55,"London, UK",0,0
2512,C006,205.24,2025-10-05 00:23:13,"Kraków, PL",0,0
6375,C020,372.41,2025-10-05 00:35:53,"New York, US",0,0
6666,C019,237.7,2025-10-05 00:39:11,"Kraków, PL",0,0
8948,C061,143.29,2025-10-05 00:39:47,"Warszawa, PL",0,0
106,C054,238.67,2025-10-05 00:54:25,"London, UK",0,0
2599,C056,684.43,2025-10-05 00:58:42,"London, UK",0,0
8193,C030,432.85,2025-10-05 01:02:13,"New York, US",1,0
8880,C021,366.01,2025-10-05 01:22:32,"Kraków, PL",0,0
4388,C041,582.95,2025-10-05 01:30:23,"Warszawa, PL",0,0
3585,C065,474.15,2025-10-05 01:39:39,"New York, US",0,0
2331,C027,51.92,2025-10-05 01:45:25,"London, UK",0,0
9224,C010,1174.43,2025-10-05 01:51:53,"London, UK",0,0
9237,C026,10983.17,2025-10-05 01:52:32,"London, UK",0,0
3973,C002,1275.19,2025-10-05 01:56:55,"Warszawa, PL",0,0
4902,C019,5542.12,2025-10-05 01:58:09,"Warszawa, PL",0,0
8567,C076,189.4,2025-10-05 02:08:31,"London, UK",0,0
8688,C013,116.31,2025-10-05 02:10:11,"Warszawa, PL",0,0
7417,C062,690.49,2025-10-05 02:19:02,"New York, US",0,0
5808,C043,3523.05,2025-10-05 02:21:39,"New York, US",0,1
6889,C015,169.78,2025-10-05 02:24:58,"Kraków, PL",0,0
8500,C032,132.47,2025-10-05 02:27:48,"New York, US",0,0
9056,C091,72.09,2025-10-05 02:30:36,"Warszawa, PL",0,0
3319,C090,1596.75,2025-10-05 02:41:35,"London, UK",0,0
1676,C012,1121.04,2025-10-05 02:47:00,"Kraków, PL",0,1
6776,C014,472.49,2025-10-05 02:51:06,"New York, US",0,0
7638,C048,988.81,2025-10-05 02:53:59,"London, UK",0,0
3728,C060,1551.57,2025-10-05 02:57:37,"Kraków, PL",0,0
9738,C091,102.0,2025-10-05 03:00:34,"New York, US",0,0
3468,C067,124.81,2025-10-05 03:00:56,"London, UK",0,0
5065,C031,30.37,2025-10-05 03:06:23,"London, UK",0,0
9381,C008,37.98,2025-10-05 03:10:23,"Warszawa, PL",0,0
5317,C093,1368.66,2025-10-05 03:14:15,"Warszawa, PL",0,0
1978,C003,1391.11,2025-10-05 03:19:02,"Warszawa, PL",0,0
7608,C019,770.79,2025-10-05 03:20:45,"New York, US",0,0
1169,C047,189.85,2025-10-05 03:20:47,"Warszawa, PL",0,0
3588,C063,59.84,2025-10-05 03:23:47,"New York, US",0,0
1943,C037,12684.42,2025-10-05 03:33:56,"London, UK",0,0
3447,C066,32.37,2025-10-05 03:41:22,"New York, US",0,0
8830,C088,6483.69,2025-10-05 03:44:03,"Warszawa, PL",0,0
2474,C097,3031.12,2025-10-05 03:44:48,"New York, US",0,0
7139,C091,2775.74,2025-10-05 04:03:18,"Warszawa, PL",0,0
8603,C026,997.66,2025-10-05 04:08:48,"Warszawa, PL",0,1
9899,C024,92.56,2025-10-05 04:10:34,"London, UK",0,0
6586,C038,112.1,2025-10-05 04:19:54,"Warszawa, PL",0,0
9124,C044,174.57,2025-10-05 04:20:39,"New York, US",0,0
7832,C069,1834.32,2025-10-05 04:25:00,"Warszawa, PL",0,0
1803,C098,14.2,2025-10-05 04:25:05,"Kraków, PL",0,0
7451,C061,1538.36,2025-10-05 04:28:53,"Warszawa, PL",0,0
1924,C052,534.87,2025-10-05 04:31:43,"New York, US",0,0
7084,C050,94.93,2025-10-05 04:32:08,"Warszawa, PL",0,0
7062,C094,1919.37,2025-10-05 04:41:12,"London, UK",0,0
4056,C096,351.56,2025-10-05 04:52:54,"London, UK",0,0
6413,C058,77.39,2025-10-05 04:53:10,"London, UK",0,0
8514,C024,165.43,2025-10-05 05:01:37,"Warszawa, PL",0,0
7310,C049,61.46,2025-10-05 05:14:50,"London, UK",0,0
5700,C068,88.82,2025-10-05 05:22:20,"New York, US",0,0
4550,C058,1698.68,2025-10-05 05:38:38,"Warszawa, PL",0,0
6011,C073,1449.96,2025-10-05 05:39:17,"Warszawa, PL",0,1
4747,C060,10.02,2025-10-05 05:39:31,"New York, US",0,0
5904,C040,244.61,2025-10-05 05:49:28,"Kraków, PL",0,0
4245,C002,587.71,2025-10-05 05:50:00,"Warszawa, PL",0,0
6805,C070,631.22,2025-10-05 05:50:48,"London, UK",0,0
9778,C065,1433.48,2025-10-05 05:54:02,"Warszawa, PL",0,0
7847,C054,4446.78,2025-10-05 05:55:35,"Warszawa, PL",0,0
834,C005,907.38,2025-10-05 05:55:58,"London, UK",0,1
7836,C008,1042.11,2025-10-05 05:57:17,"Warszawa, PL",0,0
3418,C037,904.27,2025-10-05 05:57:27,"London, UK",0,0
7557,C013,309.5,2025-10-05 05:58:43,"London, UK",0,0
7735,C065,98.9,2025-10-05 06:01:54,"New York, US",0,0
6042,C049,288.43,2025-10-05 06:02:30,"Kraków, PL",0,0
5568,C016,6233.84,2025-10-05 06:05:02,"Kraków, PL",0,0
5300,C087,115.82,2025-10-05 06:06:36,"New York, US",0,0
4148,C041,941.56,2025-10-05 06:10:16,"London, UK",0,0
7533,C034,4760.54,2025-10-05 06:11:12,"Warszawa, PL",0,0
7583,C007,1481.5,2025-10-05 06:17:37,"Warszawa, PL",0,0
2872,C066,47.72,2025-10-05 06:23:25,"Kraków, PL",0,0
4121,C090,57.2,2025-10-05 06:23:45,"New York, US",0,0
2339,C096,2238.3,2025-10-05 06:24:37,"Warszawa, PL",0,0
5193,C048,230.96,2025-10-05 06:39:16,"Kraków, PL",0,0
800,C004,2007.16,2025-10-05 06:39:53,"New York, US",0,0
8984,C014,126.38,2025-10-05 06:59:18,"Kraków, PL",0,0
1464,C018,309.97,2025-10-05 07:05:38,"Kraków, PL",0,0
3970,C081,10532.83,2025-10-05 07:10:51,"Kraków, PL",0,0
2581,C060,169.6,2025-10-05 07:13:09,"Kraków, PL",0,0
9175,C032,1639.5,2025-10-05 07:17:19,"London, UK",0,1
1619,C099,275.38,2025-10-05 07:23:23,"Warszawa, PL",0,0
7354,C041,576.07,2025-10-05 07:30:41,"Warszawa, PL",0,1
6273,C040,39.73,2025-10-05 07:33:53,"Kraków, PL",0,0
3060,C032,1297.18,2025-10-05 07:38:26,"Warszawa, PL",0,0
5705,C071,138.39,2025-10-05 07:45:15,"London, UK",0,1
5148,C047,6131.1,2025-10-05 07:57:03,"London, UK",0,1
9970,C046,441.92,2025-10-05 07:58:50,"New York, US",0,0
4731,C016,2513.94,2025-10-05 07:59:24,"Warszawa, PL",0,0
9825,C021,60.97,2025-10-05 07:59:41,"Kraków, PL",0,0
7013,C092,2741.92,2025-10-05 08:00:37,"Warszawa, PL",0,0
8085,C082,512.09,2025-10-05 08:06:26,"Warszawa, PL",0,0
1541,C087,76.72,2025-10-05 08:06:30,"Kraków, PL",0,0
7933,C027,1897.99,2025-10-05 08:08:49,"Kraków, PL",0,0
6361,C090,111.42,2025-10-05 08:10:06,"Kraków, PL",0,0
7447,C058,2478.21,2025-10-05 08:10:17,"London, UK",0,0
7531,C053,1666.32,2025-10-05 08:15:42,"New York, US",0,1
83,C013,242.7,2025-10-05 08:22:18,"London, UK",0,0
2415,C078,83.3,2025-10-05 08:23:10,"London, UK",0,0
3648,C011,1603.4,2025-10-05 08:32:59,"Warszawa, PL",0,0
4124,C013,2509.68,2025-10-05 08:40:26,"London, UK",0,0
6602,C045,242.83,2025-10-05 08:41:53,"London, UK",0,0
964,C060,46.54,2025-10-05 08:41:55,"London, UK",0,0
9106,C053,1250.58,2025-10-05 08:49:00,"London, UK",0,0
9256,C054,211.37,2025-10-05 08:49:33,"New York, US",0,0
8184,C065,340.48,2025-10-05 08:53:47,"Kraków, PL",0,1
8878,C062,411.6,2025-10-05 08:57:12,"London, UK",1,0
1739,C098,1965.03,2025-10-05 09:00:21,"London, UK",0,0
9858,C090,300.17,2025-10-05 09:00:24,"New York, US",0,0
7725,C015,954.32,2025-10-05 09:01:42,"Warszawa, PL",0,0
4044,C033,112.14,2025-10-05 09:02:12,"London, UK",0,0
2970,C057,61.34,2025-10-05 09:05:27,"Kraków, PL",0,1
2504,C019,490.4,2025-10-05 09:05:57,"London, UK",0,0
3762,C024,437.01,2025-10-05 09:09:56,"Warszawa, PL",0,0
8174,C096,192.78,2025-10-05 09:10:59,"New York, US",0,0
3229,C089,79.73,2025-10-05 09:11:05,"London, UK",0,0
2974,C033,112.34,2025-10-05 09:16:21,"London, UK",0,0
4615,C082,1933.24,2025-10-05 09:17:04,"New York, US",0,0
7907,C029,298.24,2025-10-05 09:18:43,"Kraków, PL",0,0
5036,C017,813.48,2025-10-05 09:19:31,"Kraków, PL",0,0
2527,C048,609.4,2025-10-05 09:21:56,"New York, US",0,0
5204,C024,81.33,2025-10-05 09:22:23,"Warszawa, PL",0,0
2893,C012,1770.0,2025-10-05 09:23:27,"New York, US",0,0
7942,C035,202.64,2025-10-05 09:25:37,"Warszawa, PL",0,0
3226,C059,32.87,2025-10-05 09:27:56,"Kraków, PL",0,0
8670,C074,95.1,2025-10-05 09:35:53,"Kraków, PL",0,0
6835,C039,420.6,2025-10-05 09:38:13,"London, UK",0,0
5540,C076,1190.16,2025-10-05 09:44:07,"New York, US",0,0
2754,C098,119.99,2025-10-05 09:46:19,"New York, US",0,0
2927,C097,1159.14,2025-10-05 09:48:53,"New York, US",0,0
5919,C067,512.7,2025-10-05 09:49:00,"Warszawa, PL",0,0
8348,C086,94.03,2025-10-05 09:49:30,"Kraków, PL",0,1
1675,C019,95.95,2025-10-05 09:55:09,"London, UK",1,0
4630,C096,529.74,2025-10-05 09:56:31,"Kraków, PL",0,0
1441,C080,1084.14,2025-10-05 10:00:36,"Kraków, PL",0,1
1372,C001,295.59,2025-10-05 10:03:02,"Kraków, PL",0,0
9450,C005,39.02,2025-10-05 10:04:54,"New York, US",0,0
7679,C014,374.47,2025-10-05 10:05:40,"New York, US",0,0
1226,C051,672.26,2025-10-05 10:07:53,"New York, US",0,0
9576,C055,28.21,2025-10-05 10:08:36,"London, UK",0,0
4005,C021,197.25,2025-10-05 10:13:41,"New York, US",0,0
4990,C009,23.18,2025-10-05 10:15:20,"Kraków, PL",0,0
7332,C036,61.05,2025-10-05 10:17:40,"Warszawa, PL",0,0
7996,C039,90.04,2025-10-05 10:24:01,"Kraków, PL",0,0
7313,C052,58.38,2025-10-05 10:30:40,"New York, US",0,0
455,C025,463.71,2025-10-05 10:35:24,"Warszawa, PL",0,0
232,C081,137.06,2025-10-05 10:35:32,"Kraków, PL",0,0
9580,C092,195.49,2025-10-05 10:48:22,"Kraków, PL",0,0
6120,C003,2028.31,2025-10-05 10:50:31,"Kraków, PL",0,1
2064,C000,1783.52,2025-10-05 10:51:23,"Warszawa, PL",0,0
2223,C069,2520.4,2025-10-05 10:52:01,"Kraków, PL",0,0
1109,C042,10.85,2025-10-05 10:55:08,"London, UK",0,0
1100,C048,4817.79,2025-10-05 10:56:10,"Kraków, PL",0,0
6213,C096,76.43,2025-10-05 10:57:32,"New York, US",0,0
3944,C065,8065.1,2025-10-05 11:01:34,"Kraków, PL",0,0
7958,C068,625.72,2025-10-05 11:07:30,"Kraków, PL",0,0
6643,C052,226.5,2025-10-05 11:07:54,"London, UK",0,0
3436,C065,105.78,2025-10-05 11:09:20,"Kraków, PL",0,1
5340,C060,113.84,2025-10-05 11:09:48,"New York, US",0,0
5254,C021,1292.01,2025-10-05 11:22:44,"Kraków, PL",0,0
6348,C023,5908.62,2025-10-05 11:26:29,"Kraków, PL",0,0
7455,C022,155.49,2025-10-05 11:39:22,"New York, US",0,0
214,C003,608.74,2025-10-05 11:40:22,"Kraków, PL",0,0
942,C062,67.14,2025-10-05 11:42:40,"New York, US",0,0
3089,C051,256.32,2025-10-05 11:44:37,"Kraków, PL",0,0
5978,C004,891.4,2025-10-05 11:47:27,"Kraków, PL",0,0
723,C085,867.12,2025-10-05 11:51:21,"Warszawa, PL",0,0
2267,C057,1620.25,2025-10-05 11:54:35,"New York, US",0,0
3851,C081,2102.5,2025-10-05 11:55:35,"New York, US",0,0
515,C073,839.79,2025-10-05 12:04:59,"New York, US",0,0
6793,C040,11.84,2025-10-05 12:05:14,"London, UK",0,0
6579,C092,2392.65,2025-10-05 12:10:25,"New York, US",0,0
4025,C024,37.95,2025-10-05 12:14:59,"Kraków, PL",0,0
3016,C072,19.09,2025-10-05 12:18:03,"Warszawa, PL",0,0
7206,C061,35.81,2025-10-05 12:22:40,"Kraków, PL",0,0
9342,C091,74.11,2025-10-05 12:24:56,"London, UK",0,0
3788,C034,21.67,2025-10-05 12:33:52,"Warszawa, PL",0,0
6515,C098,97.38,2025-10-05 12:37:23,"London, UK",0,0
5433,C075,763.41,2025-10-05 12:41:07,"London, UK",0,0
9354,C057,2060.83,2025-10-05 12:48:38,"Warszawa, PL",0,1
8333,C027,765.03,2025-10-05 12:51:28,"New York, US",1,1
6382,C093,2962.22,2025-10-05 13:00:54,"London, UK",0,0
43,C011,1018.32,2025-10-05 13:15:50,"London, UK",0,1
3290,C065,425.63,2025-10-05 13:17:20,"London, UK",0,0
5331,C098,485.43,2025-10-05 13:18:51,"London, UK",0,0
3332,C079,2930.31,2025-10-05 13:22:41,"London, UK",0,0
9819,C099,1375.7,2025-10-05 13:24:48,"Kraków, PL",0,0
1499,C029,2397.85,2025-10-05 13:33:14,"Kraków, PL",0,1
8314,C076,6941.42,2025-10-05 13:33:56,"Kraków, PL",0,0
3533,C073,463.39,2025-10-05 13:37:56,"New York, US",0,0
5965,C067,38.81,2025-10-05 13:44:33,"Warszawa, PL",0,0
1195,C028,150.31,2025-10-05 13:49:46,"Kraków, PL",0,1
293,C070,4589.67,2025-10-05 13:57:30,"New York, US",0,0
2171,C087,1956.5,2025-10-05 14:02:44,"London, UK",0,0
8956,C031,105.7,2025-10-05 14:10:19,"Warszawa, PL",0,0
9956,C070,343.31,2025-10-05 14:12:10,"London, UK",0,1
870,C087,86.57,2025-10-05 14:21:28,"Kraków, PL",0,0
6794,C046,5362.54,2025-10-05 14:24:05,"New York, US",0,0
155,C047,830.03,2025-10-05 14:31:23,"New York, US",0,0
7098,C094,243.14,2025-10-05 14:34:50,"Warszawa, PL",0,0
2285,C040,610.26,2025-10-05 14:35:14,"Warszawa, PL",0,0
4597,C009,92.17,2025-10-05 14:36:07,"Warszawa, PL",0,0
2918,C058,17581.56,2025-10-05 14:45:58,"Kraków, PL",0,0
1831,C067,747.86,2025-10-05 14:46:29,"New York, US",0,0
5842,C095,289.74,2025-10-05 14:50:32,"Warszawa, PL",0,0
5810,C040,6979.04,2025-10-05 14:56:00,"Warszawa, PL",0,0
9032,C023,480.94,2025-10-05 14:58:55,"Kraków, PL",0,0
5664,C089,46.48,2025-10-05 15:00:01,"Warszawa, PL",0,0
8066,C092,1214.85,2025-10-05 15:00:10,"Warszawa, PL",0,0
4811,C070,357.89,2025-10-05 15:08:40,"London, UK",0,0
3040,C090,99.92,2025-10-05 15:08:54,"New York, US",0,0
391,C052,86.56,2025-10-05 15:13:44,"New York, US",0,0
4170,C083,339.89,2025-10-05 15:18:44,"Warszawa, PL",0,0
1822,C029,1519.16,2025-10-05 15:21:06,"London, UK",0,0
1738,C049,72.49,2025-10-05 15:25:37,"New York, US",0,0
2892,C037,180.57,2025-10-05 15:36:42,"London, UK",0,1
7525,C095,271.89,2025-10-05 15:37:33,"Warszawa, PL",1,0
4180,C057,737.9,2025-10-05 15:47:41,"Warszawa, PL",0,0
9718,C095,313.43,2025-10-05 15:48:18,"New York, US",0,0
1866,C017,74.26,2025-10-05 16:02:56,"Kraków, PL",0,0
3871,C084,36.94,2025-10-05 16:10:50,"New York, US",0,0
4298,C002,39.69,2025-10-05 16:14:46,"Warszawa, PL",0,0
1942,C094,169.67,2025-10-05 16:14:48,"London, UK",0,0
3120,C006,62.62,2025-10-05 16:16:18,"Kraków, PL",0,0
6239,C008,497.76,2025-10-05 16:18:10,"Kraków, PL",0,0
8728,C050,1127.36,2025-10-05 16:23:21,"London, UK",0,0
2865,C043,76.95,2025-10-05 16:31:15,"Warszawa, PL",0,0
8357,C020,152.08,2025-10-05 16:41:01,"New York, US",0,0
2562,C054,1134.25,2025-10-05 16:41:43,"Warszawa, PL",0,0
6035,C082,966.16,2025-10-05 16:42:08,"London, UK",0,0
492,C048,164.47,2025-10-05 16:44:55,"Warszawa, PL",0,0
5248,C002,1165.08,2025-10-05 16:48:03,"Kraków, PL",0,0
2812,C023,311.56,2025-10-05 17:02:18,"Warszawa, PL",0,0
398,C074,149.25,2025-10-05 17:10:22,"Warszawa, PL",0,0
6468,C060,160.08,2025-10-05 17:10:55,"London, UK",0,0
9715,C074,350.63,2025-10-05 17:15:29,"London, UK",0,0
623,C053,1633.6,2025-10-05 17:19:09,"Kraków, PL",0,1
6763,C056,270.93,2025-10-05 17:21:11,"London, UK",0,0
7795,C044,266.89,2025-10-05 17:22:14,"Warszawa, PL",0,0
5518,C053,700.12,2025-10-05 17:24:45,"Kraków, PL",0,0
1521,C057,73.69,2025-10-05 17:25:35,"Warszawa, PL",0,0
2249,C035,565.67,2025-10-05 17:44:13,"Kraków, PL",0,0
5988,C032,523.09,2025-10-05 17:44:49,"London, UK",0,0
7505,C084,74.36,2025-10-05 17:46:47,"Kraków, PL",0,0
8654,C094,322.6,2025-10-05 17:51:49,"Kraków, PL",0,0
5610,C026,598.21,2025-10-05 17:52:09,"Warszawa, PL",0,0
4869,C058,2247.05,2025-10-05 17:55:50,"Warszawa, PL",0,1
8441,C084,420.32,2025-10-05 17:58:54,"Warszawa, PL",0,0
2074,C067,367.24,2025-10-05 18:01:44,"Kraków, PL",0,0
3827,C083,432.5,2025-10-05 18:04:25,"Kraków, PL",0,0
3509,C050,696.38,2025-10-05 18:04:37,"Warszawa, PL",0,0
4581,C052,3118.83,2025-10-05 18:08:40,"Warszawa, PL",0,0
8192,C096,415.78,2025-10-05 18:10:39,"London, UK",0,0
1959,C005,2086.49,2025-10-05 18:18:38,"Kraków, PL",0,0
6969,C079,1696.84,2025-10-05 18:24:02,"Kraków, PL",0,0
5002,C011,209.19,2025-10-05 18:26:15,"London, UK",0,0
7675,C076,200.37,2025-10-05 18:38:46,"London, UK",0,0
2028,C002,28.49,2025-10-05 18:40:00,"Kraków, PL",0,0
1634,C064,1464.35,2025-10-05 18:44:20,"New York, US",0,1
9720,C004,418.77,2025-10-05 18:44:51,"Warszawa, PL",0,0
7126,C027,60.73,2025-10-05 18:46:17,"London, UK",0,0
3949,C084,39.18,2025-10-05 18:48:18,"Kraków, PL",0,0
5839,C051,658.77,2025-10-05 18:51:11,"London, UK",0,1
3577,C097,708.2,2025-10-05 18:55:38,"New York, US",0,0
5307,C006,46.26,2025-10-05 18:56:31,"London, UK",0,1
9486,C018,898.35,2025-10-05 18:58:24,"Kraków, PL",0,0
852,C084,586.77,2025-10-05 19:09:09,"London, UK",0,0
5383,C083,1454.75,2025-10-05 19:21:24,"Kraków, PL",0,0
1203,C019,162.17,2025-10-05 19:22:12,"London, UK",0,0
622,C004,55.62,2025-10-05 19:29:56,"Kraków, PL",0,0
8142,C083,183.72,2025-10-05 19:34:10,"Kraków, PL",0,0
5642,C076,2229.54,2025-10-05 19:34:16,"Kraków, PL",0,1
5535,C061,357.69,2025-10-05 19:34:51,"Warszawa, PL",0,0
2457,C026,86.91,2025-10-05 19:53:01,"New York, US",0,0
2606,C032,133.26,2025-10-05 19:55:29,"New York, US",0,0
3262,C006,833.33,2025-10-05 20:00:01,"New York, US",0,0
8642,C067,36.23,2025-10-05 20:02:10,"New York, US",0,0
8811,C005,126.21,2025-10-05 20:03:28,"Kraków, PL",0,0
5001,C013,348.56,2025-10-05 20:04:58,"Warszawa, PL",0,0
6508,C018,399.62,2025-10-05 20:05:03,"Kraków, PL",0,1
3266,C025,1215.33,2025-10-05 20:05:13,"Kraków, PL",0,1
2567,C047,22.31,2025-10-05 20:07:49,"Kraków, PL",0,0
4494,C051,1921.28,2025-10-05 20:09:43,"Warszawa, PL",0,0
5789,C051,10.45,2025-10-05 20:10:26,"Warszawa, PL",0,0
819,C038,511.23,2025-10-05 20:12:08,"Warszawa, PL",0,0
8780,C034,179.78,2025-10-05 20:15:17,"New York, US",0,0
1752,C000,1323.36,2025-10-05 20:18:03,"London, UK",0,0
4107,C070,2016.64,2025-10-05 20:22:35,"London, UK",0,0
1724,C035,2001.94,2025-10-05 20:24:15,"London, UK",0,0
8369,C087,1905.66,2025-10-05 20:25:39,"London, UK",0,0
6551,C061,969.58,2025-10-05 20:29:45,"New York, US",0,0
1711,C016,12.69,2025-10-05 20:31:09,"Warszawa, PL",0,0
3738,C070,87.23,2025-10-05 20:32:39,"New York, US",0,0
5585,C037,12756.63,2025-10-05 20:35:03,"Warszawa, PL",0,0
9423,C048,3146.63,2025-10-05 20:35:50,"Warszawa, PL",0,0
2647,C022,467.51,2025-10-05 20:41:25,"Kraków, PL",0,1
8400,C034,23.76,2025-10-05 20:42:11,"New York, US",0,0
3188,C094,180.77,2025-10-05 20:42:50,"Warszawa, PL",0,0
3656,C077,1102.17,2025-10-05 20:51:25,"New York, US",0,0
602,C016,1886.81,2025-10-05 20:52:47,"London, UK",0,0
992,C040,3313.52,2025-10-05 20:55:30,"Kraków, PL",0,0
4160,C021,129.57,2025-10-05 20:57:23,"London, UK",0,0
7516,C071,3374.09,2025-10-05 21:00:36,"Warszawa, PL",0,0
9085,C029,1248.5,2025-10-05 21:01:26,"Kraków, PL",0,0
396,C089,330.47,2025-10-05 21:01:41,"New York, US",0,0
1949,C010,147.19,2025-10-05 21:11:36,"Warszawa, PL",0,0
1338,C071,340.11,2025-10-05 21:15:05,"London, UK",0,0
2270,C099,201.27,2025-10-05 21:15:49,"Warszawa, PL",0,0
8027,C032,456.55,2025-10-05 21:17:26,"Kraków, PL",0,0
4310,C037,55.75,2025-10-05 21:17:28,"London, UK",0,0
8783,C079,201.92,2025-10-05 21:19:54,"Kraków, PL",0,0
1258,C004,8.57,2025-10-05 21:27:33,"Kraków, PL",0,0
9015,C019,614.99,2025-10-05 21:41:34,"Warszawa, PL",0,0
9185,C017,3150.95,2025-10-05 21:52:46,"London, UK",0,0
4831,C052,10.07,2025-10-05 22:01:12,"Warszawa, PL",0,0
3688,C031,110.78,2025-10-05 22:04:13,"Kraków, PL",0,0
1674,C015,1058.38,2025-10-05 22:05:38,"Kraków, PL",0,0
4881,C099,697.87,2025-10-05 22:05:58,"London, UK",0,1
7869,C023,531.76,2025-10-05 22:09:59,"Warszawa, PL",0,0
3451,C091,62.26,2025-10-05 22:12:15,"New York, US",0,0
9179,C097,12.32,2025-10-05 22:18:24,"London, UK",0,0
9391,C062,53.81,2025-10-05 22:19:54,"Warszawa, PL",0,0
3863,C061,328.05,2025-10-05 22:21:40,"Warszawa, PL",0,0
1627,C086,247.82,2025-10-05 22:22:05,"London, UK",0,0
4660,C065,93.31,2025-10-05 22:27:08,"London, UK",0,0
4281,C083,333.41,2025-10-05 22:28:00,"New York, US",0,0
9498,C027,2937.62,2025-10-05 22:29:02,"Kraków, PL",0,0
1574,C092,554.78,2025-10-05 22:30:52,"New York, US",0,1
1712,C005,73.14,2025-10-05 22:32:05,"Warszawa, PL",0,1
762,C035,640.36,2025-10-05 22:36:19,"Kraków, PL",0,0
3903,C080,1369.75,2025-10-05 22:42:11,"Kraków, PL",0,0
8723,C056,3062.26,2025-10-05 22:56:57,"Warszawa, PL",1,0
6112,C021,565.7,2025-10-05 23:09:38,"London, UK",0,0
8409,C039,128.32,2025-10-05 23:11:59,"Kraków, PL",0,0
831,C057,1569.19,2025-10-05 23:12:07,"New York, US",0,0
7192,C020,278.9,2025-10-05 23:14:11,"New York, US",0,0
6371,C091,186.39,2025-10-05 23:15:29,"London, UK",0,0
9948,C028,2281.21,2025-10-05 23:23:41,"Kraków, PL",0,0
4948,C067,53.51,2025-10-05 23:24:06,"Kraków, PL",0,0
7716,C024,142.52,2025-10-05 23:38:45,"Kraków, PL",0,0
1536,C020,6326.36,2025-10-05 23:40:04,"New York, US",0,0
7586,C047,99.93,2025-10-05 23:42:10,"Kraków, PL",0,0
3972,C096,1582.47,2025-10-05 23:42:26,"Kraków, PL",0,0
6950,C063,2682.02,2025-10-05 23:48:13,"Warszawa, PL",0,1
9044,C075,138.22,2025-10-05 23:53:04,"London, UK",0,0
2254,C074,994.15,2025-10-05 23:57:28,"Warszawa, PL",0,1
6351,C038,371.4,2025-10-06 00:04:24,"Kraków, PL",0,0
2092,C039,380.68,2025-10-06 00:06:24,"London, UK",0,0
6538,C036,34.38,2025-10-06 00:10:42,"New York, US",0,0
8782,C003,99.52,2025-10-06 00:11:53,"London, UK",0,0
2538,C042,361.68,2025-10-06 00:16:40,"Kraków, PL",0,0
5384,C094,57.06,2025-10-06 00:18:22,"Warszawa, PL",0,0
7060,C067,1500.5,2025-10-06 00:19:50,"London, UK",0,0
8051,C077,25.92,2025-10-06 00:23:15,"Kraków, PL",0,0
5644,C044,206.09,2025-10-06 00:28:05,"Kraków, PL",0,0
1710,C063,110.7,2025-10-06 00:29:47,"New York, US",0,0
5429,C001,13676.48,2025-10-06 00:30:37,"Warszawa, PL",0,0
5752,C043,330.04,2025-10-06 00:35:08,"Kraków, PL",0,0
6377,C036,66.82,2025-10-06 00:37:24,"London, UK",0,0
6670,C088,754.47,2025-10-06 00:38:08,"London, UK",0,0
9748,C072,351.95,2025-10-06 00:48:09,"London, UK",0,0
88,C012,660.3,2025-10-06 00:55:17,"New York, US",0,0
5800,C012,4176.88,2025-10-06 00:55:39,"Warszawa, PL",0,0
9782,C076,658.02,2025-10-06 00:56:00,"London, UK",0,0
9852,C096,779.42,2025-10-06 01:03:20,"Kraków, PL",0,0
2696,C025,74.16,2025-10-06 01:03:20,"Warszawa, PL",0,0
2543,C098,1245.36,2025-10-06 01:04:58,"London, UK",0,0
2996,C082,393.77,2025-10-06 01:07:01,"London, UK",0,0
6267,C083,240.67,2025-10-06 01:13:25,"New York, US",0,0
3439,C034,421.45,2025-10-06 01:15:56,"Kraków, PL",0,0
228,C075,86.16,2025-10-06 01:27:01,"New York, US",0,0
8686,C079,255.35,2025-10-06 01:27:27,"Kraków, PL",0,0
1369,C069,141.33,2025-10-06 01:35:02,"Kraków, PL",0,1
6189,C086,349.05,2025-10-06 01:38:23,"London, UK",0,0
9694,C037,393.67,2025-10-06 01:39:44,"London, UK",0,0
2565,C063,1241.55,2025-10-06 01:45:02,"Warszawa, PL",0,0
5655,C023,72.11,2025-10-06 01:45:36,"Warszawa, PL",0,0
2301,C019,1233.33,2025-10-06 02:02:20,"London, UK",0,0
1590,C080,68.37,2025-10-06 02:03:30,"New York, US",0,0
6592,C065,42.58,2025-10-06 02:11:07,"Warszawa, PL",0,0
4050,C070,110.88,2025-10-06 02:17:19,"London, UK",0,0
6803,C016,5756.85,2025-10-06 02:20:25,"Warszawa, PL",0,1
8952,C000,219.51,2025-10-06 02:22:07,"London, UK",0,1
9082,C030,211.89,2025-10-06 02:23:17,"Kraków, PL",0,1
7981,C010,700.82,2025-10-06 02:26:01,"Warszawa, PL",0,0
8976,C092,9476.67,2025-10-06 02:26:48,"New York, US",0,0
1846,C094,721.12,2025-10-06 02:28:31,"New York, US",0,0
9325,C019,2115.22,2025-10-06 02:29:59,"Kraków, PL",0,0
8336,C023,11.61,2025-10-06 02:31:09,"Kraków, PL",0,0
7563,C065,487.17,2025-10-06 02:37:43,"Warszawa, PL",0,0
447,C027,736.15,2025-10-06 02:43:41,"Warszawa, PL",0,0
1278,C040,71.64,2025-10-06 02:46:40,"Warszawa, PL",0,0
1225,C056,1482.26,2025-10-06 02:51:17,"Warszawa, PL",0,0
3039,C064,1578.12,2025-10-06 02:51:57,"Warszawa, PL",0,0
4469,C006,5943.76,2025-10-06 02:52:20,"New York, US",0,0
1888,C029,1278.16,2025-10-06 02:52:30,"Warszawa, PL",0,0
9150,C002,53.55,2025-10-06 02:55:18,"Kraków, PL",0,0
955,C021,324.26,2025-10-06 03:01:15,"Warszawa, PL",0,0
9234,C092,1521.69,2025-10-06 03:04:00,"London, UK",0,0
9524,C096,889.87,2025-10-06 03:08:21,"Kraków, PL",0,0
1267,C057,13.42,2025-10-06 03:20:03,"New York, US",0,0
8742,C002,2844.55,2025-10-06 03:21:17,"London, UK",0,1
3403,C005,8485.16,2025-10-06 03:24:04,"Warszawa, PL",0,0
4683,C047,395.31,2025-10-06 03:25:17,"Warszawa, PL",0,0
1196,C008,124.44,2025-10-06 03:25:22,"New York, US",0,0
894,C081,72.74,2025-10-06 03:32:24,"London, UK",0,0
6054,C025,439.22,2025-10-06 03:48:03,"New York, US",0,0
6070,C023,528.27,2025-10-06 03:59:00,"Warszawa, PL",0,0
4922,C024,1164.52,2025-10-06 04:00:55,"New York, US",0,1
1385,C023,29.33,2025-10-06 04:03:57,"London, UK",0,0
6680,C012,264.75,2025-10-06 04:06:16,"New York, US",0,0
8431,C055,297.31,2025-10-06 04:09:22,"London, UK",0,0
1870,C048,262.79,2025-10-06 04:10:48,"London, UK",0,0
2344,C072,8470.57,2025-10-06 04:14:49,"London, UK",0,1
8451,C060,8385.71,2025-10-06 04:24:02,"London, UK",0,0
2189,C067,1159.62,2025-10-06 04:26:09,"Kraków, PL",0,0
855,C000,252.12,2025-10-06 04:31:47,"London, UK",0,0
9086,C057,379.53,2025-10-06 04:34:13,"London, UK",0,1
7689,C099,105.12,2025-10-06 04:34:34,"Warszawa, PL",0,0
7027,C061,344.6,2025-10-06 04:36:27,"Kraków, PL",0,0
4707,C096,172.29,2025-10-06 04:39:02,"Kraków, PL",0,0
8768,C044,939.51,2025-10-06 04:52:32,"New York, US",0,0
3877,C048,4305.48,2025-10-06 04:55:24,"New York, US",0,1
3219,C010,154.85,2025-10-06 05:02:33,"New York, US",0,0
2926,C030,170.05,2025-10-06 05:07:17,"Kraków, PL",0,0
5227,C059,2204.99,2025-10-06 05:17:15,"Kraków, PL",0,0
157,C002,545.6,2025-10-06 05:28:49,"London, UK",0,0
2428,C014,1013.92,2025-10-06 05:35:49,"Kraków, PL",0,0
2093,C051,374.87,2025-10-06 05:37:46,"Warszawa, PL",0,0
9705,C096,97.32,2025-10-06 05:38:37,"Kraków, PL",0,0
7381,C009,259.57,2025-10-06 05:53:03,"Warszawa, PL",0,0
8676,C042,3125.08,2025-10-06 06:11:52,"Kraków, PL",0,0
4809,C092,160.89,2025-10-06 06:17:37,"London, UK",0,0
4906,C050,86.75,2025-10-06 06:19:38,"New York, US",0,0
7515,C092,434.54,2025-10-06 06:20:49,"Kraków, PL",0,0
6795,C067,36.49,2025-10-06 06:25:31,"Warszawa, PL",0,0
7200,C008,390.34,2025-10-06 06:27:19,"London, UK",0,0
2200,C095,1268.4,2025-10-06 06:27:22,"London, UK",0,0
5192,C021,949.57,2025-10-06 06:28:45,"Warszawa, PL",0,0
4829,C029,2975.63,2025-10-06 06:29:31,"London, UK",0,0
5970,C076,8346.93,2025-10-06 06:45:08,"New York, US",0,0
5404,C065,36.02,2025-10-06 06:49:00,"Warszawa, PL",0,0
3800,C049,2267.29,2025-10-06 07:05:32,"Kraków, PL",0,0
6880,C009,554.67,2025-10-06 07:06:10,"Warszawa, PL",0,0
6301,C095,1016.7,2025-10-06 07:15:23,"New York, US",0,0
3839,C092,702.36,2025-10-06 07:21:20,"New York, US",0,0
6469,C064,131.71,2025-10-06 07:23:07,"Kraków, PL",0,0
1733,C041,5992.12,2025-10-06 07:23:43,"New York, US",0,0
9747,C058,160.06,2025-10-06 07:28:58,"London, UK",0,0
7704,C038,411.98,2025-10-06 07:30:21,"London, UK",0,0
1427,C088,2154.53,2025-10-06 07:36:29,"London, UK",0,0
3896,C049,1275.8,2025-10-06 07:40:45,"Warszawa, PL",0,0
2908,C080,2475.96,2025-10-06 07:42:11,"London, UK",1,0
7921,C090,28.26,2025-10-06 07:48:13,"Kraków, PL",0,0
8958,C055,51.19,2025-10-06 07:49:49,"Warszawa, PL",0,0
6830,C015,111.02,2025-10-06 07:49:58,"Kraków, PL",0,0
9684,C034,341.44,2025-10-06 07:53:46,"Warszawa, PL",0,0
793,C017,713.38,2025-10-06 07:59:34,"London, UK",0,0
5131,C014,16.81,2025-10-06 08:01:52,"Kraków, PL",0,0
6069,C032,230.02,2025-10-06 08:02:49,"Kraków, PL",0,0
4544,C062,1949.11,2025-10-06 08:10:49,"New York, US",0,0
9090,C056,602.7,2025-10-06 08:11:19,"New York, US",0,1
8249,C035,180.83,2025-10-06 08:13:31,"London, UK",0,0
677,C031,582.69,2025-10-06 08:14:13,"Warszawa, PL",0,0
5012,C076,21.24,2025-10-06 08:21:34,"London, UK",0,0
3992,C003,244.97,2025-10-06 08:25:51,"Warszawa, PL",0,0
9850,C012,306.99,2025-10-06 08:32:33,"Kraków, PL",0,0
6000,C055,701.18,2025-10-06 08:33:08,"New York, US",0,0
6778,C011,89.94,2025-10-06 08:38:32,"New York, US",0,1
1046,C089,5947.05,2025-10-06 08:41:57,"Warszawa, PL",0,1
35,C071,11.52,2025-10-06 08:47:14,"London, UK",0,0
6937,C023,221.08,2025-10-06 08:54:02,"New York, US",0,1
3772,C011,1000.86,2025-10-06 09:11:30,"London, UK",0,0
8382,C092,428.15,2025-10-06 09:19:29,"New York, US",0,0
960,C003,260.84,2025-10-06 09:28:54,"New York, US",0,0
1581,C019,139.83,2025-10-06 09:29:11,"London, UK",0,1
8555,C009,346.23,2025-10-06 09:30:13,"Kraków, PL",0,0
1088,C037,762.21,2025-10-06 09:31:43,"London, UK",0,0
2555,C076,2446.52,2025-10-06 09:33:16,"Warszawa, PL",0,1
4868,C058,253.88,2025-10-06 09:35:52,"New York, US",0,0
6694,C035,1091.71,2025-10-06 09:37:45,"Kraków, PL",0,0
9246,C086,1908.36,2025-10-06 09:38:30,"London, UK",0,1
842,C031,429.02,2025-10-06 09:39:14,"New York, US",0,0
439,C001,250.63,2025-10-06 09:43:24,"Kraków, PL",0,0
1064,C003,2887.51,2025-10-06 09:46:16,"Warszawa, PL",0,0
9286,C038,287.67,2025-10-06 09:53:38,"Warszawa, PL",0,0
7896,C056,1577.39,2025-10-06 10:07:45,"New York, US",0,1
5177,C040,879.09,2025-10-06 10:10:53,"London, UK",0,0
5695,C087,55.31,2025-10-06 10:20:35,"New York, US",0,0
34,C088,73.02,2025-10-06 10:22:44,"London, UK",0,1
1625,C091,886.24,2025-10-06 10:22:51,"London, UK",0,0
1264,C012,1722.2,2025-10-06 10:29:14,"London, UK",0,0
365,C081,115.16,2025-10-06 10:29:50,"Warszawa, PL",0,0
9663,C030,537.61,2025-10-06 10:30:26,"New York, US",0,1
2325,C038,78.97,2025-10-06 10:32:58,"Warszawa, PL",0,0
1468,C086,408.89,2025-10-06 10:39:32,"New York, US",0,0
5142,C086,316.16,2025-10-06 10:52:47,"Warszawa, PL",0,0
8018,C088,22577.25,2025-10-06 11:07:31,"London, UK",0,0
2964,C025,309.39,2025-10-06 11:10:34,"New York, US",0,0
7884,C050,275.44,2025-10-06 11:12:08,"Kraków, PL",0,0
3349,C012,255.45,2025-10-06 11:21:40,"Warszawa, PL",0,0
3643,C028,620.12,2025-10-06 11:28:51,"New York, US",0,0
5035,C045,582.28,2025-10-06 11:31:10,"London, UK",0,0
7433,C046,144.0,2025-10-06 11:32:32,"London, UK",0,0
9449,C049,2178.48,2025-10-06 11:34:52,"New York, US",0,0
4322,C086,292.75,2025-10-06 11:36:02,"Warszawa, PL",0,0
7368,C043,958.71,2025-10-06 11:39:29,"New York, US",0,0
4083,C000,647.54,2025-10-06 11:45:33,"London, UK",0,0
6290,C085,1704.11,2025-10-06 11:47:26,"New York, US",0,0
2596,C049,1309.04,2025-10-06 11:47:58,"London, UK",0,1
6170,C013,151.17,2025-10-06 11:53:28,"Kraków, PL",0,0
1422,C005,12686.9,2025-10-06 11:55:11,"New York, US",0,0
4742,C082,72.3,2025-10-06 12:01:23,"Kraków, PL",0,0
3360,C083,7118.77,2025-10-06 12:07:43,"Kraków, PL",0,0
4537,C044,1114.56,2025-10-06 12:17:47,"London, UK",0,0
6625,C061,8.49,2025-10-06 12:29:20,"New York, US",0,0
2641,C039,4556.85,2025-10-06 12:34:06,"Kraków, PL",0,0
2261,C009,44.63,2025-10-06 12:47:52,"Kraków, PL",0,0
3320,C096,255.06,2025-10-06 13:01:34,"New York, US",0,0
7623,C051,53.6,2025-10-06 13:06:11,"Warszawa, PL",0,0
4442,C083,2059.0,2025-10-06 13:06:51,"New York, US",0,0
7082,C038,80.08,2025-10-06 13:11:03,"London, UK",0,0
5101,C006,1726.98,2025-10-06 13:12:05,"London, UK",0,0
5116,C084,557.6,2025-10-06 13:17:12,"New York, US",0,0
4010,C025,4966.92,2025-10-06 13:17:32,"London, UK",0,0
6727,C038,839.7,2025-10-06 13:26:45,"Warszawa, PL",0,0
4006,C082,4728.36,2025-10-06 13:35:43,"Warszawa, PL",0,0
1503,C046,160.25,2025-10-06 13:37:39,"New York, US",0,0
3124,C074,439.65,2025-10-06 13:39:46,"Warszawa, PL",0,0
4027,C051,42.36,2025-10-06 13:44:32,"Warszawa, PL",0,0
3716,C080,133.21,2025-10-06 13:47:28,"Warszawa, PL",0,0
6259,C095,345.44,2025-10-06 13:49:15,"New York, US",0,0
8540,C026,72.11,2025-10-06 13:49:48,"London, UK",0,0
8295,C083,967.93,2025-10-06 13:52:21,"Warszawa, PL",0,0
8678,C061,962.82,2025-10-06 13:52:58,"Kraków, PL",0,0
1443,C044,1976.31,2025-10-06 14:00:01,"New York, US",0,0
9304,C075,541.11,2025-10-06 14:02:36,"Kraków, PL",0,0
1507,C017,51.3,2025-10-06 14:05:13,"New York, US",0,0
9707,C091,1960.47,2025-10-06 14:06:37,"Warszawa, PL",0,0
8440,C029,1366.06,2025-10-06 14:10:41,"London, UK",0,0
1599,C095,17.33,2025-10-06 14:11:13,"Kraków, PL",0,0
420,C029,220.97,2025-10-06 14:11:22,"Warszawa, PL",0,0
9842,C044,246.3,2025-10-06 14:15:04,"London, UK",0,0
8156,C034,462.43,2025-10-06 14:18:19,"New York, US",0,0
9542,C028,144.26,2025-10-06 14:24:20,"New York, US",0,0
4454,C065,280.29,2025-10-06 14:30:09,"Kraków, PL",0,0
9250,C036,70.29,2025-10-06 14:30:52,"New York, US",0,0
3033,C053,254.15,2025-10-06 14:34:13,"Kraków, PL",0,0
1072,C072,7180.13,2025-10-06 14:36:01,"New York, US",0,1
9638,C093,107.35,2025-10-06 14:49:55,"New York, US",0,0
902,C057,2166.97,2025-10-06 14:50:41,"London, UK",0,0
2550,C027,783.56,2025-10-06 14:52:38,"Kraków, PL",0,0
3148,C093,6957.3,2025-10-06 15:03:05,"Warszawa, PL",0,0
5213,C002,67.79,2025-10-06 15:04:34,"Kraków, PL",0,0
8641,C050,692.42,2025-10-06 15:05:43,"London, UK",0,0
8123,C076,807.59,2025-10-06 15:08:48,"Kraków, PL",0,0
270,C012,390.44,2025-10-06 15:09:22,"Warszawa, PL",0,0
4973,C010,402.21,2025-10-06 15:10:36,"New York, US",0,0
7634,C093,1290.8,2025-10-06 15:11:58,"Warszawa, PL",0,0
3328,C029,112.04,2025-10-06 15:24:22,"London, UK",0,0
3835,C086,25.31,2025-10-06 15:25:39,"Kraków, PL",0,0
2534,C055,45.25,2025-10-06 15:29:21,"Warszawa, PL",0,0
5502,C001,783.49,2025-10-06 15:29:52,"London, UK",0,0
672,C034,3003.18,2025-10-06 15:39:53,"Kraków, PL",0,0
7323,C054,644.05,2025-10-06 15:51:45,"New York, US",0,0
2879,C015,186.89,2025-10-06 15:54:41,"Warszawa, PL",0,0
7018,C009,549.33,2025-10-06 15:58:00,"London, UK",1,0
2126,C024,185.13,2025-10-06 16:04:13,"London, UK",0,0
6537,C074,164.78,2025-10-06 16:33:01,"London, UK",0,0
6045,C016,639.62,2025-10-06 16:39:14,"Warszawa, PL",0,1
3195,C029,513.65,2025-10-06 16:54:04,"London, UK",0,0
3216,C003,209.19,2025-10-06 16:56:18,"Kraków, PL",0,0
5641,C088,115.38,2025-10-06 17:12:12,"New York, US",0,0
87,C011,792.99,2025-10-06 17:19:38,"Warszawa, PL",0,0
58,C078,1352.68,2025-10-06 17:19:46,"London, UK",0,0
9306,C009,104.93,2025-10-06 17:31:15,"Warszawa, PL",0,0
7121,C072,972.13,2025-10-06 17:52:04,"New York, US",0,0
2466,C052,142.78,2025-10-06 17:59:00,"Kraków, PL",0,0
8321,C030,1609.7,2025-10-06 17:59:56,"New York, US",0,1
1228,C078,434.8,2025-10-06 18:10:38,"New York, US",0,0
2685,C020,1178.5,2025-10-06 18:12:58,"New York, US",0,0
9257,C088,742.58,2025-10-06 18:15:32,"New York, US",0,0
1010,C030,20059.6,2025-10-06 18:17:28,"Warszawa, PL",0,0
7074,C062,111.76,2025-10-06 18:21:41,"London, UK",0,0
4136,C051,97.56,2025-10-06 18:27:38,"Kraków, PL",0,0
3486,C026,159.21,2025-10-06 18:28:14,"Kraków, PL",0,0
8897,C003,178.34,2025-10-06 18:31:43,"Kraków, PL",0,0
3604,C040,518.32,2025-10-06 18:34:27,"Kraków, PL",0,0
4840,C029,57.4,2025-10-06 18:37:50,"New York, US",0,0
3304,C041,66.53,2025-10-06 18:38:42,"New York, US",0,0
3497,C008,322.12,2025-10-06 18:41:14,"London, UK",0,0
5009,C055,8365.18,2025-10-06 18:49:36,"London, UK",0,0
181,C078,390.74,2025-10-06 18:49:57,"Kraków, PL",0,0
470,C040,24.29,2025-10-06 18:50:11,"London, UK",1,0
7640,C088,1068.56,2025-10-06 18:56:04,"London, UK",0,0
6852,C012,1837.89,2025-10-06 19:03:12,"New York, US",0,0
2134,C055,140.26,2025-10-06 19:07:41,"Kraków, PL",0,0
979,C002,584.5,2025-10-06 19:11:59,"Warszawa, PL",0,0
1664,C055,175.55,2025-10-06 19:16:13,"London, UK",0,0
9822,C060,139.55,2025-10-06 19:21:05,"Warszawa, PL",0,0
5560,C038,48.05,2025-10-06 19:22:46,"London, UK",0,0
3235,C045,8.05,2025-10-06 19:23:46,"London, UK",0,0
6766,C073,1491.96,2025-10-06 19:25:21,"London, UK",0,0
9841,C004,73.64,2025-10-06 19:28:23,"Warszawa, PL",0,0
5221,C027,77.14,2025-10-06 19:36:24,"Kraków, PL",0,0
1048,C089,225.17,2025-10-06 19:37:38,"London, UK",0,0
4551,C063,12.24,2025-10-06 19:38:21,"Warszawa, PL",0,0
2708,C023,90.6,2025-10-06 19:39:52,"New York, US",0,0
5998,C077,307.22,2025-10-06 19:40:08,"Kraków, PL",0,0
7358,C026,12986.06,2025-10-06 19:49:41,"Warszawa, PL",0,0
6876,C032,560.7,2025-10-06 20:02:16,"Warszawa, PL",0,1
5768,C061,215.24,2025-10-06 20:06:13,"London, UK",0,0
1537,C050,1132.21,2025-10-06 20:09:57,"London, UK",0,0
7458,C084,40.58,2025-10-06 20:17:23,"Warszawa, PL",0,0
6118,C032,643.23,2025-10-06 20:24:37,"London, UK",0,0
9510,C053,99.83,2025-10-06 20:30:47,"London, UK",0,0
9766,C030,1943.53,2025-10-06 20:31:39,"Kraków, PL",0,0
1652,C009,13762.92,2025-10-06 20:32:34,"Warszawa, PL",0,0
6315,C097,183.42,2025-10-06 20:36:18,"Kraków, PL",0,1
4086,C007,1080.86,2025-10-06 20:41:33,"Kraków, PL",0,0
49,C036,470.33,2025-10-06 20:46:40,"Kraków, PL",0,0
4834,C087,440.36,2025-10-06 21:04:45,"Warszawa, PL",0,0
6247,C033,409.86,2025-10-06 21:07:56,"Kraków, PL",0,0
7702,C014,2094.43,2025-10-06 21:08:16,"Kraków, PL",0,0
8726,C076,491.05,2025-10-06 21:08:45,"New York, US",0,0
2778,C073,577.53,2025-10-06 21:22:03,"London, UK",0,0
4940,C054,270.95,2025-10-06 21:36:00,"Kraków, PL",0,0
9075,C082,173.35,2025-10-06 21:45:18,"Warszawa, PL",0,0
8525,C034,227.4,2025-10-06 21:45:51,"Warszawa, PL",0,0
1726,C022,145.27,2025-10-06 21:53:23,"New York, US",0,0
4200,C029,4914.13,2025-10-06 21:55:09,"Kraków, PL",0,0
6660,C098,193.47,2025-10-06 21:58:10,"Warszawa, PL",0,0
1237,C074,95.31,2025-10-06 21:59:02,"New York, US",1,0
8112,C000,155.78,2025-10-06 22:09:58,"London, UK",0,0
6450,C095,181.96,2025-10-06 22:13:20,"Warszawa, PL",0,0
4963,C098,256.08,2025-10-06 22:13:37,"Warszawa, PL",0,1
9265,C074,178.94,2025-10-06 22:18:11,"New York, US",1,0
9397,C070,29.13,2025-10-06 22:18:51,"London, UK",0,0
9703,C087,3509.6,2025-10-06 22:20:06,"Warszawa, PL",0,0
9180,C005,67.05,2025-10-06 22:21:05,"New York, US",0,1
6644,C012,210.3,2025-10-06 22:22:16,"Kraków, PL",0,0
1397,C087,204.68,2025-10-06 22:26:08,"London, UK",0,0
1584,C037,393.0,2025-10-06 22:29:25,"New York, US",0,0
9002,C023,867.31,2025-10-06 22:31:07,"Kraków, PL",0,0
1759,C011,271.98,2025-10-06 22:31:39,"Kraków, PL",0,0
321,C098,2105.25,2025-10-06 22:39:52,"London, UK",0,0
4605,C052,11.77,2025-10-06 22:43:38,"Kraków, PL",0,0
6947,C046,4097.66,2025-10-06 22:44:04,"Kraków, PL",0,0
8759,C052,1490.3,2025-10-06 22:44:54,"Kraków, PL",0,0
407,C019,2074.2,2025-10-06 22:48:24,"Warszawa, PL",0,0
8633,C069,307.14,2025-10-06 22:48:56,"London, UK",0,0
2319,C050,1317.41,2025-10-06 22:49:42,"Kraków, PL",0,0
2503,C051,10608.38,2025-10-06 22:51:51,"Kraków, PL",0,0
8017,C061,779.23,2025-10-06 22:55:05,"New York, US",0,0
1013,C082,60.25,2025-10-06 22:55:37,"Kraków, PL",0,0
3673,C079,72.93,2025-10-06 22:58:29,"Kraków, PL",0,0
2542,C085,242.03,2025-10-06 22:59:45,"New York, US",0,0
1564,C035,1342.13,2025-10-06 23:00:13,"New York, US",0,0
8840,C088,71.15,2025-10-06 23:01:43,"Warszawa, PL",0,0
6165,C085,18265.34,2025-10-06 23:02:27,"New York, US",0,0
6302,C033,3671.32,2025-10-06 23:02:35,"Warszawa, PL",0,0
1824,C035,4196.07,2025-10-06 23:04:25,"Warszawa, PL",0,0
3770,C011,1402.14,2025-10-06 23:08:12,"Warszawa, PL",0,0
6716,C081,685.91,2025-10-06 23:12:55,"Kraków, PL",0,0
8254,C058,1510.46,2025-10-06 23:17:13,"Kraków, PL",0,0
4608,C060,78.57,2025-10-06 23:19:13,"New York, US",0,0
3065,C068,41.15,2025-10-06 23:22:32,"New York, US",0,0
2936,C012,58.28,2025-10-06 23:32:02,"Warszawa, PL",0,0
3891,C074,2860.12,2025-10-06 23:41:26,"Warszawa, PL",0,1
2369,C070,176.84,2025-10-06 23:45:06,"New York, US",0,0
5763,C089,297.71,2025-10-06 23:45:20,"London, UK",0,0
1376,C016,3568.95,2025-10-06 23:45:22,"London, UK",0,0
8580,C072,2026.31,2025-10-06 23:46:26,"Warszawa, PL",0,0
1620,C016,1498.39,2025-10-06 23:54:02,"Kraków, PL",0,0
5867,C034,147.03,2025-10-06 23:55:30,"New York, US",0,0
5117,C080,372.13,2025-10-07 00:10:13,"New York, US",0,0
4353,C027,98.47,2025-10-07 00:14:30,"London, UK",1,0
1527,C013,458.24,2025-10-07 00:18:33,"London, UK",0,0
4870,C062,584.36,2025-10-07 00:23:08,"Warszawa, PL",0,0
5318,C026,22306.09,2025-10-07 00:31:10,"New York, US",0,0
2237,C057,41.59,2025-10-07 00:32:07,"Kraków, PL",0,0
2348,C082,30.85,2025-10-07 00:33:35,"New York, US",0,0
9945,C002,3040.17,2025-10-07 00:42:07,"Kraków, PL",0,0
6707,C006,165.89,2025-10-07 00:42:40,"London, UK",0,0
2090,C066,969.9,2025-10-07 00:43:37,"New York, US",0,0
6872,C082,2461.19,2025-10-07 00:46:35,"Warszawa, PL",0,1
13,C074,219.02,2025-10-07 00:54:34,"London, UK",0,0
1001,C027,75.2,2025-10-07 00:54:57,"Warszawa, PL",0,0
5757,C026,2026.3,2025-10-07 00:59:08,"New York, US",0,0
205,C022,18920.78,2025-10-07 01:05:54,"Kraków, PL",0,0
5398,C075,68.29,2025-10-07 01:06:14,"Warszawa, PL",0,0
444,C058,304.53,2025-10-07 01:14:09,"London, UK",0,0
7231,C003,326.35,2025-10-07 01:15:18,"New York, US",0,0
5576,C061,77.41,2025-10-07 01:19:12,"London, UK",0,0
90,C025,119.63,2025-10-07 01:21:07,"London, UK",0,0
9419,C060,97.02,2025-10-07 01:23:29,"Kraków, PL",0,0
9804,C091,1354.01,2025-10-07 01:24:31,"Warszawa, PL",0,0
1860,C050,2068.52,2025-10-07 01:31:32,"Warszawa, PL",0,0
4846,C029,1669.68,2025-10-07 01:31:38,"New York, US",0,0
297,C060,154.31,2025-10-07 01:41:18,"Warszawa, PL",0,0
7199,C043,335.95,2025-10-07 01:44:33,"New York, US",0,0
1489,C042,2392.59,2025-10-07 01:47:50,"Kraków, PL",0,0
947,C038,100.92,2025-10-07 01:48:16,"New York, US",0,0
7887,C026,1483.9,2025-10-07 01:54:12,"Warszawa, PL",0,0
2442,C082,2261.43,2025-10-07 01:55:28,"New York, US",0,0
8996,C067,31.82,2025-10-07 01:56:34,"New York, US",0,0
7325,C066,112.75,2025-10-07 02:03:22,"London, UK",0,0
5871,C051,33.22,2025-10-07 02:03:36,"Kraków, PL",0,0
1640,C095,3806.56,2025-10-07 02:05:17,"New York, US",0,0
7788,C003,281.25,2025-10-07 02:06:06,"London, UK",0,0
6883,C041,462.0,2025-10-07 02:09:20,"Warszawa, PL",0,0
4076,C080,1315.79,2025-10-07 02:16:42,"Warszawa, PL",0,0
9739,C050,3932.2,2025-10-07 02:19:21,"London, UK",0,0
2710,C059,158.38,2025-10-07 02:20:02,"Warszawa, PL",0,0
4504,C015,265.5,2025-10-07 02:21:17,"Warszawa, PL",0,0
6390,C003,4771.0,2025-10-07 02:29:04,"New York, US",0,0
9704,C004,963.74,2025-10-07 02:33:37,"Warszawa, PL",0,0
2014,C091,607.07,2025-10-07 02:35:24,"London, UK",0,0
3118,C006,95.97,2025-10-07 02:39:23,"London, UK",0,0
4362,C004,134.24,2025-10-07 02:40:21,"Warszawa, PL",0,0
2198,C025,238.11,2025-10-07 02:45:25,"Warszawa, PL",0,0
1500,C044,3034.2,2025-10-07 02:46:20,"Kraków, PL",0,0
5153,C074,7242.92,2025-10-07 03:00:30,"Warszawa, PL",0,0
2554,C059,348.8,2025-10-07 03:01:05,"New York, US",0,0
8541,C036,491.58,2025-10-07 03:02:09,"Warszawa, PL",0,0
5709,C073,1876.99,2025-10-07 03:03:00,"Warszawa, PL",0,0
9878,C053,156.07,2025-10-07 03:07:52,"London, UK",0,0
8395,C060,4887.15,2025-10-07 03:13:01,"London, UK",0,0
6885,C089,59.36,2025-10-07 03:14:24,"New York, US",0,1
7075,C052,616.28,2025-10-07 03:20:35,"Kraków, PL",0,0
2576,C072,610.6,2025-10-07 03:20:48,"New York, US",0,0
9465,C058,2900.17,2025-10-07 03:21:21,"Warszawa, PL",0,0
7892,C052,291.52,2025-10-07 03:25:59,"London, UK",0,0
7161,C058,160.72,2025-10-07 03:34:15,"Kraków, PL",0,0
505,C035,4003.84,2025-10-07 03:39:29,"Kraków, PL",0,0
4296,C047,1000.04,2025-10-07 03:43:12,"New York, US",0,1
5732,C047,4959.34,2025-10-07 03:44:29,"London, UK",0,0
7801,C008,5806.01,2025-10-07 03:58:23,"London, UK",0,0
3045,C034,327.55,2025-10-07 03:58:33,"London, UK",0,0
575,C083,5787.32,2025-10-07 03:59:02,"London, UK",0,0
6732,C017,289.82,2025-10-07 04:07:38,"London, UK",0,0
4546,C076,1449.01,2025-10-07 04:14:04,"Warszawa, PL",0,0
3297,C076,14.86,2025-10-07 04:14:14,"New York, US",0,0
6882,C090,3119.89,2025-10-07 04:29:27,"London, UK",0,0
6547,C094,1935.35,2025-10-07 04:31:42,"Warszawa, PL",0,0
317,C017,932.52,2025-10-07 04:37:02,"London, UK",0,0
3500,C074,145.84,2025-10-07 04:43:52,"New York, US",0,0
7114,C051,6105.96,2025-10-07 04:46:37,"Kraków, PL",0,0
5564,C011,1834.52,2025-10-07 04:48:26,"Kraków, PL",0,0
896,C019,211.24,2025-10-07 04:52:50,"Kraków, PL",0,0
4935,C069,334.12,2025-10-07 04:55:23,"Warszawa, PL",0,0
5205,C092,377.33,2025-10-07 04:55:40,"New York, US",0,0
6856,C002,6067.66,2025-10-07 04:59:36,"Warszawa, PL",0,0
7255,C017,115.43,2025-10-07 05:02:48,"Warszawa, PL",0,0
2847,C070,220.08,2025-10-07 05:05:04,"New York, US",0,1
9636,C066,37.81,2025-10-07 05:10:14,"New York, US",0,0
5549,C071,96.74,2025-10-07 05:14:38,"Kraków, PL",0,0
3196,C039,2659.26,2025-10-07 05:20:59,"Kraków, PL",0,0
3791,C039,103.31,2025-10-07 05:24:23,"Kraków, PL",0,0
7189,C016,28.71,2025-10-07 05:26:22,"Warszawa, PL",0,0
4094,C011,76.72,2025-10-07 05:32:55,"New York, US",0,0
1780,C033,151.48,2025-10-07 05:33:53,"Kraków, PL",0,0
6365,C067,440.33,2025-10-07 05:36:01,"London, UK",0,0
23,C017,691.96,2025-10-07 05:56:39,"Warszawa, PL",0,0
1518,C040,1036.36,2025-10-07 05:57:52,"London, UK",0,1
4074,C063,119.74,2025-10-07 06:00:22,"New York, US",0,1
3608,C005,1334.51,2025-10-07 06:12:24,"New York, US",0,0
3810,C006,1574.58,2025-10-07 06:14:06,"Kraków, PL",0,1
2568,C014,155.12,2025-10-07 06:15:30,"Kraków, PL",0,1
7413,C042,1197.09,2025-10-07 06:17:01,"Kraków, PL",0,0
4865,C000,8177.07,2025-10-07 06:21:14,"Kraków, PL",0,0
6706,C010,1523.59,2025-10-07 06:24:12,"London, UK",0,0
5421,C023,873.38,2025-10-07 06:27:16,"Kraków, PL",0,0
9791,C097,996.52,2025-10-07 06:33:20,"New York, US",0,0
3678,C093,91.7,2025-10-07 06:33:32,"Kraków, PL",0,0
3610,C041,71.11,2025-10-07 06:37:52,"Warszawa, PL",0,0
2287,C011,29.87,2025-10-07 06:44:24,"Warszawa, PL",0,0
5098,C094,183.97,2025-10-07 06:50:05,"Warszawa, PL",0,0
5249,C015,2757.17,2025-10-07 06:51:09,"London, UK",0,0
9436,C033,1778.92,2025-10-07 06:52:56,"New York, US",0,0
3150,C024,72.92,2025-10-07 06:55:40,"New York, US",0,0
4758,C049,2097.78,2025-10-07 07:06:15,"Kraków, PL",0,0
2818,C004,1887.63,2025-10-07 07:21:15,"Kraków, PL",0,1
7386,C085,768.75,2025-10-07 07:28:57,"Warszawa, PL",0,0
8052,C042,1329.02,2025-10-07 07:35:36,"Kraków, PL",0,0
2021,C038,480.6,2025-10-07 07:38:31,"Warszawa, PL",0,0
4762,C014,527.52,2025-10-07 07:43:35,"London, UK",0,1
3663,C004,166.82,2025-10-07 07:46:17,"London, UK",0,1
2597,C056,949.9,2025-10-07 07:50:13,"New York, US",0,0
5503,C087,592.07,2025-10-07 07:59:38,"New York, US",0,0
4684,C097,1013.76,2025-10-07 08:00:00,"New York, US",0,0
9375,C021,144.15,2025-10-07 08:00:26,"Kraków, PL",0,1
9006,C050,500.14,2025-10-07 08:06:02,"Warszawa, PL",0,0
9905,C088,606.87,2025-10-07 08:11:33,"Warszawa, PL",0,0
4770,C037,1636.43,2025-10-07 08:13:25,"Kraków, PL",0,0
2981,C015,1108.74,2025-10-07 08:22:06,"Warszawa, PL",0,0
7227,C001,19.12,2025-10-07 08:27:01,"London, UK",0,0
3347,C033,861.24,2025-10-07 08:32:32,"London, UK",0,0
1976,C040,157.28,2025-10-07 08:34:22,"New York, US",0,1
38,C066,97.17,2025-10-07 08:39:47,"New York, US",0,0
5911,C009,1299.34,2025-10-07 08:40:07,"Kraków, PL",0,0
891,C074,6786.74,2025-10-07 09:00:35,"Kraków, PL",0,0
7236,C067,242.56,2025-10-07 09:04:35,"London, UK",0,0
1791,C003,366.35,2025-10-07 09:07:59,"Warszawa, PL",0,1
8611,C092,99.18,2025-10-07 09:09:34,"Kraków, PL",0,0
8161,C009,234.76,2025-10-07 09:17:34,"London, UK",0,0
2889,C045,580.72,2025-10-07 09:18:02,"London, UK",0,0
206,C047,573.66,2025-10-07 09:30:36,"Kraków, PL",0,0
1002,C034,499.93,2025-10-07 09:31:14,"Kraków, PL",0,0
4851,C031,142.25,2025-10-07 09:35:41,"Kraków, PL",0,0
8462,C058,2722.57,2025-10-07 09:53:22,"Warszawa, PL",0,0
4338,C007,74.12,2025-10-07 09:55:46,"New York, US",0,1
1592,C043,1206.2,2025-10-07 09:56:46,"Kraków, PL",0,0
2495,C025,40.62,2025-10-07 10:01:01,"Kraków, PL",0,0
4534,C068,404.09,2025-10-07 10:01:05,"New York, US",0,0
7854,C092,1796.54,2025-10-07 10:06:07,"New York, US",0,0
3399,C080,163.61,2025-10-07 10:07:47,"Kraków, PL",0,1
6100,C012,276.58,2025-10-07 10:09:06,"Kraków, PL",0,0
1325,C001,539.62,2025-10-07 10:19:28,"Warszawa, PL",0,0
188,C046,680.46,2025-10-07 10:20:57,"London, UK",0,0
6492,C049,4102.97,2025-10-07 10:22:42,"Warszawa, PL",0,0
1082,C071,1512.05,2025-10-07 10:22:54,"New York, US",0,0
448,C022,12.16,2025-10-07 10:26:16,"Warszawa, PL",0,0
7177,C030,1925.68,2025-10-07 10:27:04,"London, UK",0,0
853,C098,3.4,2025-10-07 10:27:58,"New York, US",0,0
8014,C035,2894.05,2025-10-07 10:36:47,"New York, US",0,0
6258,C044,140.66,2025-10-07 10:44:57,"London, UK",0,0
6460,C022,723.74,2025-10-07 10:49:33,"Kraków, PL",0,0
156,C034,1813.11,2025-10-07 10:53:28,"London, UK",0,0
1995,C028,79.14,2025-10-07 10:53:41,"Warszawa, PL",0,0
5397,C050,535.29,2025-10-07 10:59:34,"London, UK",0,0
6809,C005,1074.65,2025-10-07 11:04:11,"Warszawa, PL",0,0
3590,C088,117.39,2025-10-07 11:07:20,"London, UK",0,0
5493,C081,219.12,2025-10-07 11:08:03,"Warszawa, PL",0,0
6570,C017,728.17,2025-10-07 11:11:02,"Kraków, PL",0,0
2735,C082,526.86,2025-10-07 11:15:37,"London, UK",0,0
6488,C012,408.86,2025-10-07 11:32:22,"New York, US",0,0
790,C010,96.85,2025-10-07 11:46:32,"Warszawa, PL",0,0
1121,C016,243.68,2025-10-07 11:48:25,"Kraków, PL",0,0
4480,C064,287.53,2025-10-07 12:01:54,"Kraków, PL",0,0
1535,C047,938.88,2025-10-07 12:07:27,"Kraków, PL",0,0
8487,C014,193.36,2025-10-07 12:18:46,"New York, US",0,1
3209,C022,2520.96,2025-10-07 12:20:20,"Kraków, PL",0,0
1560,C031,4885.3,2025-10-07 12:21:19,"London, UK",0,0
16,C004,482.45,2025-10-07 12:23:13,"Kraków, PL",0,0
5620,C041,1037.1,2025-10-07 12:32:01,"London, UK",0,1
1093,C093,1658.17,2025-10-07 12:32:21,"London, UK",0,0
3787,C004,456.65,2025-10-07 12:33:38,"London, UK",0,0
9593,C001,451.13,2025-10-07 12:35:42,"London, UK",0,0
4149,C083,706.11,2025-10-07 12:39:14,"London, UK",0,1
5501,C015,262.74,2025-10-07 13:03:11,"London, UK",0,0
8636,C065,649.89,2025-10-07 13:06:24,"London, UK",0,0
9408,C051,465.19,2025-10-07 13:07:51,"London, UK",0,0
434,C005,62.22,2025-10-07 13:09:21,"Kraków, PL",0,1
5840,C080,36.44,2025-10-07 13:10:04,"New York, US",0,0
9289,C002,1713.54,2025-10-07 13:17:57,"New York, US",1,1
2882,C033,113.62,2025-10-07 13:20:11,"Kraków, PL",0,1
8001,C085,2787.63,2025-10-07 13:23:03,"Kraków, PL",0,0
2137,C068,1135.66,2025-10-07 13:34:53,"Kraków, PL",0,0
7070,C048,414.76,2025-10-07 13:35:00,"London, UK",0,1
624,C000,53.38,2025-10-07 13:35:47,"New York, US",0,0
4934,C091,131.22,2025-10-07 13:38:30,"London, UK",0,0
5135,C024,140.73,2025-10-07 13:54:49,"Kraków, PL",0,0
9973,C088,133.8,2025-10-07 13:55:55,"New York, US",0,0
4018,C074,371.74,2025-10-07 13:58:40,"London, UK",0,0
3432,C056,214.76,2025-10-07 14:00:53,"New York, US",0,0
3745,C084,17.5,2025-10-07 14:08:01,"Kraków, PL",0,0
8693,C096,862.02,2025-10-07 14:14:04,"Warszawa, PL",0,0
8590,C085,861.06,2025-10-07 14:16:47,"London, UK",0,1
9388,C059,2744.48,2025-10-07 14:32:49,"London, UK",0,0
6228,C013,20376.76,2025-10-07 14:33:00,"Kraków, PL",0,0
467,C081,151.65,2025-10-07 14:45:06,"Kraków, PL",0,0
6669,C099,975.98,2025-10-07 14:47:00,"Warszawa, PL",0,0
4069,C022,201.4,2025-10-07 14:47:27,"London, UK",0,0
3010,C020,900.27,2025-10-07 14:55:03,"Kraków, PL",0,1
7452,C032,500.28,2025-10-07 15:00:12,"New York, US",0,0
3866,C093,16.81,2025-10-07 15:00:29,"Warszawa, PL",0,0
8178,C089,192.36,2025-10-07 15:04:17,"Warszawa, PL",0,0
6718,C058,21.86,2025-10-07 15:05:57,"London, UK",0,0
1005,C028,32.29,2025-10-07 15:06:18,"Warszawa, PL",0,0
9887,C070,315.49,2025-10-07 15:08:30,"Warszawa, PL",0,0
9730,C010,72.26,2025-10-07 15:09:23,"Kraków, PL",0,0
5230,C025,140.9,2025-10-07 15:11:45,"New York, US",0,0
6396,C097,120.99,2025-10-07 15:16:29,"Kraków, PL",0,0
9501,C045,278.74,2025-10-07 15:22:20,"Kraków, PL",0,0
3149,C008,588.63,2025-10-07 15:29:53,"London, UK",1,0
6845,C075,311.93,2025-10-07 15:35:44,"Kraków, PL",0,0
5555,C001,838.66,2025-10-07 15:50:59,"New York, US",0,0
8325,C093,642.57,2025-10-07 15:51:11,"London, UK",0,0
3932,C034,63.48,2025-10-07 15:51:17,"London, UK",0,0
8334,C005,725.69,2025-10-07 15:54:26,"Kraków, PL",0,0
5458,C057,712.19,2025-10-07 15:54:46,"Warszawa, PL",0,0
142,C022,558.6,2025-10-07 16:12:13,"Warszawa, PL",0,0
756,C098,624.97,2025-10-07 16:17:12,"New York, US",0,0
5412,C031,2531.79,2025-10-07 16:18:05,"Warszawa, PL",0,0
5681,C050,611.59,2025-10-07 16:18:39,"Kraków, PL",0,0
3611,C009,3061.95,2025-10-07 16:19:57,"Kraków, PL",0,0
6140,C055,283.2,2025-10-07 16:20:02,"Kraków, PL",0,0
144,C080,536.64,2025-10-07 16:23:38,"Warszawa, PL",0,0
235,C087,376.36,2025-10-07 16:32:37,"New York, US",0,0
4849,C032,797.17,2025-10-07 16:33:14,"Kraków, PL",0,0
5496,C075,20.83,2025-10-07 16:44:43,"Warszawa, PL",0,0
9798,C032,89.99,2025-10-07 16:45:03,"New York, US",0,0
3806,C089,1353.93,2025-10-07 16:48:26,"Kraków, PL",0,0
6284,C070,352.11,2025-10-07 16:48:30,"London, UK",0,0
8175,C029,85.86,2025-10-07 16:52:17,"Kraków, PL",0,0
4512,C058,367.78,2025-10-07 16:53:07,"Warszawa, PL",0,0
8498,C079,1242.12,2025-10-07 16:56:15,"Warszawa, PL",0,0
9233,C073,1618.05,2025-10-07 17:00:23,"Kraków, PL",0,0
272,C016,8.8,2025-10-07 17:05:22,"Kraków, PL",0,0
9011,C027,133.26,2025-10-07 17:06:08,"New York, US",0,0
7792,C006,119.42,2025-10-07 17:13:25,"London, UK",0,0
1998,C008,592.29,2025-10-07 17:13:43,"London, UK",0,0
1275,C025,241.28,2025-10-07 17:19:32,"Kraków, PL",0,1
9587,C029,1056.8,2025-10-07 17:21:33,"Warszawa, PL",0,0
4183,C030,262.17,2025-10-07 17:25:29,"Warszawa, PL",0,0
1044,C053,507.92,2025-10-07 17:37:08,"London, UK",0,0
4227,C001,120.83,2025-10-07 17:38:04,"New York, US",0,0
8812,C023,151.24,2025-10-07 17:38:15,"London, UK",0,0
1074,C065,152.47,2025-10-07 17:39:32,"Warszawa, PL",0,0
8493,C072,218.17,2025-10-07 17:41:08,"New York, US",0,0
1331,C040,311.78,2025-10-07 17:43:52,"Warszawa, PL",0,1
9033,C045,78.24,2025-10-07 17:43:53,"New York, US",0,0
577,C040,411.25,2025-10-07 17:50:38,"Warszawa, PL",0,0
4215,C068,1283.85,2025-10-07 17:53:50,"New York, US",0,0
9357,C011,233.95,2025-10-07 17:56:31,"Warszawa, PL",0,0
5180,C010,159.61,2025-10-07 18:01:23,"Warszawa, PL",0,0
7646,C068,317.54,2025-10-07 18:01:43,"Kraków, PL",0,0
1643,C083,16.46,2025-10-07 18:06:18,"London, UK",0,0
259,C028,921.82,2025-10-07 18:14:32,"Kraków, PL",0,0
4261,C019,1634.24,2025-10-07 18:18:12,"New York, US",0,0
8608,C004,221.82,2025-10-07 18:26:21,"London, UK",0,0
4133,C066,331.57,2025-10-07 18:31:06,"New York, US",0,0
781,C044,69.93,2025-10-07 18:31:44,"Warszawa, PL",0,0
6110,C086,627.56,2025-10-07 18:42:28,"Kraków, PL",0,0
2853,C031,60.92,2025-10-07 18:46:05,"New York, US",0,0
2634,C002,5585.4,2025-10-07 18:47:26,"Warszawa, PL",0,0
2326,C013,404.33,2025-10-07 18:47:57,"London, UK",0,0
325,C098,196.86,2025-10-07 18:48:14,"New York, US",0,0
9601,C057,3637.01,2025-10-07 18:51:11,"London, UK",0,0
1563,C063,187.49,2025-10-07 19:03:20,"Kraków, PL",0,0
7287,C000,54.3,2025-10-07 19:03:48,"Kraków, PL",0,0
8841,C093,62.68,2025-10-07 19:05:45,"London, UK",0,0
3240,C049,671.37,2025-10-07 19:08:26,"London, UK",0,0
9936,C006,56.59,2025-10-07 19:10:53,"Kraków, PL",0,0
9861,C066,47.24,2025-10-07 19:13:41,"New York, US",0,0
7245,C045,271.04,2025-10-07 19:14:39,"London, UK",0,1
4547,C018,2009.13,2025-10-07 19:44:02,"London, UK",0,0
8456,C038,1538.48,2025-10-07 19:48:16,"New York, US",0,0
3669,C009,130.17,2025-10-07 19:48:25,"Kraków, PL",0,0
2133,C073,7818.57,2025-10-07 19:50:57,"London, UK",0,0
7468,C059,381.55,2025-10-07 19:58:59,"London, UK",0,1
7373,C060,814.42,2025-10-07 20:01:07,"Warszawa, PL",0,0
2715,C033,46.59,2025-10-07 20:08:23,"London, UK",0,0
2840,C010,568.65,2025-10-07 20:10:52,"Kraków, PL",0,0
6678,C079,193.97,2025-10-07 20:13:35,"New York, US",0,0
8721,C059,475.29,2025-10-07 20:15:07,"Warszawa, PL",0,0
5692,C003,2195.66,2025-10-07 20:22:58,"New York, US",0,0
2017,C060,421.59,2025-10-07 20:29:37,"London, UK",0,1
8355,C038,1836.68,2025-10-07 20:36:40,"New York, US",0,0
3935,C026,660.44,2025-10-07 20:39:20,"Warszawa, PL",0,1
4188,C042,344.66,2025-10-07 20:47:05,"New York, US",0,0
7657,C003,70.75,2025-10-07 20:54:34,"Warszawa, PL",0,0
4147,C047,2973.61,2025-10-07 20:55:41,"Kraków, PL",0,0
9544,C011,234.6,2025-10-07 20:55:54,"Warszawa, PL",0,0
2460,C048,142.41,2025-10-07 20:56:45,"New York, US",0,0
244,C077,620.23,2025-10-07 20:57:02,"New York, US",0,0
8304,C018,209.49,2025-10-07 20:59:08,"London, UK",0,0
5432,C016,440.61,2025-10-07 21:07:14,"Kraków, PL",0,0
5217,C067,580.45,2025-10-07 21:10:57,"New York, US",0,0
8924,C087,952.25,2025-10-07 21:12:20,"Kraków, PL",0,0
7492,C074,6577.65,2025-10-07 21:25:11,"Kraków, PL",0,0
1868,C073,52.26,2025-10-07 21:27:24,"New York, US",0,0
1108,C024,43.3,2025-10-07 21:28:09,"London, UK",0,0
6242,C072,184.72,2025-10-07 21:29:12,"New York, US",0,0
1681,C015,116.88,2025-10-07 21:42:22,"London, UK",0,0
6540,C048,195.9,2025-10-07 21:45:28,"Kraków, PL",0,0
3096,C064,199.33,2025-10-07 21:52:39,"New York, US",0,0
7032,C046,785.14,2025-10-07 21:56:43,"Warszawa, PL",0,1
3834,C045,205.26,2025-10-07 22:02:23,"Warszawa, PL",0,1
7160,C013,100.36,2025-10-07 22:04:16,"Kraków, PL",0,0
4801,C099,52.56,2025-10-07 22:14:04,"New York, US",0,0
2042,C048,1825.06,2025-10-07 22:20:20,"New York, US",0,0
8223,C017,899.2,2025-10-07 22:26:31,"London, UK",0,1
8146,C024,206.82,2025-10-07 22:27:13,"Kraków, PL",0,0
254,C095,245.18,2025-10-07 22:31:23,"London, UK",0,0
6094,C084,23.42,2025-10-07 22:33:03,"London, UK",0,0
9092,C002,223.77,2025-10-07 22:37:08,"Kraków, PL",0,0
2910,C073,38.04,2025-10-07 22:37:49,"London, UK",0,0
5151,C041,348.36,2025-10-07 22:39:15,"Warszawa, PL",0,1
4720,C047,108.92,2025-10-07 22:47:33,"New York, US",0,0
2077,C091,1845.96,2025-10-07 22:55:58,"Kraków, PL",0,0
7232,C081,294.65,2025-10-07 22:57:06,"London, UK",0,0
8000,C034,1804.97,2025-10-07 22:58:56,"London, UK",0,0
8413,C055,724.91,2025-10-07 23:01:34,"New York, US",0,0
4251,C014,637.16,2025-10-07 23:21:50,"New York, US",0,1
6748,C013,1045.02,2025-10-07 23:26:39,"Kraków, PL",0,0
7116,C091,11.29,2025-10-07 23:29:21,"London, UK",0,0
6160,C048,667.46,2025-10-07 23:29:32,"New York, US",0,0
8084,C039,74.06,2025-10-07 23:38:26,"Kraków, PL",0,0
350,C035,111.6,2025-10-07 23:39:04,"London, UK",0,0
2084,C068,209.22,2025-10-07 23:40:27,"London, UK",0,1
1531,C092,73.9,2025-10-07 23:53:28,"New York, US",0,0
2744,C025,478.66,2025-10-07 23:56:33,"New York, US",1,0
9141,C080,119.76,2025-10-08 00:00:00,"New York, US",0,0
8760,C094,337.4,2025-10-08 00:00:49,"London, UK",0,0
7339,C040,1226.75,2025-10-08 00:00:56,"London, UK",0,1
2373,C086,502.77,2025-10-08 00:09:45,"Warszawa, PL",0,1
9942,C025,966.8,2025-10-08 00:12:19,"Warszawa, PL",0,0
6254,C007,238.37,2025-10-08 00:22:29,"New York, US",0,0
6919,C053,99.35,2025-10-08 00:24:38,"London, UK",0,0
5357,C049,1854.13,2025-10-08 00:26:50,"New York, US",0,0
4072,C020,96.82,2025-10-08 00:26:59,"New York, US",0,0
4802,C024,3559.45,2025-10-08 00:36:25,"New York, US",0,0
4468,C056,365.87,2025-10-08 00:38:50,"London, UK",0,0
1875,C025,207.56,2025-10-08 00:40:04,"London, UK",0,0
9618,C072,531.23,2025-10-08 00:45:47,"Warszawa, PL",0,0
1741,C088,147.01,2025-10-08 00:51:29,"Kraków, PL",0,0
3853,C061,20.96,2025-10-08 00:52:35,"Kraków, PL",0,0
1513,C045,331.69,2025-10-08 00:53:00,"London, UK",0,0
7312,C080,1677.83,2025-10-08 00:56:45,"Kraków, PL",0,0
3888,C060,651.57,2025-10-08 00:59:56,"London, UK",0,1
1051,C057,440.63,2025-10-08 01:00:05,"Warszawa, PL",0,0
642,C075,244.75,2025-10-08 01:00:46,"Warszawa, PL",0,0
8360,C074,1689.07,2025-10-08 01:05:30,"London, UK",0,0
7238,C048,126.23,2025-10-08 01:16:11,"New York, US",0,0
8966,C047,308.39,2025-10-08 01:22:03,"Warszawa, PL",0,0
5683,C010,808.57,2025-10-08 01:36:24,"London, UK",0,0
55,C031,101.13,2025-10-08 01:42:07,"New York, US",0,0
1830,C023,3532.58,2025-10-08 01:55:23,"London, UK",0,0
8839,C092,149.16,2025-10-08 01:56:59,"New York, US",0,0
8643,C056,231.11,2025-10-08 01:57:27,"Kraków, PL",0,0
8212,C094,1306.2,2025-10-08 02:05:06,"Warszawa, PL",0,0
8600,C003,1806.36,2025-10-08 02:05:55,"New York, US",0,0
6197,C098,3193.58,2025-10-08 02:05:58,"New York, US",0,1
1487,C029,255.06,2025-10-08 02:16:51,"New York, US",0,0
6961,C076,416.92,2025-10-08 02:19:38,"Warszawa, PL",0,0
5815,C070,113.99,2025-10-08 02:23:02,"Warszawa, PL",0,0
9549,C091,754.73,2025-10-08 02:24:02,"New York, US",0,0
8139,C099,83.87,2025-10-08 02:24:07,"Warszawa, PL",0,0
8468,C030,443.18,2025-10-08 02:24:17,"Kraków, PL",0,0
7211,C014,642.47,2025-10-08 02:25:25,"New York, US",0,0
5766,C067,19.1,2025-10-08 02:25:39,"London, UK",0,0
8767,C081,559.14,2025-10-08 02:27:42,"Warszawa, PL",0,0
9724,C035,504.8,2025-10-08 02:31:04,"Kraków, PL",0,0
8509,C040,153.6,2025-10-08 02:31:43,"New York, US",0,0
8696,C085,126.59,2025-10-08 02:31:54,"Kraków, PL",0,0
9460,C079,571.27,2025-10-08 02:34:14,"Kraków, PL",0,0
6155,C057,35.37,2025-10-08 02:40:32,"New York, US",0,0
6324,C018,128.27,2025-10-08 02:50:00,"Kraków, PL",0,0
7152,C031,572.39,2025-10-08 02:54:09,"New York, US",0,0
9860,C037,479.81,2025-10-08 02:57:05,"New York, US",0,0
9142,C032,26.78,2025-10-08 02:57:10,"Warszawa, PL",0,0
6046,C046,154.74,2025-10-08 02:57:59,"New York, US",0,0
4123,C007,1396.3,2025-10-08 02:58:31,"New York, US",0,0
4714,C035,7.89,2025-10-08 03:05:23,"Kraków, PL",0,0
459,C083,102.55,2025-10-08 03:36:11,"Warszawa, PL",0,0
9658,C065,1882.71,2025-10-08 03:38:05,"London, UK",0,0
1927,C039,1713.33,2025-10-08 03:48:19,"Kraków, PL",0,0
9693,C096,934.1,2025-10-08 03:53:02,"Warszawa, PL",0,0
6552,C022,706.37,2025-10-08 03:55:40,"Warszawa, PL",0,0
8865,C083,312.92,2025-10-08 03:58:57,"London, UK",0,0
6113,C042,924.45,2025-10-08 04:00:16,"Kraków, PL",0,0
4878,C095,326.64,2025-10-08 04:03:03,"London, UK",0,0
840,C061,30.17,2025-10-08 04:06:00,"London, UK",0,0
7051,C098,180.29,2025-10-08 04:07:34,"Kraków, PL",0,0
5597,C038,2063.1,2025-10-08 04:07:34,"Kraków, PL",0,0
8128,C047,1427.76,2025-10-08 04:13:19,"Warszawa, PL",0,0
372,C063,728.47,2025-10-08 04:15:15,"Kraków, PL",0,0
9512,C098,474.87,2025-10-08 04:33:06,"Kraków, PL",1,0
8597,C091,2409.07,2025-10-08 04:36:55,"New York, US",0,0
8127,C032,131.28,2025-10-08 04:38:16,"New York, US",0,0
4813,C068,657.47,2025-10-08 04:41:40,"Kraków, PL",0,0
328,C068,299.6,2025-10-08 04:48:12,"Warszawa, PL",0,0
7914,C011,744.07,2025-10-08 04:48:28,"Warszawa, PL",0,0
7318,C050,195.45,2025-10-08 04:48:36,"New York, US",0,0
6347,C016,126.04,2025-10-08 04:52:29,"London, UK",0,0
6388,C063,476.81,2025-10-08 04:54:59,"Kraków, PL",0,0
7158,C049,192.28,2025-10-08 04:55:21,"London, UK",0,1
3522,C021,231.43,2025-10-08 04:56:11,"Kraków, PL",0,0
1783,C035,1190.2,2025-10-08 04:57:40,"Warszawa, PL",0,0
9863,C086,1261.83,2025-10-08 04:58:46,"Warszawa, PL",0,0
3537,C022,36.25,2025-10-08 04:58:52,"Kraków, PL",0,1
2161,C064,195.9,2025-10-08 04:59:21,"Kraków, PL",0,1
56,C084,121.06,2025-10-08 05:04:06,"Warszawa, PL",0,1
1023,C000,94.5,2025-10-08 05:08:11,"London, UK",0,0
8798,C064,965.32,2025-10-08 05:08:31,"Warszawa, PL",0,0
6398,C063,564.37,2025-10-08 05:11:40,"Warszawa, PL",0,0
1839,C063,7.58,2025-10-08 05:12:28,"New York, US",0,0
2807,C068,528.17,2025-10-08 05:12:33,"Warszawa, PL",0,0
3109,C033,536.75,2025-10-08 05:13:23,"London, UK",0,1
6903,C071,580.57,2025-10-08 05:16:47,"London, UK",1,1
6818,C000,6955.05,2025-10-08 05:17:39,"Warszawa, PL",0,0
703,C001,47.47,2025-10-08 05:23:19,"Kraków, PL",0,0
2222,C075,257.47,2025-10-08 05:24:21,"New York, US",0,0
4842,C071,2117.59,2025-10-08 05:25:30,"London, UK",0,0
6048,C046,84.77,2025-10-08 05:35:00,"New York, US",0,0
4691,C051,709.74,2025-10-08 05:35:02,"New York, US",0,0
4525,C065,122.8,2025-10-08 05:43:35,"Warszawa, PL",0,0
91,C060,2678.96,2025-10-08 05:46:12,"Kraków, PL",0,1
5161,C093,45.49,2025-10-08 05:46:35,"Kraków, PL",0,0
9760,C012,3237.07,2025-10-08 05:47:27,"London, UK",0,0
2729,C011,148.98,2025-10-08 06:07:40,"London, UK",0,0
7296,C014,238.89,2025-10-08 06:10:19,"New York, US",0,0
2405,C012,75.73,2025-10-08 06:11:07,"Warszawa, PL",0,0
6700,C066,387.99,2025-10-08 06:12:30,"New York, US",0,0
3998,C052,312.32,2025-10-08 06:12:47,"Warszawa, PL",0,0
693,C044,1256.85,2025-10-08 06:12:54,"New York, US",0,0
5707,C041,712.43,2025-10-08 06:14:53,"New York, US",0,0
9547,C021,109.09,2025-10-08 06:15:21,"New York, US",0,0
2575,C031,6014.08,2025-10-08 06:26:10,"New York, US",0,0
4577,C063,183.71,2025-10-08 06:36:25,"Warszawa, PL",0,0
4951,C086,756.43,2025-10-08 06:41:13,"London, UK",0,0
2269,C081,39.36,2025-10-08 06:43:09,"New York, US",1,0
1772,C002,4503.97,2025-10-08 06:49:19,"Warszawa, PL",0,0
1688,C000,381.84,2025-10-08 06:50:00,"New York, US",0,1
8513,C044,73.43,2025-10-08 06:50:44,"New York, US",0,0
6745,C066,960.94,2025-10-08 06:52:29,"New York, US",0,0
8459,C012,944.63,2025-10-08 06:53:12,"Warszawa, PL",0,0
9431,C054,2130.07,2025-10-08 06:58:56,"New York, US",0,0
6051,C013,114.25,2025-10-08 07:10:09,"Kraków, PL",0,0
9267,C029,3514.04,2025-10-08 07:23:21,"Warszawa, PL",0,1
1750,C088,519.19,2025-10-08 07:23:43,"Warszawa, PL",0,0
4595,C085,418.07,2025-10-08 07:25:42,"New York, US",0,0
2054,C040,572.71,2025-10-08 07:30:06,"Kraków, PL",0,1
6596,C019,361.81,2025-10-08 07:34:30,"Warszawa, PL",0,0
7348,C093,88.96,2025-10-08 07:40:36,"London, UK",0,1
8491,C000,277.25,2025-10-08 07:43:07,"Warszawa, PL",0,0
5335,C036,1499.34,2025-10-08 07:54:47,"Warszawa, PL",0,0
9781,C052,666.93,2025-10-08 07:56:29,"London, UK",0,0
8350,C054,1554.7,2025-10-08 07:58:50,"Warszawa, PL",1,0
1828,C064,802.26,2025-10-08 08:01:31,"London, UK",0,0
4893,C046,389.66,2025-10-08 08:01:57,"London, UK",0,0
6668,C055,319.82,2025-10-08 08:06:00,"New York, US",0,0
1966,C072,2055.56,2025-10-08 08:06:48,"Warszawa, PL",0,0
3657,C017,17106.61,2025-10-08 08:09:53,"New York, US",0,0
4835,C021,28.61,2025-10-08 08:12:46,"London, UK",0,0
5573,C060,147.91,2025-10-08 08:14:42,"New York, US",0,0
394,C014,224.69,2025-10-08 08:17:21,"Warszawa, PL",0,0
1763,C022,5493.07,2025-10-08 08:21:30,"New York, US",0,0
6953,C027,496.49,2025-10-08 08:21:51,"Kraków, PL",0,0
6760,C073,435.47,2025-10-08 08:26:03,"Warszawa, PL",0,0
1661,C006,116.46,2025-10-08 08:28:07,"Warszawa, PL",0,0
1622,C021,396.19,2025-10-08 08:29:17,"London, UK",0,0
9219,C006,26957.27,2025-10-08 08:40:04,"Kraków, PL",0,0
9573,C038,129.98,2025-10-08 08:40:12,"London, UK",0,0
1689,C031,259.66,2025-10-08 08:42:01,"Kraków, PL",0,0
9902,C004,486.13,2025-10-08 08:44:17,"New York, US",0,0
6344,C007,912.36,2025-10-08 08:52:20,"Warszawa, PL",0,0
9096,C055,64.37,2025-10-08 08:59:42,"London, UK",0,0
8363,C009,374.3,2025-10-08 09:02:00,"Warszawa, PL",0,0
3507,C040,1451.32,2025-10-08 09:02:21,"Kraków, PL",0,0
9915,C042,155.51,2025-10-08 09:05:08,"Kraków, PL",0,1
8810,C076,819.16,2025-10-08 09:10:17,"London, UK",0,0
3823,C067,1733.43,2025-10-08 09:13:17,"Warszawa, PL",0,0
8576,C024,16.93,2025-10-08 09:13:30,"London, UK",0,0
7568,C098,586.86,2025-10-08 09:19:24,"New York, US",0,0
8729,C016,130.82,2025-10-08 09:24:23,"Kraków, PL",0,0
5601,C093,260.58,2025-10-08 09:24:41,"Kraków, PL",0,0
1602,C095,162.65,2025-10-08 09:30:10,"London, UK",0,0
3387,C095,8.27,2025-10-08 09:33:20,"London, UK",0,1
7285,C023,276.35,2025-10-08 09:36:00,"New York, US",0,0
8778,C048,526.27,2025-10-08 09:37:04,"New York, US",1,1
3512,C026,148.53,2025-10-08 09:39:07,"Kraków, PL",0,0
5581,C016,1071.61,2025-10-08 09:46:58,"New York, US",0,1
1061,C076,221.68,2025-10-08 09:49:49,"Warszawa, PL",0,0
2470,C074,952.88,2025-10-08 09:52:23,"New York, US",0,0
3962,C093,1757.8,2025-10-08 09:52:42,"London, UK",0,0
744,C052,728.85,2025-10-08 09:58:10,"New York, US",0,0
6510,C014,1042.66,2025-10-08 10:08:45,"London, UK",0,1
1457,C004,4515.26,2025-10-08 10:09:24,"Warszawa, PL",0,0
2819,C074,1345.18,2025-10-08 10:13:59,"Kraków, PL",0,0
9740,C077,937.62,2025-10-08 10:16:39,"Kraków, PL",0,0
9111,C083,388.7,2025-10-08 10:24:30,"London, UK",0,0
8707,C065,866.44,2025-10-08 10:27:56,"London, UK",0,1
3566,C093,183.04,2025-10-08 10:28:08,"Kraków, PL",0,0
6370,C019,450.03,2025-10-08 10:28:47,"New York, US",0,0
4368,C058,147.39,2025-10-08 10:34:15,"Warszawa, PL",0,0
4045,C085,1108.85,2025-10-08 10:38:38,"Warszawa, PL",0,0
1847,C074,89.53,2025-10-08 10:42:38,"Kraków, PL",0,1
7301,C068,2676.54,2025-10-08 10:58:28,"London, UK",0,0
854,C082,3910.57,2025-10-08 11:00:01,"London, UK",0,1
6102,C082,957.61,2025-10-08 11:03:15,"New York, US",0,0
3275,C082,43.13,2025-10-08 11:06:19,"Warszawa, PL",0,0
9787,C043,25.05,2025-10-08 11:07:58,"Warszawa, PL",0,0
7351,C035,376.3,2025-10-08 11:08:34,"New York, US",0,1
8197,C012,332.82,2025-10-08 11:09:33,"Kraków, PL",0,0
5733,C019,659.97,2025-10-08 11:12:12,"London, UK",0,1
3470,C094,2442.52,2025-10-08 11:23:14,"Warszawa, PL",0,0
8557,C080,6633.08,2025-10-08 11:30:23,"Warszawa, PL",0,0
9950,C009,7259.0,2025-10-08 11:31:09,"Warszawa, PL",0,0
9928,C016,245.14,2025-10-08 11:37:40,"London, UK",0,0
6764,C066,625.24,2025-10-08 11:39:13,"London, UK",0,0
5986,C090,104.42,2025-10-08 11:39:23,"New York, US",0,0
3717,C001,1852.8,2025-10-08 11:42:00,"London, UK",0,0
5043,C083,211.1,2025-10-08 11:44:15,"Warszawa, PL",0,0
360,C005,162.15,2025-10-08 11:46:55,"Kraków, PL",0,0
3173,C079,3786.6,2025-10-08 11:52:31,"London, UK",0,0
4449,C033,5184.91,2025-10-08 12:05:40,"Warszawa, PL",0,0
2655,C053,62.57,2025-10-08 12:08:46,"Kraków, PL",0,1
9396,C080,1865.58,2025-10-08 12:09:00,"London, UK",0,0
9496,C078,73.87,2025-10-08 12:09:01,"London, UK",0,0
4672,C011,47.35,2025-10-08 12:09:37,"New York, US",0,0
7036,C042,194.93,2025-10-08 12:13:56,"London, UK",0,0
3236,C097,279.9,2025-10-08 12:14:47,"Warszawa, PL",0,0
2187,C051,712.62,2025-10-08 12:21:56,"New York, US",0,0
6286,C049,2718.69,2025-10-08 12:29:02,"London, UK",0,0
2304,C095,575.83,2025-10-08 12:32:17,"Kraków, PL",0,0
4166,C016,128.25,2025-10-08 12:32:37,"London, UK",0,0
9344,C042,664.52,2025-10-08 12:32:46,"Kraków, PL",0,0
2531,C004,456.52,2025-10-08 12:33:46,"New York, US",0,0
9301,C094,555.2,2025-10-08 12:35:45,"Kraków, PL",0,0
7578,C087,681.78,2025-10-08 12:40:01,"Warszawa, PL",0,0
2132,C080,378.73,2025-10-08 12:46:14,"Kraków, PL",0,0
1583,C067,3991.97,2025-10-08 12:52:08,"London, UK",0,0
3658,C017,273.1,2025-10-08 13:00:25,"Kraków, PL",0,0
9711,C042,5761.18,2025-10-08 13:11:45,"New York, US",0,0
7594,C030,43.9,2025-10-08 13:16:20,"London, UK",0,0
1006,C077,374.0,2025-10-08 13:18:58,"London, UK",0,1
2976,C030,710.76,2025-10-08 13:21:07,"Kraków, PL",0,0
6985,C024,2056.2,2025-10-08 13:34:41,"Kraków, PL",0,0
7298,C085,337.52,2025-10-08 13:35:35,"Kraków, PL",0,0
178,C092,47.63,2025-10-08 13:38:58,"Kraków, PL",0,0
2043,C027,204.06,2025-10-08 13:42:38,"London, UK",0,0
2422,C020,197.6,2025-10-08 13:42:54,"Kraków, PL",0,0
1347,C055,70.98,2025-10-08 13:52:14,"London, UK",0,1
3908,C048,1088.2,2025-10-08 13:53:00,"Kraków, PL",0,0
7250,C009,109.9,2025-10-08 14:01:10,"London, UK",0,0
2779,C086,983.46,2025-10-08 14:03:33,"Warszawa, PL",0,0
4128,C078,52.07,2025-10-08 14:09:44,"New York, US",0,0
3960,C085,916.63,2025-10-08 14:13:35,"New York, US",0,1
892,C062,955.81,2025-10-08 14:15:38,"Warszawa, PL",0,0
6499,C072,1895.61,2025-10-08 14:25:58,"Warszawa, PL",0,1
4336,C006,409.79,2025-10-08 14:27:39,"Warszawa, PL",0,0
5392,C079,526.15,2025-10-08 14:27:52,"London, UK",0,0
6736,C066,807.05,2025-10-08 14:28:24,"New York, US",0,0
1467,C032,22.1,2025-10-08 14:29:44,"Warszawa, PL",0,0
9134,C095,1013.73,2025-10-08 14:31:12,"London, UK",0,0
96,C035,179.21,2025-10-08 14:33:00,"Kraków, PL",0,0
8925,C033,686.84,2025-10-08 14:40:42,"New York, US",0,1
8338,C077,546.83,2025-10-08 14:45:22,"Warszawa, PL",0,1
9034,C010,674.85,2025-10-08 14:48:44,"Kraków, PL",0,0
3576,C009,16.08,2025-10-08 14:59:54,"Warszawa, PL",0,0
736,C031,313.84,2025-10-08 15:00:35,"New York, US",0,0
8568,C032,18061.65,2025-10-08 15:05:00,"Kraków, PL",0,0
9504,C068,1274.61,2025-10-08 15:08:40,"London, UK",0,0
9363,C099,3112.96,2025-10-08 15:09:46,"Warszawa, PL",0,0
6005,C083,132.39,2025-10-08 15:13:29,"London, UK",0,1
4197,C056,23.22,2025-10-08 15:17:42,"New York, US",0,0
4766,C032,130.05,2025-10-08 15:18:54,"Warszawa, PL",0,0
2556,C069,21849.13,2025-10-08 15:20:34,"Warszawa, PL",0,0
5691,C089,112.5,2025-10-08 15:21:50,"Warszawa, PL",0,0
2700,C003,954.65,2025-10-08 15:22:04,"New York, US",0,0
6711,C067,7569.12,2025-10-08 15:24:35,"London, UK",0,0
7378,C076,4037.26,2025-10-08 15:25:01,"Warszawa, PL",0,0
7407,C092,1148.45,2025-10-08 15:25:52,"Warszawa, PL",0,0
4138,C007,287.05,2025-10-08 15:26:54,"Kraków, PL",0,0
3270,C061,156.28,2025-10-08 15:27:01,"Warszawa, PL",0,0
9054,C095,1267.96,2025-10-08 15:34:38,"Kraków, PL",0,0
3074,C093,29.23,2025-10-08 15:36:04,"New York, US",0,0
5932,C019,879.07,2025-10-08 15:42:11,"Kraków, PL",0,0
554,C052,55.98,2025-10-08 15:42:45,"New York, US",0,0
7995,C038,5469.58,2025-10-08 15:43:02,"London, UK",0,0
6807,C098,171.08,2025-10-08 15:52:36,"Kraków, PL",0,0
8677,C054,1844.9,2025-10-08 15:56:07,"New York, US",0,0
1895,C055,184.5,2025-10-08 15:57:18,"Warszawa, PL",0,0
7602,C014,2070.02,2025-10-08 16:00:29,"Kraków, PL",0,0
1300,C017,876.5,2025-10-08 16:03:52,"Warszawa, PL",0,0
4001,C003,233.32,2025-10-08 16:12:54,"Kraków, PL",0,0
6775,C085,43.78,2025-10-08 16:18:44,"New York, US",0,0
6087,C025,7556.21,2025-10-08 16:21:11,"Warszawa, PL",0,0
7317,C064,1553.37,2025-10-08 16:22:14,"Warszawa, PL",0,0
4733,C014,161.76,2025-10-08 16:28:50,"Kraków, PL",0,1
7670,C013,161.25,2025-10-08 16:53:08,"Kraków, PL",0,0
752,C051,1025.59,2025-10-08 16:58:55,"Kraków, PL",0,1
8332,C087,60.06,2025-10-08 17:02:12,"Kraków, PL",0,1
7791,C023,432.63,2025-10-08 17:09:08,"London, UK",0,1
5261,C041,141.94,2025-10-08 17:11:08,"Warszawa, PL",0,0
1049,C086,1732.52,2025-10-08 17:14:24,"New York, US",0,1
3920,C069,96.52,2025-10-08 17:16:07,"New York, US",0,0
7223,C024,1916.26,2025-10-08 17:16:16,"Warszawa, PL",0,0
3217,C089,7997.55,2025-10-08 17:18:09,"Kraków, PL",0,0
8714,C066,520.99,2025-10-08 17:20:54,"London, UK",0,0
1380,C081,93.69,2025-10-08 17:30:32,"Warszawa, PL",0,0
4554,C037,749.84,2025-10-08 17:34:28,"London, UK",0,1
6237,C013,135.96,2025-10-08 17:37:08,"London, UK",0,0
1299,C046,86.81,2025-10-08 17:41:43,"London, UK",0,0
5222,C000,25.0,2025-10-08 17:42:39,"Kraków, PL",0,0
2424,C070,5087.54,2025-10-08 17:42:58,"London, UK",0,0
9495,C016,878.82,2025-10-08 17:43:45,"Kraków, PL",0,1
8546,C036,137.33,2025-10-08 17:58:34,"New York, US",0,0
6901,C073,152.28,2025-10-08 18:00:29,"Warszawa, PL",0,1
6655,C097,2121.14,2025-10-08 18:03:26,"New York, US",1,1
1423,C021,10536.69,2025-10-08 18:05:08,"London, UK",0,0
5407,C025,2891.89,2025-10-08 18:06:31,"Kraków, PL",0,0
9046,C076,59.73,2025-10-08 18:18:03,"Warszawa, PL",0,0
2632,C095,13.28,2025-10-08 18:25:58,"Kraków, PL",0,0
882,C032,2862.69,2025-10-08 18:27:29,"Warszawa, PL",0,0
8222,C013,1265.68,2025-10-08 18:27:44,"Kraków, PL",0,0
7055,C013,1293.74,2025-10-08 18:30:21,"Warszawa, PL",0,0
2169,C003,7.48,2025-10-08 18:36:00,"New York, US",0,0
4206,C088,279.25,2025-10-08 18:44:05,"Kraków, PL",0,0
290,C068,53.38,2025-10-08 18:44:33,"Kraków, PL",0,1
9939,C007,875.55,2025-10-08 18:50:17,"New York, US",0,0
8515,C049,2258.0,2025-10-08 18:51:55,"New York, US",0,0
7303,C054,1508.67,2025-10-08 18:54:18,"Kraków, PL",0,1
4450,C040,248.44,2025-10-08 18:55:33,"Warszawa, PL",0,0
8426,C004,1928.16,2025-10-08 19:01:24,"Kraków, PL",0,0
3090,C080,9353.73,2025-10-08 19:01:44,"Warszawa, PL",0,0
8657,C077,78.09,2025-10-08 19:02:06,"New York, US",0,0
3211,C013,756.09,2025-10-08 19:04:24,"London, UK",0,0
8477,C061,509.75,2025-10-08 19:06:18,"Warszawa, PL",0,1
4052,C033,157.26,2025-10-08 19:07:07,"New York, US",0,0
2227,C034,48.19,2025-10-08 19:09:16,"New York, US",0,0
6139,C041,56.75,2025-10-08 19:11:23,"London, UK",0,0
8910,C001,35.21,2025-10-08 19:12:52,"New York, US",0,0
7766,C062,443.02,2025-10-08 19:13:00,"London, UK",0,0
3359,C012,67.71,2025-10-08 19:26:49,"Warszawa, PL",0,0
8894,C088,546.12,2025-10-08 19:28:07,"New York, US",0,0
9807,C036,221.69,2025-10-08 19:32:27,"London, UK",0,0
5578,C090,32.32,2025-10-08 19:39:35,"Kraków, PL",0,0
5786,C061,601.46,2025-10-08 19:43:42,"London, UK",0,0
4017,C052,701.5,2025-10-08 19:48:43,"New York, US",0,1
1576,C039,880.59,2025-10-08 19:56:52,"London, UK",0,1
5992,C016,637.94,2025-10-08 20:11:47,"Kraków, PL",0,0
9786,C021,188.78,2025-10-08 20:12:34,"Kraków, PL",0,0
3901,C036,247.6,2025-10-08 20:13:19,"London, UK",0,0
4777,C025,256.79,2025-10-08 20:15:06,"London, UK",0,1
8698,C005,679.17,2025-10-08 20:15:32,"London, UK",0,0
213,C049,128.0,2025-10-08 20:16:12,"New York, US",0,0
7806,C001,206.25,2025-10-08 20:17:05,"Kraków, PL",0,1
630,C025,112.01,2025-10-08 20:22:53,"New York, US",0,0
7857,C034,1793.82,2025-10-08 20:24:11,"London, UK",0,0
1289,C008,18.25,2025-10-08 20:31:32,"Kraków, PL",0,0
7122,C092,3996.11,2025-10-08 20:34:13,"Warszawa, PL",0,0
3273,C075,271.36,2025-10-08 20:36:26,"New York, US",0,0
5957,C004,153.34,2025-10-08 20:38:57,"London, UK",0,1
5538,C058,358.53,2025-10-08 20:48:07,"London, UK",0,0
383,C000,345.55,2025-10-08 20:54:25,"Warszawa, PL",0,0
9595,C066,7127.7,2025-10-08 21:00:01,"New York, US",0,0
1973,C067,627.64,2025-10-08 21:03:03,"Kraków, PL",0,0
3471,C000,147.23,2025-10-08 21:14:12,"Warszawa, PL",0,0
6419,C056,1093.48,2025-10-08 21:15:48,"New York, US",0,0
8362,C072,732.66,2025-10-08 21:17:20,"New York, US",0,0
638,C079,36.3,2025-10-08 21:17:36,"Kraków, PL",0,0
7597,C004,2741.77,2025-10-08 21:21:09,"London, UK",0,0
5846,C080,4728.76,2025-10-08 21:22:30,"London, UK",0,0
4505,C065,11722.57,2025-10-08 21:25:40,"London, UK",0,0
8527,C010,99.13,2025-10-08 21:26:48,"New York, US",0,0
2933,C055,71.3,2025-10-08 21:28:21,"Warszawa, PL",0,0
7800,C044,341.85,2025-10-08 21:39:03,"Kraków, PL",0,1
5938,C052,1519.29,2025-10-08 22:06:11,"Warszawa, PL",0,0
6850,C053,54.09,2025-10-08 22:15:39,"New York, US",0,0
319,C003,469.66,2025-10-08 22:20:05,"New York, US",0,0
4241,C092,829.72,2025-10-08 22:22:11,"New York, US",0,0
8634,C013,1549.36,2025-10-08 22:23:10,"Warszawa, PL",0,0
1757,C012,668.06,2025-10-08 22:24:48,"New York, US",0,0
1885,C003,377.51,2025-10-08 22:30:24,"London, UK",0,0
2625,C036,3552.72,2025-10-08 22:31:54,"Kraków, PL",1,0
5844,C022,28.42,2025-10-08 22:37:19,"New York, US",0,0
1951,C032,34.58,2025-10-08 22:38:57,"New York, US",0,0
7254,C091,41.02,2025-10-08 22:40:20,"London, UK",0,0
9678,C087,93.01,2025-10-08 23:02:26,"London, UK",0,0
3702,C098,33.63,2025-10-08 23:03:01,"Warszawa, PL",0,0
7767,C069,1273.63,2025-10-08 23:04:14,"London, UK",0,0
4032,C040,1533.7,2025-10-08 23:09:09,"Warszawa, PL",0,0
2391,C025,153.5,2025-10-08 23:09:12,"London, UK",0,0
9472,C005,115.33,2025-10-08 23:17:47,"New York, US",0,0
412,C015,3784.54,2025-10-08 23:24:14,"New York, US",0,0
7302,C009,373.2,2025-10-08 23:30:58,"New York, US",0,1
9104,C026,399.46,2025-10-08 23:31:40,"Warszawa, PL",0,0
4355,C053,146.13,2025-10-08 23:33:03,"Kraków, PL",0,0
4915,C087,47.33,2025-10-08 23:39:02,"London, UK",0,0
514,C027,100.14,2025-10-08 23:43:59,"Warszawa, PL",0,0
1071,C003,1033.77,2025-10-08 23:49:38,"Kraków, PL",0,0
898,C016,629.87,2025-10-08 23:50:47,"New York, US",0,0
5704,C075,7240.66,2025-10-08 23:58:40,"Kraków, PL",0,0
7367,C006,1717.28,2025-10-09 00:05:14,"Warszawa, PL",0,0
8516,C022,675.59,2025-10-09 00:15:44,"Warszawa, PL",0,0
6893,C012,166.22,2025-10-09 00:19:12,"New York, US",0,0
2395,C064,154.86,2025-10-09 00:25:46,"Warszawa, PL",0,0
2094,C083,69.18,2025-10-09 00:29:39,"Kraków, PL",0,0
6500,C064,129.67,2025-10-09 00:30:13,"Kraków, PL",0,0
6010,C091,469.28,2025-10-09 00:41:16,"New York, US",0,0
2930,C039,757.02,2025-10-09 00:43:36,"London, UK",0,0
7439,C070,620.75,2025-10-09 00:47:05,"Warszawa, PL",0,0
4231,C008,142.59,2025-10-09 00:47:45,"London, UK",0,0
8436,C098,24937.41,2025-10-09 00:49:47,"Warszawa, PL",0,0
8899,C031,58.37,2025-10-09 00:51:45,"Warszawa, PL",0,0
3389,C028,13.56,2025-10-09 00:52:21,"Warszawa, PL",0,0
42,C013,61.95,2025-10-09 00:55:20,"Kraków, PL",0,0
8122,C038,152.63,2025-10-09 00:57:40,"New York, US",0,0
7715,C041,244.97,2025-10-09 01:02:07,"London, UK",0,0
4783,C085,995.69,2025-10-09 01:06:38,"London, UK",0,1
326,C033,188.24,2025-10-09 01:08:15,"Kraków, PL",1,0
3878,C015,1099.92,2025-10-09 01:10:34,"Kraków, PL",0,0
865,C015,202.0,2025-10-09 01:13:09,"London, UK",0,0
7945,C098,103.79,2025-10-09 01:14:39,"New York, US",0,0
6292,C018,273.69,2025-10-09 01:14:54,"Warszawa, PL",0,0
9338,C046,132.72,2025-10-09 01:28:18,"Kraków, PL",0,0
4483,C062,219.98,2025-10-09 01:34:48,"New York, US",0,0
8703,C014,201.34,2025-10-09 01:35:19,"New York, US",0,0
7393,C022,81.95,2025-10-09 01:35:44,"London, UK",0,0
21,C022,236.64,2025-10-09 01:37:23,"London, UK",0,0
8380,C073,2504.17,2025-10-09 01:37:27,"New York, US",0,0
8226,C016,795.74,2025-10-09 01:38:13,"New York, US",0,0
2299,C041,598.07,2025-10-09 01:40:51,"New York, US",0,0
7145,C059,2243.78,2025-10-09 01:55:34,"New York, US",0,0
8913,C025,2135.15,2025-10-09 02:04:39,"Warszawa, PL",0,0
3292,C076,55.39,2025-10-09 02:08:01,"Warszawa, PL",0,0
5806,C019,767.9,2025-10-09 02:12:45,"London, UK",0,0
6749,C063,181.87,2025-10-09 02:14:47,"London, UK",0,1
8136,C090,624.55,2025-10-09 02:15:01,"London, UK",0,0
3062,C003,257.84,2025-10-09 02:17:40,"Warszawa, PL",0,0
4896,C051,446.71,2025-10-09 02:39:38,"London, UK",0,0
4920,C009,737.75,2025-10-09 02:48:18,"New York, US",0,0
4475,C082,55.8,2025-10-09 02:50:31,"New York, US",0,0
8700,C050,552.61,2025-10-09 02:52:07,"New York, US",0,0
1306,C008,4078.68,2025-10-09 02:58:17,"New York, US",0,0
5693,C016,51.97,2025-10-09 03:00:05,"New York, US",0,0
3883,C018,20.18,2025-10-09 03:02:39,"Kraków, PL",0,0
7428,C026,271.72,2025-10-09 03:04:42,"New York, US",0,0
1253,C057,562.85,2025-10-09 03:06:04,"Warszawa, PL",0,0
2275,C077,1687.01,2025-10-09 03:06:10,"Kraków, PL",0,0
3242,C020,134.65,2025-10-09 03:09:06,"London, UK",1,0
4509,C009,591.12,2025-10-09 03:10:18,"Warszawa, PL",0,1
7550,C046,1782.52,2025-10-09 03:12:25,"Warszawa, PL",0,0
4343,C031,809.73,2025-10-09 03:13:02,"Warszawa, PL",0,1
19,C065,935.09,2025-10-09 03:13:28,"London, UK",0,0
8143,C048,4909.08,2025-10-09 03:14:34,"London, UK",0,0
2969,C087,153.34,2025-10-09 03:15:08,"Warszawa, PL",0,0
2221,C026,946.17,2025-10-09 03:15:49,"New York, US",0,0
7365,C056,87.09,2025-10-09 03:28:24,"New York, US",0,0
8833,C021,95.01,2025-10-09 03:28:46,"Kraków, PL",0,0
4256,C019,119.95,2025-10-09 03:30:21,"London, UK",0,0
1210,C028,1906.88,2025-10-09 03:30:30,"New York, US",0,0
4060,C020,326.15,2025-10-09 03:30:33,"Warszawa, PL",0,1
6577,C080,220.36,2025-10-09 03:41:08,"Warszawa, PL",0,1
2350,C069,112.49,2025-10-09 03:41:27,"Warszawa, PL",0,0
6079,C095,605.53,2025-10-09 03:41:53,"Warszawa, PL",0,0
5717,C069,217.22,2025-10-09 03:47:16,"New York, US",0,0
2852,C056,3126.42,2025-10-09 03:50:26,"Kraków, PL",0,0
650,C092,41.67,2025-10-09 03:54:22,"New York, US",0,0
6568,C063,2720.06,2025-10-09 03:54:43,"New York, US",1,0
6171,C004,203.6,2025-10-09 03:57:56,"London, UK",0,0
1290,C010,2905.71,2025-10-09 04:08:35,"New York, US",0,0
7229,C086,429.85,2025-10-09 04:12:25,"Kraków, PL",0,0
9525,C093,34.43,2025-10-09 04:25:19,"New York, US",0,0
2900,C040,233.58,2025-10-09 04:26:25,"New York, US",0,0
1134,C029,593.85,2025-10-09 04:28:07,"Warszawa, PL",0,0
1000,C065,359.04,2025-10-09 04:32:52,"Warszawa, PL",0,0
6156,C057,662.27,2025-10-09 04:39:00,"Warszawa, PL",0,0
1465,C071,2283.15,2025-10-09 04:40:38,"Kraków, PL",0,0
2724,C085,78.4,2025-10-09 04:47:37,"Kraków, PL",0,0
4522,C071,100.55,2025-10-09 04:50:58,"Warszawa, PL",0,0
6235,C056,239.59,2025-10-09 04:51:08,"Kraków, PL",0,0
3391,C063,1382.25,2025-10-09 04:52:22,"Kraków, PL",0,0
8168,C033,411.46,2025-10-09 04:57:51,"London, UK",0,0
1213,C035,1421.06,2025-10-09 04:59:10,"New York, US",0,0
8300,C099,2345.89,2025-10-09 05:01:23,"New York, US",1,0
9309,C007,37.72,2025-10-09 05:06:25,"Kraków, PL",0,0
1684,C081,8199.35,2025-10-09 05:09:09,"Kraków, PL",0,0
7184,C055,768.84,2025-10-09 05:11:06,"London, UK",0,1
2743,C028,596.36,2025-10-09 05:11:27,"Kraków, PL",0,1
7606,C058,413.0,2025-10-09 05:14:12,"Warszawa, PL",0,0
7910,C088,100.07,2025-10-09 05:27:48,"New York, US",0,0
4567,C034,670.8,2025-10-09 05:29:39,"Warszawa, PL",0,0
2544,C010,3586.35,2025-10-09 05:33:12,"Warszawa, PL",0,0
2739,C010,82.29,2025-10-09 05:36:33,"London, UK",0,0
4130,C028,82.53,2025-10-09 05:36:54,"New York, US",0,0
1753,C085,112.07,2025-10-09 05:37:25,"Warszawa, PL",0,0
7644,C078,497.88,2025-10-09 05:44:41,"Kraków, PL",0,1
4928,C018,1257.12,2025-10-09 05:50:49,"London, UK",0,0
6090,C079,727.24,2025-10-09 05:51:39,"London, UK",0,0
9406,C001,247.14,2025-10-09 06:01:35,"Warszawa, PL",0,0
8758,C016,1583.12,2025-10-09 06:03:35,"London, UK",0,0
7678,C024,1077.17,2025-10-09 06:04:04,"Warszawa, PL",0,0
8073,C012,3103.46,2025-10-09 06:12:09,"New York, US",0,0
8562,C095,226.11,2025-10-09 06:16:30,"New York, US",0,0
2264,C041,554.33,2025-10-09 06:23:44,"Kraków, PL",0,0
7928,C061,10.23,2025-10-09 06:23:55,"New York, US",0,0
7559,C026,1122.34,2025-10-09 06:25:27,"London, UK",0,0
6541,C016,748.63,2025-10-09 06:28:29,"Warszawa, PL",0,0
5083,C092,1101.56,2025-10-09 06:30:17,"Kraków, PL",0,0
2588,C091,1360.31,2025-10-09 06:33:02,"London, UK",0,1
2502,C031,2637.04,2025-10-09 06:39:04,"Kraków, PL",0,0
6802,C064,357.92,2025-10-09 06:46:46,"London, UK",0,1
6516,C057,1100.71,2025-10-09 06:52:41,"New York, US",0,0
931,C023,200.34,2025-10-09 06:55:57,"New York, US",0,0
8359,C059,900.81,2025-10-09 06:56:31,"London, UK",0,0
9277,C041,1277.53,2025-10-09 07:14:41,"Warszawa, PL",0,0
9042,C083,21.3,2025-10-09 07:15:23,"New York, US",0,0
8331,C069,1386.22,2025-10-09 07:18:22,"Kraków, PL",0,0
4146,C037,625.0,2025-10-09 07:20:02,"Kraków, PL",0,1
2856,C065,216.79,2025-10-09 07:25:28,"London, UK",0,0
8296,C056,228.8,2025-10-09 07:26:09,"London, UK",0,0
5943,C056,97.81,2025-10-09 07:27:17,"London, UK",0,0
8284,C048,16.35,2025-10-09 07:28:46,"Warszawa, PL",1,0
143,C080,37.62,2025-10-09 07:31:31,"London, UK",0,0
1618,C060,152.49,2025-10-09 07:36:27,"Warszawa, PL",0,0
7699,C042,294.54,2025-10-09 07:39:52,"London, UK",0,0
9649,C057,121.36,2025-10-09 07:39:55,"Kraków, PL",1,0
8755,C001,849.48,2025-10-09 07:41:53,"London, UK",0,0
5905,C093,133.29,2025-10-09 07:42:00,"London, UK",0,0
5981,C071,1172.35,2025-10-09 07:47:22,"London, UK",0,0
9475,C098,77.87,2025-10-09 07:47:23,"Kraków, PL",0,0
4848,C008,44.32,2025-10-09 07:48:41,"London, UK",0,0
2766,C050,354.85,2025-10-09 07:54:49,"Kraków, PL",0,0
9249,C008,1938.59,2025-10-09 07:56:03,"Warszawa, PL",0,0
5761,C032,3363.06,2025-10-09 07:58:18,"Kraków, PL",0,0
9071,C056,214.01,2025-10-09 08:06:58,"London, UK",0,0
237,C007,5087.43,2025-10-09 08:22:14,"New York, US",0,0
8932,C004,899.49,2025-10-09 08:24:31,"London, UK",0,0
6158,C035,1049.77,2025-10-09 08:24:46,"Kraków, PL",0,0
1244,C001,100.06,2025-10-09 08:28:17,"London, UK",0,1
8215,C073,10.81,2025-10-09 08:29:25,"Warszawa, PL",0,1
3036,C073,862.55,2025-10-09 08:36:54,"Kraków, PL",0,0
4516,C068,691.16,2025-10-09 08:41:52,"London, UK",0,0
4907,C050,782.77,2025-10-09 08:44:28,"Warszawa, PL",0,0
229,C060,2114.26,2025-10-09 08:45:49,"London, UK",0,0
5381,C052,502.42,2025-10-09 08:49:14,"New York, US",0,0
3989,C072,1698.2,2025-10-09 08:51:08,"New York, US",0,0
6149,C038,53.07,2025-10-09 09:00:54,"Kraków, PL",0,1
3462,C031,49.09,2025-10-09 09:02:30,"New York, US",0,0
318,C079,22897.19,2025-10-09 09:02:57,"Warszawa, PL",0,0
2896,C025,965.8,2025-10-09 09:03:41,"New York, US",0,0
386,C043,2542.93,2025-10-09 09:12:30,"London, UK",0,0
7509,C030,324.2,2025-10-09 09:14:54,"New York, US",0,1
404,C020,587.64,2025-10-09 09:18:50,"Warszawa, PL",0,0
3070,C075,1891.41,2025-10-09 09:23:49,"Warszawa, PL",0,0
2423,C017,604.56,2025-10-09 09:27:29,"Warszawa, PL",0,1
925,C051,160.25,2025-10-09 09:31:25,"London, UK",0,0
5909,C056,9146.93,2025-10-09 09:36:22,"London, UK",0,0
3401,C094,696.07,2025-10-09 09:43:46,"New York, US",0,0
5837,C092,560.8,2025-10-09 09:43:56,"London, UK",0,0
8536,C001,336.52,2025-10-09 09:55:55,"London, UK",0,1
5070,C059,652.4,2025-10-09 09:57:45,"Warszawa, PL",0,0
1414,C081,232.79,2025-10-09 10:10:44,"Kraków, PL",0,0
4278,C090,2807.77,2025-10-09 10:11:45,"London, UK",0,0
9215,C027,1570.33,2025-10-09 10:20:52,"London, UK",0,0
1358,C083,413.86,2025-10-09 10:26:35,"Kraków, PL",0,0
5366,C000,223.83,2025-10-09 10:32:37,"London, UK",0,0
5900,C027,1477.47,2025-10-09 10:49:32,"Warszawa, PL",0,0
6839,C072,96.27,2025-10-09 10:56:43,"Kraków, PL",0,0
8090,C068,60.13,2025-10-09 11:10:41,"Kraków, PL",0,0
6338,C015,404.23,2025-10-09 11:16:01,"London, UK",1,0
3306,C017,344.97,2025-10-09 11:26:12,"Kraków, PL",0,0
6183,C030,888.82,2025-10-09 11:34:09,"Kraków, PL",0,0
274,C068,189.83,2025-10-09 11:38:53,"New York, US",0,1
1935,C056,48.78,2025-10-09 11:45:11,"London, UK",0,0
1292,C075,319.37,2025-10-09 11:48:04,"Kraków, PL",0,0
9520,C086,72.72,2025-10-09 11:50:35,"Warszawa, PL",0,0
4659,C008,12755.72,2025-10-09 11:52:06,"Kraków, PL",0,0
5173,C027,143.01,2025-10-09 12:03:34,"Warszawa, PL",0,0
5711,C057,418.2,2025-10-09 12:06:55,"Kraków, PL",0,0
9934,C081,436.46,2025-10-09 12:12:10,"New York, US",0,1
1202,C005,150.56,2025-10-09 12:15:04,"Kraków, PL",0,1
3308,C015,599.58,2025-10-09 12:24:40,"Kraków, PL",0,0
2871,C011,1394.89,2025-10-09 12:25:54,"London, UK",0,0
6031,C080,753.0,2025-10-09 12:26:16,"Kraków, PL",0,0
3629,C099,58.41,2025-10-09 12:31:24,"New York, US",0,0
385,C043,844.61,2025-10-09 12:42:48,"Kraków, PL",0,0
9382,C053,2335.9,2025-10-09 12:43:07,"Warszawa, PL",0,0
7637,C076,302.63,2025-10-09 13:04:14,"Warszawa, PL",0,0
9458,C042,1197.33,2025-10-09 13:07:39,"Warszawa, PL",0,0
1892,C034,13286.03,2025-10-09 13:10:52,"New York, US",0,0
4970,C006,160.74,2025-10-09 13:28:23,"Warszawa, PL",0,1
9917,C072,67.45,2025-10-09 13:39:55,"New York, US",0,0
6498,C074,13.38,2025-10-09 13:47:15,"London, UK",0,1
4491,C009,1070.42,2025-10-09 13:52:43,"London, UK",0,1
427,C010,1015.09,2025-10-09 13:55:34,"London, UK",0,0
6785,C086,253.01,2025-10-09 14:02:00,"Kraków, PL",0,0
7450,C014,408.53,2025-10-09 14:02:54,"London, UK",0,0
9758,C081,255.24,2025-10-09 14:09:52,"New York, US",0,0
2471,C003,2658.58,2025-10-09 14:11:00,"Kraków, PL",0,0
6,C043,816.14,2025-10-09 14:11:14,"Kraków, PL",0,0
4716,C072,85.53,2025-10-09 14:11:42,"London, UK",0,0
5090,C093,134.03,2025-10-09 14:12:58,"Warszawa, PL",0,0
2338,C056,3210.71,2025-10-09 14:13:05,"Warszawa, PL",0,0
5779,C020,554.69,2025-10-09 14:26:21,"Kraków, PL",0,0
4666,C005,1372.77,2025-10-09 14:34:29,"Warszawa, PL",0,0
9012,C016,877.44,2025-10-09 14:40:42,"London, UK",0,1
352,C080,3350.12,2025-10-09 14:45:12,"Kraków, PL",0,0
1694,C042,20.63,2025-10-09 14:58:36,"Warszawa, PL",0,0
7241,C037,380.67,2025-10-09 15:08:13,"New York, US",0,0
4676,C022,2167.46,2025-10-09 15:11:39,"New York, US",0,0
973,C061,343.35,2025-10-09 15:12:08,"Warszawa, PL",0,0
2170,C071,137.8,2025-10-09 15:17:25,"New York, US",0,0
837,C030,1906.01,2025-10-09 15:22:37,"Kraków, PL",0,0
6451,C025,63.63,2025-10-09 15:34:39,"Warszawa, PL",0,0
103,C033,339.41,2025-10-09 16:01:03,"New York, US",0,0
5747,C050,173.14,2025-10-09 16:04:43,"London, UK",0,0
3256,C019,55.88,2025-10-09 16:17:53,"New York, US",0,0
1481,C004,330.0,2025-10-09 16:23:00,"New York, US",0,0
5671,C023,364.91,2025-10-09 16:23:49,"London, UK",0,0
1900,C089,352.22,2025-10-09 16:24:23,"Kraków, PL",0,0
2858,C082,1410.32,2025-10-09 16:27:52,"Kraków, PL",0,0
3030,C015,170.87,2025-10-09 16:32:22,"London, UK",0,0
1961,C028,1339.98,2025-10-09 16:40:16,"Warszawa, PL",0,0
2078,C029,47.61,2025-10-09 16:41:35,"Kraków, PL",0,0
3046,C011,60.23,2025-10-09 16:42:43,"London, UK",1,0
8832,C035,96.21,2025-10-09 16:43:35,"Warszawa, PL",0,0
9164,C099,632.68,2025-10-09 16:58:23,"Kraków, PL",0,0
5710,C045,318.74,2025-10-09 17:01:16,"New York, US",0,0
1383,C020,764.54,2025-10-09 17:03:29,"New York, US",0,0
3221,C070,531.11,2025-10-09 17:03:35,"New York, US",0,0
5638,C055,8937.28,2025-10-09 17:08:06,"Kraków, PL",1,0
6410,C047,228.47,2025-10-09 17:18:50,"London, UK",0,0
7068,C057,3422.7,2025-10-09 17:21:43,"Warszawa, PL",0,1
2310,C025,957.18,2025-10-09 17:26:20,"London, UK",0,0
1216,C020,295.17,2025-10-09 17:27:23,"Warszawa, PL",0,0
3100,C030,214.46,2025-10-09 17:34:02,"London, UK",0,0
1470,C081,180.77,2025-10-09 17:36:20,"London, UK",0,0
4861,C007,216.94,2025-10-09 17:41:53,"Warszawa, PL",0,0
4285,C007,107.68,2025-10-09 17:47:20,"Kraków, PL",0,0
2709,C079,70.24,2025-10-09 17:49:27,"Warszawa, PL",0,0
7275,C083,181.45,2025-10-09 17:49:39,"New York, US",0,1
3316,C095,801.39,2025-10-09 17:51:35,"London, UK",0,0
7022,C091,777.88,2025-10-09 17:54:06,"London, UK",0,0
2233,C082,184.96,2025-10-09 17:57:14,"Warszawa, PL",0,0
1623,C030,565.65,2025-10-09 17:58:47,"New York, US",0,0
5648,C017,3257.69,2025-10-09 18:02:26,"London, UK",0,0
2671,C022,8149.81,2025-10-09 18:05:30,"London, UK",0,0
1876,C094,447.3,2025-10-09 18:06:55,"London, UK",0,0
839,C016,23427.43,2025-10-09 18:18:24,"Kraków, PL",0,0
3938,C089,44.97,2025-10-09 18:19:06,"London, UK",0,0
2535,C058,77.56,2025-10-09 18:26:45,"Kraków, PL",0,0
1463,C075,52.03,2025-10-09 18:32:43,"New York, US",0,0
7065,C076,3056.39,2025-10-09 18:37:43,"New York, US",0,0
9586,C017,549.99,2025-10-09 18:40:21,"Kraków, PL",0,1
124,C055,188.76,2025-10-09 18:43:05,"Kraków, PL",0,0
8559,C094,1440.4,2025-10-09 18:43:14,"New York, US",0,0
5143,C087,172.34,2025-10-09 18:44:22,"Kraków, PL",0,0
1393,C074,4643.44,2025-10-09 18:46:25,"London, UK",0,0
497,C051,81.31,2025-10-09 18:51:12,"Kraków, PL",0,0
1030,C062,50.32,2025-10-09 18:54:23,"New York, US",0,1
5910,C073,70.84,2025-10-09 19:03:06,"Kraków, PL",0,0
25,C043,313.89,2025-10-09 19:04:25,"London, UK",0,0
5499,C080,233.53,2025-10-09 19:12:21,"Warszawa, PL",0,0
8754,C052,10263.92,2025-10-09 19:17:24,"Warszawa, PL",0,0
5309,C074,522.79,2025-10-09 19:21:37,"London, UK",0,0
9604,C087,1252.6,2025-10-09 19:23:08,"New York, US",0,0
220,C037,28.67,2025-10-09 19:31:27,"New York, US",0,0
6260,C027,1251.12,2025-10-09 19:36:34,"Warszawa, PL",0,0
7395,C099,329.06,2025-10-09 19:39:34,"Warszawa, PL",0,0
5006,C077,1084.01,2025-10-09 19:48:50,"New York, US",0,1
7620,C084,35.7,2025-10-09 19:58:15,"London, UK",0,1
3264,C095,539.97,2025-10-09 20:06:59,"Warszawa, PL",0,0
2433,C039,539.18,2025-10-09 20:19:11,"Kraków, PL",0,1
8988,C033,135.05,2025-10-09 20:30:06,"Kraków, PL",0,0
9933,C083,4077.5,2025-10-09 20:30:21,"London, UK",0,0
6271,C011,202.46,2025-10-09 20:39:25,"Warszawa, PL",0,0
3417,C092,8263.78,2025-10-09 20:54:08,"New York, US",0,0
911,C070,1539.72,2025-10-09 21:00:54,"London, UK",0,0
6908,C043,661.13,2025-10-09 21:05:33,"Kraków, PL",0,0
4874,C062,290.35,2025-10-09 21:06:40,"London, UK",0,0
6204,C038,38024.3,2025-10-09 21:07:53,"Warszawa, PL",0,0
4885,C002,7403.7,2025-10-09 21:08:43,"Kraków, PL",0,0
118,C068,237.54,2025-10-09 21:20:00,"New York, US",0,0
808,C066,52.09,2025-10-09 21:33:43,"London, UK",0,0
4780,C030,2034.5,2025-10-09 21:34:05,"New York, US",0,0
732,C082,317.43,2025-10-09 21:36:45,"New York, US",0,0
1324,C001,105.79,2025-10-09 21:40:35,"Kraków, PL",0,0
7282,C054,14.14,2025-10-09 21:41:54,"Warszawa, PL",0,0
5332,C048,143.12,2025-10-09 21:45:54,"London, UK",0,0
6400,C009,90.76,2025-10-09 21:46:45,"London, UK",0,0
2898,C057,5654.42,2025-10-09 21:51:23,"Kraków, PL",0,0
8117,C044,2897.96,2025-10-09 21:52:40,"Warszawa, PL",0,0
6050,C041,2417.97,2025-10-09 21:54:02,"New York, US",0,0
8893,C036,52.08,2025-10-09 21:56:58,"New York, US",0,0
3072,C077,251.89,2025-10-09 22:06:04,"London, UK",0,0
5478,C058,1210.54,2025-10-09 22:10:25,"Warszawa, PL",0,0
1132,C090,4386.2,2025-10-09 22:15:52,"New York, US",0,0
7031,C041,2771.49,2025-10-09 22:17:31,"New York, US",0,0
7258,C049,1988.99,2025-10-09 22:22:40,"New York, US",0,0
5234,C065,1103.01,2025-10-09 22:26:25,"Warszawa, PL",0,0
4349,C083,263.98,2025-10-09 22:37:44,"London, UK",0,0
6244,C041,786.6,2025-10-09 22:45:02,"Warszawa, PL",0,1
6336,C031,425.62,2025-10-09 22:45:51,"Warszawa, PL",0,0
148,C071,152.82,2025-10-09 22:57:37,"London, UK",0,0
1744,C089,851.24,2025-10-09 22:59:22,"Warszawa, PL",0,0
9699,C041,149.14,2025-10-09 23:10:00,"New York, US",0,0
1402,C017,1186.45,2025-10-09 23:11:51,"New York, US",0,0
7208,C026,3766.76,2025-10-09 23:14:58,"Warszawa, PL",0,0
6057,C060,90.52,2025-10-09 23:15:12,"New York, US",0,0
5218,C029,652.04,2025-10-09 23:16:28,"New York, US",0,0
3055,C019,359.78,2025-10-09 23:16:29,"New York, US",0,0
6093,C019,6021.66,2025-10-09 23:19:12,"London, UK",0,0
908,C058,212.86,2025-10-09 23:22:15,"London, UK",0,0
9859,C063,837.45,2025-10-09 23:34:28,"Warszawa, PL",0,1
7475,C066,843.83,2025-10-09 23:40:52,"London, UK",0,0
6770,C099,175.73,2025-10-09 23:42:03,"Warszawa, PL",0,0
8560,C007,786.97,2025-10-09 23:47:40,"Kraków, PL",0,0
6833,C047,1108.24,2025-10-09 23:57:51,"London, UK",0,0
7813,C012,154.21,2025-10-09 23:59:00,"Warszawa, PL",0,0
217,C067,188.57,2025-10-10 00:00:10,"New York, US",0,0
3430,C043,108.27,2025-10-10 00:10:15,"London, UK",0,0
6491,C049,131.1,2025-10-10 00:13:56,"London, UK",0,1
419,C095,155.66,2025-10-10 00:19:58,"New York, US",0,0
521,C075,579.78,2025-10-10 00:24:15,"Warszawa, PL",0,0
2643,C086,1109.64,2025-10-10 00:25:23,"Kraków, PL",0,0
5457,C085,420.63,2025-10-10 00:34:21,"New York, US",0,0
684,C027,70.75,2025-10-10 00:35:54,"New York, US",0,0
8190,C002,641.18,2025-10-10 00:49:00,"Warszawa, PL",0,0
9259,C050,39.1,2025-10-10 01:05:23,"Warszawa, PL",0,1
324,C004,1100.81,2025-10-10 01:08:44,"New York, US",0,1
2496,C051,468.61,2025-10-10 01:14:00,"London, UK",0,0
3310,C092,173.62,2025-10-10 01:22:04,"New York, US",0,0
7520,C000,159.4,2025-10-10 01:22:24,"New York, US",0,0
809,C060,18.03,2025-10-10 01:23:51,"Kraków, PL",0,0
7333,C023,84.94,2025-10-10 01:26:05,"Warszawa, PL",0,0
6227,C077,372.62,2025-10-10 01:30:02,"London, UK",0,1
3421,C083,1089.96,2025-10-10 01:30:27,"New York, US",0,0
5848,C012,522.58,2025-10-10 01:34:47,"London, UK",0,0
8902,C095,771.59,2025-10-10 01:42:54,"London, UK",0,0
2125,C026,95.76,2025-10-10 01:48:19,"Warszawa, PL",0,0
3244,C036,150.44,2025-10-10 01:49:28,"New York, US",0,0
4238,C037,2958.17,2025-10-10 01:50:05,"Kraków, PL",0,0
5141,C018,4652.29,2025-10-10 02:03:51,"Warszawa, PL",0,0
1438,C015,1948.13,2025-10-10 02:09:53,"Kraków, PL",0,0
1186,C096,1108.14,2025-10-10 02:18:36,"London, UK",0,0
2662,C007,44.65,2025-10-10 02:21:02,"London, UK",0,0
3132,C017,7282.41,2025-10-10 02:35:58,"London, UK",0,0
61,C002,363.9,2025-10-10 02:41:53,"London, UK",0,0
9203,C000,428.33,2025-10-10 02:44:24,"Kraków, PL",0,0
6569,C026,406.29,2025-10-10 03:18:30,"London, UK",0,0
5274,C057,258.46,2025-10-10 03:21:55,"New York, US",0,0
619,C004,327.11,2025-10-10 03:28:03,"New York, US",0,0
3940,C036,33.05,2025-10-10 03:28:55,"Warszawa, PL",0,0
9609,C004,1491.01,2025-10-10 03:34:54,"London, UK",0,0
2717,C080,333.95,2025-10-10 03:38:37,"Warszawa, PL",0,1
1811,C007,1153.43,2025-10-10 03:43:22,"Kraków, PL",0,1
7918,C099,1332.53,2025-10-10 03:48:25,"New York, US",0,0
2877,C064,13572.16,2025-10-10 03:55:23,"Warszawa, PL",0,0
639,C024,600.17,2025-10-10 03:58:26,"New York, US",0,0
8063,C064,42497.88,2025-10-10 04:06:50,"London, UK",0,0
7697,C017,33.17,2025-10-10 04:14:48,"Warszawa, PL",0,0
9757,C047,244.09,2025-10-10 04:14:49,"London, UK",1,0
1098,C017,50.31,2025-10-10 04:21:42,"New York, US",0,0
7506,C055,279.31,2025-10-10 04:27:20,"New York, US",0,0
3954,C037,288.1,2025-10-10 04:28:45,"Kraków, PL",0,0
3250,C045,259.8,2025-10-10 04:28:51,"Warszawa, PL",0,0
3064,C089,295.97,2025-10-10 04:33:52,"Warszawa, PL",0,0
6203,C059,47.98,2025-10-10 04:37:05,"London, UK",0,0
4370,C061,3420.83,2025-10-10 04:40:14,"Warszawa, PL",0,0
3408,C009,149.26,2025-10-10 04:43:20,"London, UK",0,0
7100,C078,889.67,2025-10-10 04:45:39,"New York, US",0,0
3261,C088,409.12,2025-10-10 04:47:32,"Kraków, PL",0,0
9127,C046,727.18,2025-10-10 04:50:11,"Kraków, PL",0,0
4193,C027,289.02,2025-10-10 04:51:56,"Kraków, PL",0,0
8448,C045,103.01,2025-10-10 05:00:19,"Warszawa, PL",0,0
7876,C021,176.22,2025-10-10 05:05:57,"London, UK",0,0
3078,C020,2536.05,2025-10-10 05:19:23,"New York, US",0,1
4647,C038,1141.74,2025-10-10 05:27:07,"New York, US",0,0
5536,C051,1012.36,2025-10-10 05:28:39,"Kraków, PL",0,0
6095,C021,469.94,2025-10-10 05:31:08,"New York, US",0,0
6522,C015,247.81,2025-10-10 05:35:17,"Kraków, PL",0,0
9909,C026,548.78,2025-10-10 05:36:28,"Warszawa, PL",0,0
2224,C050,2187.32,2025-10-10 05:43:17,"London, UK",0,1
4957,C096,5353.22,2025-10-10 05:49:22,"New York, US",0,0
1778,C035,497.79,2025-10-10 05:51:00,"New York, US",0,0
3313,C023,10519.86,2025-10-10 05:53:01,"New York, US",1,0
2181,C090,1774.89,2025-10-10 05:55:16,"Warszawa, PL",0,0
9698,C056,2371.55,2025-10-10 05:55:22,"New York, US",0,1
6656,C035,1677.55,2025-10-10 05:56:02,"New York, US",0,0
3905,C054,49.31,2025-10-10 05:57:25,"New York, US",0,0
4699,C026,65.31,2025-10-10 06:01:52,"New York, US",0,0
304,C016,240.51,2025-10-10 06:02:11,"London, UK",0,0
94,C034,677.32,2025-10-10 06:06:33,"Warszawa, PL",0,0
5215,C095,271.5,2025-10-10 06:12:50,"New York, US",0,1
714,C026,575.31,2025-10-10 06:18:17,"Kraków, PL",0,0
5937,C057,2019.76,2025-10-10 06:29:00,"Kraków, PL",0,0
9282,C020,238.66,2025-10-10 06:33:05,"New York, US",0,0
5467,C009,52.35,2025-10-10 06:34:48,"London, UK",0,0
435,C042,96.42,2025-10-10 06:38:05,"Warszawa, PL",0,0
8003,C013,4320.01,2025-10-10 06:42:23,"London, UK",0,1
8026,C016,622.37,2025-10-10 06:48:06,"Warszawa, PL",0,0
4176,C046,223.44,2025-10-10 06:50:29,"Warszawa, PL",0,0
7143,C061,2569.88,2025-10-10 06:51:00,"New York, US",0,0
1958,C000,2751.61,2025-10-10 06:56:44,"Kraków, PL",0,0
1843,C038,812.92,2025-10-10 06:59:35,"London, UK",0,0
7764,C068,1028.67,2025-10-10 07:06:44,"Warszawa, PL",0,0
6397,C028,701.97,2025-10-10 07:10:57,"New York, US",0,0
9846,C002,3329.49,2025-10-10 07:13:00,"London, UK",0,0
1336,C025,998.95,2025-10-10 07:18:07,"Kraków, PL",0,0
7659,C040,91.89,2025-10-10 07:22:20,"London, UK",0,1
2451,C058,492.59,2025-10-10 07:25:25,"Warszawa, PL",0,0
2086,C030,883.1,2025-10-10 07:41:10,"Kraków, PL",0,0
1695,C078,1134.56,2025-10-10 07:42:52,"Kraków, PL",0,0
2477,C032,272.32,2025-10-10 07:44:31,"Kraków, PL",0,1
1445,C082,819.07,2025-10-10 07:54:17,"London, UK",0,0
4201,C014,225.44,2025-10-10 08:03:21,"Kraków, PL",0,1
6405,C004,986.57,2025-10-10 08:03:51,"Kraków, PL",0,0
3163,C027,74.46,2025-10-10 08:16:07,"New York, US",0,0
3220,C047,117.57,2025-10-10 08:17:51,"London, UK",0,0
2412,C015,437.24,2025-10-10 08:19:18,"Kraków, PL",0,0
4669,C009,103.36,2025-10-10 08:19:18,"Kraków, PL",0,0
1255,C007,76.35,2025-10-10 08:22:17,"London, UK",0,0
4790,C014,27.74,2025-10-10 08:25:32,"Kraków, PL",0,0
5089,C097,3572.49,2025-10-10 08:30:22,"Kraków, PL",0,0
6041,C062,1092.0,2025-10-10 08:30:49,"Warszawa, PL",0,0
4542,C080,665.13,2025-10-10 08:39:49,"New York, US",0,0
2098,C050,32.99,2025-10-10 08:45:32,"London, UK",0,0
9616,C061,822.53,2025-10-10 08:51:26,"London, UK",0,0
1116,C028,214.18,2025-10-10 08:52:32,"London, UK",0,0
4411,C082,22.07,2025-10-10 09:02:20,"Kraków, PL",0,0
5803,C060,334.24,2025-10-10 09:06:15,"Warszawa, PL",0,0
641,C012,209.66,2025-10-10 09:09:15,"Kraków, PL",0,0
6249,C085,37.44,2025-10-10 09:21:22,"Kraków, PL",0,0
3557,C035,56.83,2025-10-10 09:22:15,"Kraków, PL",0,0
2386,C047,724.49,2025-10-10 09:25:35,"Kraków, PL",0,0
1156,C092,437.28,2025-10-10 09:30:09,"Kraków, PL",0,0
1401,C051,2885.08,2025-10-10 09:33:52,"Kraków, PL",0,0
8746,C023,1265.09,2025-10-10 09:34:47,"New York, US",0,0
8031,C096,715.09,2025-10-10 09:38:01,"Warszawa, PL",0,0
9052,C025,2124.26,2025-10-10 09:38:44,"Kraków, PL",0,1
5428,C039,589.92,2025-10-10 09:40:00,"New York, US",0,0
6304,C010,894.46,2025-10-10 09:43:01,"Kraków, PL",1,1
6890,C000,539.17,2025-10-10 09:50:57,"New York, US",0,0
7793,C044,376.97,2025-10-10 09:55:05,"Kraków, PL",0,0
71,C006,3993.97,2025-10-10 10:00:57,"Kraków, PL",0,1
1436,C085,775.68,2025-10-10 10:02:16,"Warszawa, PL",0,0
4436,C070,46.74,2025-10-10 10:06:37,"London, UK",0,0
5030,C084,102.37,2025-10-10 10:07:09,"New York, US",0,0
914,C003,1176.68,2025-10-10 10:11:54,"London, UK",0,0
8987,C072,959.15,2025-10-10 10:21:34,"London, UK",0,0
4895,C098,393.57,2025-10-10 10:24:55,"Kraków, PL",0,0
2108,C019,98.57,2025-10-10 10:25:27,"Warszawa, PL",0,0
9492,C012,5448.66,2025-10-10 10:27:04,"Warszawa, PL",0,0
1206,C065,492.21,2025-10-10 10:30:47,"Kraków, PL",0,0
6567,C092,772.22,2025-10-10 10:37:50,"London, UK",0,0
9677,C068,504.83,2025-10-10 10:41:45,"New York, US",0,0
8100,C003,1192.87,2025-10-10 10:44:22,"Warszawa, PL",0,0
4471,C015,63.63,2025-10-10 10:46:03,"New York, US",0,0
2929,C029,2384.84,2025-10-10 10:51:28,"New York, US",0,0
5250,C021,80.3,2025-10-10 10:55:07,"New York, US",0,0
975,C056,228.41,2025-10-10 11:00:25,"Kraków, PL",0,0
9280,C069,4974.22,2025-10-10 11:03:08,"Warszawa, PL",0,0
4879,C028,96.98,2025-10-10 11:03:41,"London, UK",0,0
7891,C084,384.13,2025-10-10 11:04:40,"Kraków, PL",0,0
4609,C053,52.09,2025-10-10 11:10:48,"London, UK",0,0
2354,C039,359.56,2025-10-10 11:18:21,"London, UK",0,0
9479,C099,167.27,2025-10-10 11:23:19,"London, UK",0,0
7641,C001,1530.38,2025-10-10 11:26:16,"London, UK",0,0
203,C073,300.14,2025-10-10 11:29:16,"London, UK",0,0
9320,C083,359.62,2025-10-10 11:38:43,"London, UK",0,1
7322,C049,796.64,2025-10-10 11:54:05,"London, UK",0,0
560,C026,32.52,2025-10-10 11:59:22,"Kraków, PL",0,1
1252,C033,409.72,2025-10-10 12:00:12,"New York, US",0,0
6855,C054,1202.92,2025-10-10 12:04:36,"Warszawa, PL",0,0
4974,C001,2361.65,2025-10-10 12:06:50,"New York, US",0,0
7522,C062,932.84,2025-10-10 12:11:11,"Warszawa, PL",0,0
1923,C072,175.13,2025-10-10 12:13:46,"Warszawa, PL",0,0
4792,C017,91.49,2025-10-10 12:21:19,"New York, US",0,0
2409,C027,2216.46,2025-10-10 12:23:14,"Kraków, PL",0,0
3974,C010,276.01,2025-10-10 12:23:33,"New York, US",0,0
2830,C073,6735.53,2025-10-10 12:24:49,"Kraków, PL",0,0
9359,C069,436.93,2025-10-10 12:28:51,"Warszawa, PL",0,0
6651,C054,1006.92,2025-10-10 12:32:07,"Warszawa, PL",0,0
3449,C041,60.6,2025-10-10 12:32:22,"Kraków, PL",0,0
1191,C085,166.27,2025-10-10 12:33:50,"New York, US",0,0
5278,C010,278.9,2025-10-10 12:35:18,"Kraków, PL",0,0
8074,C026,4667.22,2025-10-10 12:36:31,"Warszawa, PL",0,0
1220,C005,234.47,2025-10-10 12:45:38,"New York, US",0,1
7406,C091,288.63,2025-10-10 12:46:41,"London, UK",0,0
4293,C060,298.61,2025-10-10 12:47:47,"New York, US",0,1
6180,C093,82.99,2025-10-10 12:52:41,"Kraków, PL",0,0
9974,C030,2300.92,2025-10-10 12:58:42,"New York, US",0,0
1597,C043,404.38,2025-10-10 13:11:31,"London, UK",0,0
1460,C028,5679.5,2025-10-10 13:15:08,"Warszawa, PL",0,0
3323,C028,464.56,2025-10-10 13:18:16,"Warszawa, PL",0,0
2825,C090,569.65,2025-10-10 13:18:51,"Warszawa, PL",0,0
9035,C060,90.5,2025-10-10 13:30:22,"New York, US",0,0
4984,C037,32.35,2025-10-10 13:33:23,"New York, US",0,0
8890,C029,2089.11,2025-10-10 13:33:47,"New York, US",0,0
8748,C012,678.01,2025-10-10 13:36:53,"Warszawa, PL",0,0
7768,C007,162.53,2025-10-10 14:03:25,"New York, US",0,1
1373,C029,40.68,2025-10-10 14:06:45,"Kraków, PL",0,0
2518,C097,146.47,2025-10-10 14:11:53,"Warszawa, PL",0,0
8453,C087,982.97,2025-10-10 14:12:31,"Kraków, PL",0,0
7991,C034,35.47,2025-10-10 14:16:38,"New York, US",0,0
1262,C033,764.88,2025-10-10 14:24:11,"London, UK",1,0
6781,C097,768.72,2025-10-10 14:28:41,"London, UK",0,0
4953,C082,256.35,2025-10-10 14:31:03,"Warszawa, PL",0,0
1187,C062,399.22,2025-10-10 14:38:08,"Warszawa, PL",0,0
6073,C064,427.48,2025-10-10 14:42:50,"Warszawa, PL",0,0
4413,C017,215.27,2025-10-10 14:43:02,"Warszawa, PL",0,0
5583,C083,294.31,2025-10-10 14:45:00,"Warszawa, PL",0,0
2417,C043,118.58,2025-10-10 14:56:05,"London, UK",0,0
3703,C060,1753.15,2025-10-10 15:02:47,"Kraków, PL",0,0
879,C022,299.68,2025-10-10 15:06:23,"London, UK",0,0
8428,C033,1046.28,2025-10-10 15:06:36,"New York, US",1,0
7021,C045,63.86,2025-10-10 15:21:09,"New York, US",0,0
3028,C050,537.4,2025-10-10 15:23:55,"London, UK",0,0
4688,C036,111.4,2025-10-10 15:24:32,"London, UK",0,0
8206,C013,3346.82,2025-10-10 15:26:26,"Kraków, PL",0,0
5654,C074,15011.54,2025-10-10 15:27:00,"Warszawa, PL",0,0
6632,C013,19.83,2025-10-10 15:28:40,"Kraków, PL",0,0
4600,C074,5319.93,2025-10-10 15:30:01,"Kraków, PL",0,0
1570,C082,191.72,2025-10-10 15:38:10,"New York, US",0,0
1776,C011,5867.64,2025-10-10 15:50:00,"Warszawa, PL",0,0
3597,C056,120.89,2025-10-10 15:54:57,"New York, US",0,0
8098,C011,1876.75,2025-10-10 15:57:33,"Warszawa, PL",0,0
6899,C073,1087.21,2025-10-10 16:04:08,"New York, US",0,0
4954,C027,487.65,2025-10-10 16:07:17,"New York, US",0,0
436,C086,166.99,2025-10-10 16:07:18,"New York, US",0,0
8815,C071,1426.51,2025-10-10 16:07:46,"Kraków, PL",0,0
4476,C010,1324.73,2025-10-10 16:18:08,"London, UK",0,0
813,C083,905.49,2025-10-10 16:19:43,"Warszawa, PL",0,0
465,C031,37.96,2025-10-10 16:24:25,"Warszawa, PL",0,0
730,C050,208.11,2025-10-10 16:28:05,"New York, US",0,0
4232,C094,1355.53,2025-10-10 16:34:35,"Kraków, PL",0,0
2408,C061,157.91,2025-10-10 16:38:50,"Warszawa, PL",0,0
5524,C076,110.41,2025-10-10 16:41:01,"New York, US",0,0
5033,C001,593.47,2025-10-10 16:42:00,"New York, US",0,0
2385,C091,259.08,2025-10-10 16:42:54,"New York, US",0,0
6027,C011,335.85,2025-10-10 16:44:59,"London, UK",0,0
1636,C089,1299.86,2025-10-10 16:50:12,"New York, US",0,0
3222,C059,431.86,2025-10-10 16:55:23,"Warszawa, PL",0,0
8144,C075,227.37,2025-10-10 16:57:00,"London, UK",0,0
8381,C096,216.94,2025-10-10 16:59:56,"Kraków, PL",0,0
6812,C058,654.97,2025-10-10 17:09:05,"Kraków, PL",0,0
6607,C051,60.92,2025-10-10 17:12:44,"New York, US",0,0
910,C070,146.21,2025-10-10 17:14:09,"Warszawa, PL",0,0
3135,C022,483.85,2025-10-10 17:17:00,"Warszawa, PL",0,0
5469,C069,6748.6,2025-10-10 17:25:51,"Warszawa, PL",0,0
764,C009,362.42,2025-10-10 17:27:47,"Kraków, PL",0,1
7147,C033,1792.33,2025-10-10 17:35:19,"Warszawa, PL",0,0
8613,C045,347.44,2025-10-10 17:36:37,"Warszawa, PL",0,0
6598,C097,280.35,2025-10-10 17:40:35,"Warszawa, PL",0,0
4380,C072,25.18,2025-10-10 17:48:48,"Warszawa, PL",0,1
6076,C048,65.59,2025-10-10 17:51:00,"Kraków, PL",0,0
6263,C086,457.55,2025-10-10 17:52:48,"London, UK",0,0
1540,C001,1083.85,2025-10-10 17:54:16,"London, UK",0,0
3018,C064,1191.99,2025-10-10 18:04:06,"Warszawa, PL",0,0
3990,C099,1838.89,2025-10-10 18:06:58,"Kraków, PL",0,0
6840,C029,1271.43,2025-10-10 18:23:57,"Kraków, PL",0,0
273,C012,516.89,2025-10-10 18:29:08,"London, UK",0,0
312,C049,407.28,2025-10-10 18:29:31,"Warszawa, PL",0,0
8624,C055,104.3,2025-10-10 18:30:53,"Kraków, PL",0,0
7980,C081,628.26,2025-10-10 18:33:13,"Kraków, PL",0,0
7823,C037,40.1,2025-10-10 18:36:57,"New York, US",0,0
2215,C014,204.6,2025-10-10 18:38:45,"London, UK",0,0
4257,C091,319.97,2025-10-10 18:42:00,"Warszawa, PL",0,0
3828,C073,1990.16,2025-10-10 18:50:52,"London, UK",0,0
5292,C052,105.28,2025-10-10 18:50:59,"New York, US",0,0
3879,C087,2119.6,2025-10-10 18:55:24,"London, UK",0,0
5775,C092,616.5,2025-10-10 18:57:31,"New York, US",0,0
8947,C066,492.51,2025-10-10 19:06:03,"London, UK",0,0
6167,C090,701.79,2025-10-10 19:08:38,"London, UK",0,1
8467,C050,327.78,2025-10-10 19:08:47,"Warszawa, PL",0,0
5875,C073,605.57,2025-10-10 19:10:25,"New York, US",0,1
2805,C064,281.82,2025-10-10 19:15:03,"Warszawa, PL",0,0
900,C034,86.27,2025-10-10 19:17:42,"Warszawa, PL",0,0
4779,C023,202.25,2025-10-10 19:19:18,"Warszawa, PL",0,0
9045,C036,55.95,2025-10-10 19:21:56,"Warszawa, PL",0,1
6726,C021,1213.89,2025-10-10 19:23:07,"New York, US",0,0
4490,C046,244.74,2025-10-10 19:27:28,"London, UK",0,0
3281,C022,77.59,2025-10-10 19:32:31,"London, UK",0,0
1586,C033,196.37,2025-10-10 19:40:03,"Warszawa, PL",0,0
3747,C022,6545.66,2025-10-10 19:46:08,"London, UK",0,0
410,C044,198.6,2025-10-10 19:47:33,"New York, US",0,0
3980,C093,990.2,2025-10-10 19:55:27,"Kraków, PL",0,1
1227,C004,636.01,2025-10-10 20:14:26,"London, UK",0,0
1353,C043,2701.41,2025-10-10 20:16:50,"Warszawa, PL",0,1
8160,C069,954.69,2025-10-10 20:23:57,"London, UK",0,0
6994,C067,1332.15,2025-10-10 20:28:40,"New York, US",0,0
9988,C037,47.64,2025-10-10 20:28:52,"Warszawa, PL",0,0
3390,C071,313.03,2025-10-10 20:31:48,"New York, US",0,0
1777,C025,4.93,2025-10-10 20:35:46,"New York, US",0,0
8774,C011,4.22,2025-10-10 21:01:03,"Kraków, PL",0,0
8857,C068,903.8,2025-10-10 21:02:36,"Kraków, PL",0,1
2357,C097,4571.11,2025-10-10 21:09:55,"New York, US",0,0
2834,C092,333.12,2025-10-10 21:12:21,"Warszawa, PL",0,0
3136,C010,568.09,2025-10-10 21:15:15,"Warszawa, PL",0,0
5661,C045,449.01,2025-10-10 21:15:19,"New York, US",0,0
9441,C006,150.18,2025-10-10 21:18:57,"Kraków, PL",0,0
1337,C085,810.59,2025-10-10 21:21:41,"Kraków, PL",0,0
3632,C044,882.3,2025-10-10 21:24:43,"Warszawa, PL",0,0
2226,C078,2883.07,2025-10-10 21:30:17,"Warszawa, PL",0,0
2096,C067,1092.94,2025-10-10 21:34:22,"London, UK",0,0
6980,C091,449.54,2025-10-10 21:37:11,"Warszawa, PL",0,0
2210,C062,114.79,2025-10-10 21:37:26,"New York, US",0,0
3296,C069,26.18,2025-10-10 21:44:16,"Warszawa, PL",0,1
2982,C050,561.9,2025-10-10 21:46:35,"London, UK",0,1
225,C029,1329.06,2025-10-10 21:46:45,"Kraków, PL",0,0
3444,C070,133.45,2025-10-10 21:54:45,"Kraków, PL",0,0
1328,C000,6152.56,2025-10-10 22:02:10,"London, UK",0,0
1155,C010,603.72,2025-10-10 22:03:22,"Warszawa, PL",0,0
715,C096,461.25,2025-10-10 22:03:57,"Warszawa, PL",0,0
8552,C018,207.68,2025-10-10 22:05:29,"New York, US",0,1
7549,C066,938.11,2025-10-10 22:07:30,"New York, US",0,0
7936,C011,541.58,2025-10-10 22:14:26,"London, UK",0,0
5907,C099,3074.4,2025-10-10 22:17:35,"Warszawa, PL",0,0
1446,C002,29.76,2025-10-10 22:19:55,"New York, US",0,0
2944,C029,680.06,2025-10-10 22:22:51,"London, UK",0,0
2002,C069,157.85,2025-10-10 22:27:26,"Warszawa, PL",0,0
5653,C082,329.51,2025-10-10 22:31:33,"Kraków, PL",0,0
8335,C024,306.48,2025-10-10 22:38:30,"New York, US",0,0
3527,C094,259.32,2025-10-10 22:41:00,"New York, US",0,0
2850,C091,2206.96,2025-10-10 22:42:09,"Warszawa, PL",0,0
7875,C070,250.41,2025-10-10 22:42:17,"London, UK",0,0
5487,C013,3070.92,2025-10-10 22:46:27,"New York, US",0,0
2160,C023,182.51,2025-10-10 22:48:55,"Warszawa, PL",0,0
5345,C014,153.45,2025-10-10 22:49:16,"Warszawa, PL",0,0
9631,C012,173.04,2025-10-10 22:49:48,"London, UK",0,1
1466,C011,1033.25,2025-10-10 22:52:57,"London, UK",0,1
9414,C005,287.33,2025-10-10 22:53:07,"Kraków, PL",0,0
3051,C058,92.85,2025-10-10 22:53:29,"Warszawa, PL",0,0
3381,C016,1287.54,2025-10-10 22:54:00,"New York, US",0,0
9299,C026,285.92,2025-10-10 22:54:28,"New York, US",0,0
4575,C036,216.35,2025-10-10 23:02:26,"Warszawa, PL",0,0
4685,C079,60.79,2025-10-10 23:03:50,"Kraków, PL",0,1
1296,C020,57.51,2025-10-10 23:08:59,"New York, US",0,0
3606,C049,132.5,2025-10-10 23:10:52,"New York, US",0,0
1159,C084,57.81,2025-10-10 23:14:54,"Warszawa, PL",0,0
6353,C029,267.32,2025-10-10 23:25:50,"Kraków, PL",0,0
8210,C055,658.59,2025-10-10 23:31:49,"Kraków, PL",0,0
5391,C091,578.73,2025-10-10 23:52:29,"London, UK",0,0
4439,C069,220.46,2025-10-10 23:54:39,"New York, US",0,0
3685,C089,240.34,2025-10-11 00:00:22,"Warszawa, PL",0,0
6692,C081,38.33,2025-10-11 00:08:34,"Warszawa, PL",0,0
461,C066,2049.95,2025-10-11 00:09:59,"London, UK",0,0
6289,C031,269.02,2025-10-11 00:12:00,"Kraków, PL",0,0
2897,C038,1129.21,2025-10-11 00:17:50,"New York, US",0,0
6172,C068,98.37,2025-10-11 00:20:34,"London, UK",0,1
2380,C012,517.11,2025-10-11 00:29:37,"New York, US",0,0
6022,C019,113.75,2025-10-11 00:30:07,"London, UK",0,0
1256,C093,327.77,2025-10-11 00:33:37,"New York, US",0,1
2340,C095,54.58,2025-10-11 00:34:50,"London, UK",0,0
5454,C017,2148.98,2025-10-11 00:43:07,"Kraków, PL",0,0
8203,C081,294.03,2025-10-11 00:58:43,"New York, US",0,0
2648,C016,104.17,2025-10-11 00:59:01,"Warszawa, PL",0,0
3681,C015,65.72,2025-10-11 01:02:45,"New York, US",0,0
9117,C078,7063.13,2025-10-11 01:09:15,"Kraków, PL",0,0
2653,C098,212.53,2025-10-11 01:18:23,"New York, US",0,0
3626,C006,903.08,2025-10-11 01:27:36,"Warszawa, PL",0,0
17,C019,27.85,2025-10-11 01:36:31,"Warszawa, PL",0,0
520,C040,93.22,2025-10-11 01:37:23,"London, UK",0,0
6096,C029,521.92,2025-10-11 01:40:01,"London, UK",0,0
503,C005,2426.95,2025-10-11 01:43:49,"New York, US",0,0
2816,C071,150.78,2025-10-11 01:53:54,"Kraków, PL",0,0
6589,C060,199.84,2025-10-11 01:54:04,"London, UK",0,1
9319,C087,1283.26,2025-10-11 02:04:26,"Warszawa, PL",0,0
9331,C084,7314.02,2025-10-11 02:09:39,"Warszawa, PL",0,0
3847,C020,146.28,2025-10-11 02:10:36,"London, UK",0,0
8086,C011,97.55,2025-10-11 02:17:09,"Warszawa, PL",0,0
9961,C056,810.96,2025-10-11 02:17:26,"New York, US",0,0
7271,C077,86.11,2025-10-11 02:17:51,"London, UK",1,0
2772,C047,28.56,2025-10-11 02:21:07,"London, UK",0,0
519,C067,165.44,2025-10-11 02:26:09,"Kraków, PL",0,0
2147,C064,6495.11,2025-10-11 02:40:32,"Kraków, PL",0,0
8120,C008,43.66,2025-10-11 02:44:17,"London, UK",0,0
4331,C071,101.58,2025-10-11 02:50:06,"Warszawa, PL",0,0
6873,C039,259.66,2025-10-11 02:52:00,"Kraków, PL",0,0
9137,C069,361.85,2025-10-11 03:02:15,"Kraków, PL",0,0
1971,C020,71.46,2025-10-11 03:06:47,"Warszawa, PL",0,0
4717,C084,366.5,2025-10-11 03:08:17,"Warszawa, PL",0,0
634,C076,312.43,2025-10-11 03:15:04,"Warszawa, PL",0,0
7095,C006,882.43,2025-10-11 03:15:29,"New York, US",0,0
493,C096,275.38,2025-10-11 03:22:19,"London, UK",0,0
8162,C005,935.53,2025-10-11 03:22:48,"Warszawa, PL",0,0
2004,C079,139.8,2025-10-11 03:25:45,"Kraków, PL",0,1
3843,C090,979.28,2025-10-11 03:30:52,"Kraków, PL",0,1
2983,C045,327.27,2025-10-11 03:32:57,"Warszawa, PL",0,0
2273,C035,412.28,2025-10-11 03:34:06,"Kraków, PL",0,0
755,C051,90.57,2025-10-11 03:36:18,"London, UK",0,0
7449,C009,46.78,2025-10-11 03:40:48,"London, UK",0,0
4301,C048,1388.83,2025-10-11 03:46:09,"Kraków, PL",0,0
7579,C043,149.41,2025-10-11 03:49:11,"Warszawa, PL",0,0
7997,C082,85.28,2025-10-11 03:52:00,"Warszawa, PL",0,0
3543,C047,373.56,2025-10-11 04:02:55,"Warszawa, PL",0,0
1429,C006,486.34,2025-10-11 04:03:49,"Warszawa, PL",0,0
5719,C044,201.84,2025-10-11 04:07:42,"London, UK",0,0
8836,C075,169.56,2025-10-11 04:14:15,"London, UK",0,0
7320,C070,260.72,2025-10-11 04:14:27,"London, UK",0,0
6268,C082,283.43,2025-10-11 04:16:53,"Warszawa, PL",0,0
9891,C019,305.76,2025-10-11 04:19:40,"Warszawa, PL",1,0
7994,C051,9797.66,2025-10-11 04:27:34,"London, UK",0,0
7385,C028,71.85,2025-10-11 04:28:46,"London, UK",0,0
1067,C015,1136.51,2025-10-11 04:29:19,"New York, US",0,0
5974,C062,119.11,2025-10-11 04:30:49,"Kraków, PL",0,0
160,C015,2840.22,2025-10-11 04:30:51,"Kraków, PL",0,0
3203,C029,5480.55,2025-10-11 04:41:37,"Kraków, PL",0,0
2571,C026,744.68,2025-10-11 04:42:39,"Warszawa, PL",0,0
3561,C075,432.15,2025-10-11 04:46:52,"Kraków, PL",0,1
3463,C090,151.79,2025-10-11 04:51:10,"New York, US",0,0
8157,C076,841.02,2025-10-11 04:53:10,"London, UK",0,0
252,C035,927.65,2025-10-11 04:55:22,"New York, US",0,0
1829,C090,1699.72,2025-10-11 05:01:36,"New York, US",0,0
1448,C071,147.84,2025-10-11 05:01:47,"New York, US",0,1
2026,C025,1017.43,2025-10-11 05:08:37,"New York, US",0,0
1987,C093,7259.72,2025-10-11 05:15:03,"Kraków, PL",0,0
9238,C007,30.12,2025-10-11 05:16:15,"New York, US",0,1
8204,C032,884.96,2025-10-11 05:20:01,"New York, US",0,0
706,C053,1068.59,2025-10-11 05:21:46,"London, UK",0,0
438,C076,369.28,2025-10-11 05:26:33,"London, UK",0,1
9620,C070,49.83,2025-10-11 05:27:13,"Warszawa, PL",0,0
8081,C060,216.56,2025-10-11 05:27:45,"Kraków, PL",0,0
5557,C065,389.02,2025-10-11 05:30:53,"New York, US",0,0
5795,C077,600.28,2025-10-11 05:35:47,"New York, US",0,0
826,C085,398.0,2025-10-11 05:44:33,"Warszawa, PL",0,0
4852,C047,327.13,2025-10-11 05:47:34,"London, UK",0,0
7969,C043,254.83,2025-10-11 05:53:38,"New York, US",0,0
1307,C063,11.82,2025-10-11 05:55:00,"New York, US",0,0
3815,C023,242.95,2025-10-11 05:59:55,"London, UK",0,0
1099,C034,54.74,2025-10-11 06:10:05,"New York, US",0,0
8959,C047,387.74,2025-10-11 06:13:27,"New York, US",0,0
7898,C005,224.1,2025-10-11 06:16:39,"Kraków, PL",0,0
1869,C084,196.05,2025-10-11 06:31:15,"Kraków, PL",0,0
6007,C096,716.01,2025-10-11 06:40:59,"London, UK",0,0
9255,C004,113.93,2025-10-11 06:41:13,"Kraków, PL",0,0
6545,C058,137.7,2025-10-11 06:43:53,"Warszawa, PL",0,0
7814,C000,760.64,2025-10-11 06:45:08,"Warszawa, PL",0,0
5362,C040,1119.32,2025-10-11 06:53:25,"Warszawa, PL",0,0
3382,C072,145.89,2025-10-11 06:59:46,"New York, US",0,0
9869,C022,450.75,2025-10-11 07:02:25,"Kraków, PL",0,0
9603,C005,687.06,2025-10-11 07:03:38,"Warszawa, PL",0,0
9329,C083,154.19,2025-10-11 07:04:01,"Kraków, PL",0,0
4218,C043,175.78,2025-10-11 07:05:35,"London, UK",0,0
79,C015,1335.11,2025-10-11 07:06:01,"Warszawa, PL",0,0
2107,C065,2064.69,2025-10-11 07:06:19,"New York, US",0,0
5694,C060,100.18,2025-10-11 07:17:22,"Warszawa, PL",0,0
2110,C074,337.75,2025-10-11 07:21:20,"Kraków, PL",0,0
3556,C014,37.03,2025-10-11 07:21:25,"London, UK",0,0
2876,C052,99.53,2025-10-11 07:24:01,"London, UK",0,0
6016,C024,3444.17,2025-10-11 07:28:15,"Kraków, PL",0,0
962,C025,214.07,2025-10-11 07:32:19,"New York, US",0,0
4668,C053,4745.23,2025-10-11 07:33:39,"London, UK",0,0
2213,C054,118.87,2025-10-11 07:34:21,"Warszawa, PL",0,0
6943,C059,291.03,2025-10-11 07:38:56,"New York, US",0,0
9422,C083,10744.89,2025-10-11 07:41:53,"Kraków, PL",0,0
6715,C081,15.12,2025-10-11 07:43:18,"Kraków, PL",0,0
7744,C028,387.52,2025-10-11 07:47:46,"Kraków, PL",0,0
5439,C063,4702.12,2025-10-11 07:48:41,"New York, US",0,0
7502,C019,58.88,2025-10-11 07:50:10,"New York, US",0,0
8888,C021,891.78,2025-10-11 07:53:00,"London, UK",0,0
1103,C072,263.75,2025-10-11 07:56:56,"New York, US",0,1
8835,C040,800.12,2025-10-11 08:00:07,"Kraków, PL",0,0
1520,C022,971.29,2025-10-11 08:02:03,"New York, US",0,0
5245,C079,1036.03,2025-10-11 08:06:08,"New York, US",0,0
6684,C029,377.24,2025-10-11 08:08:05,"London, UK",0,1
7260,C014,1700.84,2025-10-11 08:11:06,"London, UK",0,0
3485,C017,253.13,2025-10-11 08:22:55,"Kraków, PL",0,0
370,C037,206.44,2025-10-11 08:27:55,"Warszawa, PL",0,0
9857,C082,5019.38,2025-10-11 08:28:21,"Kraków, PL",0,0
3614,C018,318.6,2025-10-11 08:30:39,"Kraków, PL",0,0
2217,C063,69.63,2025-10-11 08:34:00,"Warszawa, PL",0,0
4142,C024,293.2,2025-10-11 08:36:08,"Warszawa, PL",0,1
1130,C061,5304.36,2025-10-11 08:41:47,"Kraków, PL",0,0
3706,C064,1137.55,2025-10-11 08:42:06,"London, UK",0,1
5413,C031,532.89,2025-10-11 08:43:03,"Kraków, PL",0,0
5783,C034,49.54,2025-10-11 08:43:46,"Warszawa, PL",0,0
5236,C010,44.09,2025-10-11 08:54:03,"Kraków, PL",0,0
6774,C098,787.49,2025-10-11 08:55:38,"New York, US",0,0
8919,C018,77.58,2025-10-11 08:57:50,"New York, US",0,0
3098,C007,396.42,2025-10-11 09:06:36,"London, UK",0,0
2204,C004,8398.47,2025-10-11 09:08:46,"London, UK",0,0
5572,C044,79.87,2025-10-11 09:09:59,"New York, US",0,0
3099,C007,4.66,2025-10-11 09:11:24,"London, UK",0,0
2129,C053,3257.2,2025-10-11 09:11:47,"London, UK",0,0
4709,C050,106.31,2025-10-11 09:12:00,"New York, US",0,1
2061,C099,899.2,2025-10-11 09:12:24,"Kraków, PL",0,0
9360,C029,783.84,2025-10-11 09:14:12,"New York, US",0,0
7649,C047,362.94,2025-10-11 09:19:04,"London, UK",0,0
5556,C028,642.42,2025-10-11 09:33:53,"London, UK",0,0
3023,C016,732.53,2025-10-11 09:38:35,"Warszawa, PL",0,0
1105,C036,899.24,2025-10-11 09:39:59,"Kraków, PL",0,0
1589,C052,14.55,2025-10-11 09:51:22,"Kraków, PL",0,0
7415,C002,452.36,2025-10-11 09:55:57,"Warszawa, PL",0,0
9908,C056,567.64,2025-10-11 10:03:31,"New York, US",0,0
415,C012,1741.21,2025-10-11 10:04:19,"Warszawa, PL",0,0
7838,C089,212.55,2025-10-11 10:06:11,"Kraków, PL",0,1
147,C001,199.72,2025-10-11 10:06:30,"New York, US",0,0
3660,C054,36.36,2025-10-11 10:10:42,"Kraków, PL",0,0
827,C068,280.41,2025-10-11 10:17:01,"Warszawa, PL",0,0
9870,C002,770.52,2025-10-11 10:18:08,"New York, US",0,0
1934,C086,232.35,2025-10-11 10:18:54,"Warszawa, PL",0,0
1939,C005,3923.15,2025-10-11 10:19:24,"New York, US",0,0
5102,C056,35.65,2025-10-11 10:23:24,"New York, US",0,0
8044,C027,640.55,2025-10-11 10:27:08,"New York, US",0,0
1366,C015,164.81,2025-10-11 10:28:45,"London, UK",0,0
4065,C000,762.56,2025-10-11 10:57:55,"Kraków, PL",0,0
7527,C081,60.3,2025-10-11 10:58:54,"London, UK",0,0
9122,C091,578.02,2025-10-11 10:59:47,"London, UK",0,0
8137,C003,162.3,2025-10-11 11:11:39,"London, UK",0,0
4199,C034,1006.32,2025-10-11 11:12:33,"London, UK",0,1
7213,C032,1656.46,2025-10-11 11:19:15,"New York, US",0,1
4243,C039,545.24,2025-10-11 11:19:55,"Warszawa, PL",0,0
3777,C014,729.25,2025-10-11 11:28:10,"London, UK",0,1
2142,C057,425.87,2025-10-11 11:30:45,"London, UK",0,0
368,C075,124.8,2025-10-11 11:34:20,"London, UK",0,0
1532,C027,5872.16,2025-10-11 11:39:19,"Warszawa, PL",0,0
4186,C094,257.63,2025-10-11 11:40:14,"Kraków, PL",0,0
6303,C098,1047.17,2025-10-11 11:53:54,"Kraków, PL",0,1
5409,C081,1865.65,2025-10-11 11:58:04,"London, UK",0,0
2398,C098,4214.12,2025-10-11 12:00:00,"Warszawa, PL",0,0
8038,C016,2063.6,2025-10-11 12:11:24,"London, UK",0,0
2722,C026,783.3,2025-10-11 12:11:28,"London, UK",0,0
5370,C039,277.37,2025-10-11 12:15:18,"London, UK",1,0
5232,C094,765.61,2025-10-11 12:16:49,"Warszawa, PL",0,0
774,C015,1603.93,2025-10-11 12:20:28,"Kraków, PL",0,0
6053,C036,1973.38,2025-10-11 12:32:37,"Warszawa, PL",0,0
6734,C018,282.15,2025-10-11 12:40:10,"New York, US",0,0
4541,C019,336.57,2025-10-11 12:41:54,"London, UK",0,1
7149,C038,439.86,2025-10-11 12:57:47,"Warszawa, PL",0,0
9972,C077,2151.39,2025-10-11 13:04:04,"Kraków, PL",0,0
4054,C009,256.99,2025-10-11 13:05:50,"Kraków, PL",0,0
2750,C088,91.78,2025-10-11 13:07:07,"Kraków, PL",0,0
9316,C034,1040.95,2025-10-11 13:08:19,"New York, US",0,0
7803,C053,164.62,2025-10-11 13:08:35,"Warszawa, PL",0,1
3341,C086,928.92,2025-10-11 13:15:01,"New York, US",0,1
6257,C001,403.3,2025-10-11 13:19:31,"Kraków, PL",1,0
5047,C057,371.32,2025-10-11 13:20:24,"Warszawa, PL",0,0
1667,C018,22802.02,2025-10-11 13:24:30,"Warszawa, PL",0,0
2493,C059,680.75,2025-10-11 13:27:16,"Warszawa, PL",0,0
3103,C090,408.65,2025-10-11 13:27:17,"Warszawa, PL",0,0
5637,C021,866.79,2025-10-11 13:29:56,"Kraków, PL",0,1
6640,C068,45.6,2025-10-11 13:36:20,"Kraków, PL",0,0
8587,C047,274.74,2025-10-11 13:36:24,"London, UK",0,0
3249,C040,173.43,2025-10-11 13:38:56,"London, UK",0,0
1083,C027,891.84,2025-10-11 13:47:51,"New York, US",0,0
6608,C028,103.79,2025-10-11 13:47:56,"Warszawa, PL",0,0
1199,C053,112.99,2025-10-11 13:49:39,"New York, US",0,0
418,C000,138.31,2025-10-11 14:00:47,"Kraków, PL",0,0
6777,C010,103.18,2025-10-11 14:05:52,"New York, US",0,0
587,C013,568.18,2025-10-11 14:18:28,"London, UK",0,0
8627,C024,562.21,2025-10-11 14:22:16,"London, UK",0,0
9749,C091,130.47,2025-10-11 14:23:48,"London, UK",0,0
382,C037,690.03,2025-10-11 14:25:34,"Kraków, PL",0,0
3469,C048,208.75,2025-10-11 14:28:52,"Kraków, PL",0,0
8631,C044,2548.67,2025-10-11 14:35:20,"Kraków, PL",0,0
4061,C082,208.39,2025-10-11 14:37:54,"New York, US",0,0
1865,C059,185.84,2025-10-11 14:39:46,"New York, US",0,0
8368,C016,504.01,2025-10-11 14:50:16,"London, UK",0,0
10,C061,493.21,2025-10-11 14:53:21,"London, UK",0,0
5972,C076,125.67,2025-10-11 14:57:15,"Warszawa, PL",0,1
6429,C091,402.91,2025-10-11 15:03:43,"Kraków, PL",0,0
4071,C076,352.44,2025-10-11 15:06:57,"New York, US",0,0
4428,C081,1635.23,2025-10-11 15:09:13,"Warszawa, PL",0,0
2292,C014,17.91,2025-10-11 15:15:07,"Warszawa, PL",0,0
535,C011,5383.23,2025-10-11 15:19:49,"London, UK",0,0
3546,C023,359.8,2025-10-11 15:20:00,"Warszawa, PL",0,1
6878,C011,19.32,2025-10-11 15:27:20,"Warszawa, PL",0,0
5882,C080,1622.15,2025-10-11 15:28:51,"London, UK",0,0
9051,C085,103.8,2025-10-11 15:31:57,"London, UK",0,0
1784,C003,224.8,2025-10-11 15:37:33,"Warszawa, PL",0,0
1282,C026,146.38,2025-10-11 15:40:06,"Warszawa, PL",0,0
9898,C036,1037.85,2025-10-11 15:43:14,"New York, US",0,0
1141,C080,585.49,2025-10-11 15:50:47,"Warszawa, PL",0,0
5064,C046,1386.61,2025-10-11 15:52:49,"Warszawa, PL",0,1
1345,C058,522.42,2025-10-11 16:01:50,"London, UK",0,0
9633,C084,230.57,2025-10-11 16:04:48,"Warszawa, PL",0,0
1883,C044,345.71,2025-10-11 16:10:00,"Warszawa, PL",0,0
64,C074,3418.62,2025-10-11 16:12:44,"New York, US",0,0
2523,C066,155.72,2025-10-11 16:13:50,"New York, US",0,0
5928,C038,165.34,2025-10-11 16:32:29,"London, UK",0,0
4407,C010,1934.13,2025-10-11 16:38:39,"London, UK",0,0
7856,C078,444.87,2025-10-11 16:39:04,"New York, US",0,0
6509,C055,1129.2,2025-10-11 16:44:12,"London, UK",0,0
9321,C028,83.25,2025-10-11 16:54:09,"Warszawa, PL",0,0
1765,C016,377.68,2025-10-11 16:59:49,"Warszawa, PL",0,0
3480,C058,74.35,2025-10-11 17:02:54,"London, UK",0,0
8724,C074,4205.49,2025-10-11 17:08:45,"New York, US",0,0
4704,C066,552.18,2025-10-11 17:12:37,"London, UK",0,0
1236,C095,1429.25,2025-10-11 17:13:02,"Kraków, PL",0,0
8713,C042,245.76,2025-10-11 17:23:04,"New York, US",0,0
1008,C049,2810.9,2025-10-11 17:30:32,"Warszawa, PL",0,0
863,C056,240.42,2025-10-11 17:32:24,"Warszawa, PL",0,0
8279,C031,187.06,2025-10-11 17:32:56,"Kraków, PL",0,0
1230,C063,560.61,2025-10-11 17:46:13,"Kraków, PL",0,0
4671,C022,2048.5,2025-10-11 17:50:46,"Kraków, PL",0,1
8343,C042,187.78,2025-10-11 17:52:52,"New York, US",0,0
6949,C011,107.79,2025-10-11 18:00:16,"New York, US",0,0
600,C017,450.84,2025-10-11 18:02:05,"London, UK",0,0
9745,C011,897.29,2025-10-11 18:44:23,"Kraków, PL",0,0
6744,C088,1779.62,2025-10-11 18:47:47,"Warszawa, PL",0,0
3581,C083,2248.45,2025-10-11 18:52:06,"New York, US",0,0
1999,C072,361.79,2025-10-11 18:54:15,"New York, US",0,0
2999,C044,1817.25,2025-10-11 18:56:00,"Warszawa, PL",0,0
8191,C017,9727.49,2025-10-11 18:57:51,"Kraków, PL",0,1
8466,C039,1727.94,2025-10-11 18:59:31,"London, UK",0,0
1986,C032,660.64,2025-10-11 19:03:05,"New York, US",0,0
2595,C087,596.73,2025-10-11 19:03:14,"Kraków, PL",0,0
6230,C065,21.76,2025-10-11 19:09:45,"London, UK",0,0
7256,C073,430.75,2025-10-11 19:13:19,"New York, US",0,0
8427,C028,86.21,2025-10-11 19:13:29,"Kraków, PL",0,0
9083,C059,65.08,2025-10-11 19:15:44,"London, UK",0,1
1642,C079,141.21,2025-10-11 19:18:53,"New York, US",0,0
4122,C098,25.64,2025-10-11 19:19:06,"London, UK",0,0
967,C073,161.33,2025-10-11 19:23:16,"London, UK",0,1
6633,C025,599.39,2025-10-11 19:23:34,"London, UK",0,0
6788,C006,551.71,2025-10-11 19:25:40,"New York, US",0,1
9116,C024,38.71,2025-10-11 19:36:28,"Kraków, PL",0,1
5531,C052,1754.67,2025-10-11 19:39:25,"Kraków, PL",0,0
3936,C025,212.15,2025-10-11 19:44:41,"Warszawa, PL",0,0
4474,C022,330.58,2025-10-11 19:54:03,"Kraków, PL",0,0
9021,C025,6606.8,2025-10-11 19:54:59,"New York, US",0,0
66,C094,138.15,2025-10-11 19:56:40,"Warszawa, PL",0,0
134,C092,35.67,2025-10-11 19:58:46,"London, UK",0,0
3177,C092,131.92,2025-10-11 20:10:44,"Warszawa, PL",0,0
735,C087,765.29,2025-10-11 20:13:53,"London, UK",0,0
9248,C051,975.8,2025-10-11 20:16:33,"Kraków, PL",0,0
536,C080,3206.27,2025-10-11 20:21:08,"Kraków, PL",0,0
6364,C047,92.44,2025-10-11 20:25:04,"Warszawa, PL",0,0
6733,C036,773.0,2025-10-11 20:32:51,"Kraków, PL",0,0
738,C034,1353.53,2025-10-11 20:50:41,"New York, US",0,0
8478,C008,16852.18,2025-10-11 21:03:30,"London, UK",0,0
5561,C039,500.56,2025-10-11 21:12:24,"London, UK",0,0
7912,C090,131.45,2025-10-11 21:14:52,"New York, US",0,0
8268,C067,178.53,2025-10-11 21:25:09,"New York, US",0,0
9893,C073,447.97,2025-10-11 21:31:03,"New York, US",0,0
3134,C008,93.81,2025-10-11 21:44:21,"London, UK",0,0
7268,C022,186.44,2025-10-11 21:46:24,"Warszawa, PL",0,0
8667,C050,528.13,2025-10-11 21:46:46,"New York, US",0,0
848,C007,94.67,2025-10-11 21:49:20,"London, UK",0,0
1241,C091,88.17,2025-10-11 21:57:36,"Kraków, PL",0,1
4420,C076,71.57,2025-10-11 22:00:52,"London, UK",0,0
7191,C011,198.23,2025-10-11 22:09:55,"London, UK",0,1
7162,C066,974.54,2025-10-11 22:12:47,"Warszawa, PL",0,0
965,C022,237.2,2025-10-11 22:21:10,"New York, US",0,0
8607,C018,457.57,2025-10-11 22:23:24,"London, UK",0,0
7748,C083,2300.97,2025-10-11 22:25:10,"Kraków, PL",0,0
5650,C079,1560.69,2025-10-11 22:25:19,"New York, US",0,0
40,C067,747.08,2025-10-11 22:31:46,"New York, US",0,0
7464,C006,1216.09,2025-10-11 22:35:09,"Warszawa, PL",0,0
2868,C015,49.36,2025-10-11 22:37:32,"London, UK",0,0
7821,C073,5489.09,2025-10-11 22:53:19,"New York, US",0,0
5298,C065,109.49,2025-10-11 22:53:37,"New York, US",0,0
3875,C020,2409.56,2025-10-11 22:57:01,"Kraków, PL",0,0
716,C035,212.87,2025-10-11 22:59:19,"London, UK",0,0
4514,C012,37681.97,2025-10-11 23:04:11,"Warszawa, PL",0,0
8933,C090,282.18,2025-10-11 23:04:23,"Kraków, PL",0,1
1069,C068,3606.59,2025-10-11 23:11:34,"Kraków, PL",0,0
263,C053,4157.64,2025-10-11 23:16:02,"Kraków, PL",1,0
1118,C065,648.41,2025-10-11 23:22:49,"New York, US",0,0
6614,C037,55.15,2025-10-11 23:25:14,"Kraków, PL",0,0
6341,C073,33.92,2025-10-11 23:33:51,"New York, US",0,0
7324,C084,142.09,2025-10-11 23:42:17,"New York, US",0,0
9140,C060,4316.34,2025-10-11 23:43:43,"New York, US",0,0
3589,C001,232.51,2025-10-11 23:46:22,"Warszawa, PL",0,0
9036,C097,79.48,2025-10-11 23:49:27,"Kraków, PL",0,0
1179,C098,82.34,2025-10-11 23:50:07,"London, UK",0,0
6797,C050,8.76,2025-10-12 00:02:12,"Warszawa, PL",0,0
814,C065,260.97,2025-10-12 00:03:05,"Kraków, PL",0,0
8049,C073,1282.37,2025-10-12 00:12:38,"London, UK",0,0
2827,C034,131.83,2025-10-12 00:21:39,"Warszawa, PL",0,0
6646,C001,306.2,2025-10-12 00:22:37,"Warszawa, PL",0,0
9911,C006,1951.88,2025-10-12 00:29:53,"London, UK",0,0
5179,C006,81477.32,2025-10-12 00:41:59,"Kraków, PL",0,0
8110,C045,281.8,2025-10-12 00:44:58,"New York, US",1,0
3778,C015,383.77,2025-10-12 00:45:09,"New York, US",0,0
1476,C081,198.69,2025-10-12 00:54:48,"Kraków, PL",0,0
3077,C022,147.04,2025-10-12 00:54:57,"New York, US",0,0
7662,C072,1325.87,2025-10-12 01:00:26,"New York, US",0,0
3318,C007,33.01,2025-10-12 01:03:40,"Warszawa, PL",0,0
1715,C032,1035.34,2025-10-12 01:12:27,"New York, US",0,0
6017,C033,8459.54,2025-10-12 01:20:12,"Kraków, PL",0,1
644,C098,2481.9,2025-10-12 01:24:57,"Kraków, PL",0,0
1659,C069,320.4,2025-10-12 01:34:44,"Kraków, PL",0,0
7015,C032,967.21,2025-10-12 01:41:46,"London, UK",0,0
7663,C043,2591.97,2025-10-12 01:48:50,"New York, US",0,0
2027,C038,342.44,2025-10-12 01:51:49,"London, UK",0,0
5864,C029,1684.81,2025-10-12 01:55:58,"Warszawa, PL",0,0
4736,C032,43.53,2025-10-12 01:56:31,"New York, US",0,0
6241,C072,29.45,2025-10-12 02:01:04,"Warszawa, PL",0,0
6034,C029,1003.14,2025-10-12 02:02:56,"Kraków, PL",0,0
3243,C044,193.6,2025-10-12 02:18:17,"Kraków, PL",0,0
5813,C096,269.54,2025-10-12 02:18:47,"Warszawa, PL",0,0
8719,C039,473.25,2025-10-12 02:33:04,"New York, US",0,0
7305,C015,73.85,2025-10-12 02:46:26,"Kraków, PL",0,0
3044,C014,991.75,2025-10-12 02:50:25,"New York, US",0,0
5819,C061,858.95,2025-10-12 03:00:42,"Warszawa, PL",0,0
1732,C063,59.16,2025-10-12 03:03:46,"New York, US",0,0
5845,C080,906.01,2025-10-12 03:07:45,"New York, US",0,0
4330,C087,1451.12,2025-10-12 03:28:55,"New York, US",0,0
5182,C004,644.3,2025-10-12 03:40:40,"Kraków, PL",1,0
4972,C087,85.45,2025-10-12 03:46:54,"London, UK",0,0
6176,C029,360.94,2025-10-12 03:49:59,"New York, US",0,0
3982,C028,268.0,2025-10-12 03:51:47,"Warszawa, PL",0,0
9030,C087,466.33,2025-10-12 03:52:33,"Warszawa, PL",0,0
2931,C080,334.04,2025-10-12 03:56:39,"London, UK",0,0
673,C029,1981.75,2025-10-12 03:59:10,"Kraków, PL",0,0
6255,C046,30.71,2025-10-12 04:00:11,"London, UK",0,0
7998,C037,155.59,2025-10-12 04:03:59,"London, UK",0,0
3926,C014,2157.4,2025-10-12 04:04:20,"Warszawa, PL",0,1
2179,C056,3896.43,2025-10-12 04:08:09,"Warszawa, PL",0,1
8521,C080,106.1,2025-10-12 04:12:31,"London, UK",0,0
2149,C024,4814.01,2025-10-12 04:13:39,"New York, US",0,0
8690,C095,673.08,2025-10-12 04:17:34,"London, UK",0,0
7837,C036,57.07,2025-10-12 04:17:45,"Warszawa, PL",0,1
8330,C063,1039.52,2025-10-12 04:22:05,"London, UK",0,0
3442,C055,770.64,2025-10-12 04:24:38,"London, UK",0,0
7833,C089,41.78,2025-10-12 04:25:51,"Kraków, PL",0,0
5294,C032,1956.48,2025-10-12 04:29:09,"New York, US",0,0
3869,C090,330.17,2025-10-12 04:52:27,"Kraków, PL",0,0
2645,C035,65.65,2025-10-12 04:55:38,"Kraków, PL",0,0
3651,C053,19.08,2025-10-12 04:56:35,"New York, US",0,0
5647,C057,602.96,2025-10-12 04:59:50,"New York, US",0,0
7761,C055,185.35,2025-10-12 05:01:43,"London, UK",0,0
5802,C060,146.6,2025-10-12 05:06:19,"Kraków, PL",0,0
4830,C013,130.04,2025-10-12 05:07:31,"London, UK",0,0
9186,C071,59.77,2025-10-12 05:10:55,"Warszawa, PL",0,0
5918,C078,302.89,2025-10-12 05:25:57,"Kraków, PL",0,0
5559,C023,358.54,2025-10-12 05:30:00,"New York, US",0,0
4555,C048,8992.89,2025-10-12 05:32:31,"Warszawa, PL",0,0
8445,C039,5366.87,2025-10-12 05:42:39,"London, UK",0,0
9588,C026,672.33,2025-10-12 05:44:19,"New York, US",0,0
1485,C083,383.95,2025-10-12 05:47:38,"London, UK",0,0
8528,C096,64.27,2025-10-12 05:50:03,"Kraków, PL",0,0
3014,C006,766.57,2025-10-12 05:57:46,"New York, US",0,0
8356,C020,451.21,2025-10-12 06:01:10,"Kraków, PL",0,0
7004,C086,138.9,2025-10-12 06:03:44,"Kraków, PL",0,0
7835,C015,1624.05,2025-10-12 06:18:28,"Warszawa, PL",0,0
1735,C040,76.02,2025-10-12 06:42:10,"London, UK",0,0
1965,C091,943.3,2025-10-12 06:57:43,"Kraków, PL",0,0
9500,C055,183.2,2025-10-12 07:01:00,"Kraków, PL",0,0
8198,C097,1031.33,2025-10-12 07:07:10,"London, UK",0,0
1314,C008,12.46,2025-10-12 07:08:43,"Warszawa, PL",0,0
6208,C010,24.7,2025-10-12 07:14:08,"Warszawa, PL",0,1
3867,C057,133.01,2025-10-12 07:16:09,"Warszawa, PL",0,0
2620,C025,356.61,2025-10-12 07:26:56,"Warszawa, PL",0,0
9170,C017,120.6,2025-10-12 07:30:03,"London, UK",0,0
5513,C007,91.5,2025-10-12 07:39:00,"Kraków, PL",0,0
5508,C058,158.43,2025-10-12 07:45:55,"Warszawa, PL",1,0
5465,C006,158.69,2025-10-12 07:47:50,"London, UK",0,0
4181,C071,184.75,2025-10-12 07:53:31,"London, UK",0,0
1579,C000,140.3,2025-10-12 07:58:43,"Warszawa, PL",0,0
4162,C005,4932.51,2025-10-12 08:01:08,"Warszawa, PL",0,0
4718,C082,1056.3,2025-10-12 08:05:27,"New York, US",0,1
7827,C038,2338.51,2025-10-12 08:11:25,"Kraków, PL",0,0
6420,C097,1117.86,2025-10-12 08:32:54,"Warszawa, PL",0,0
3966,C086,1008.64,2025-10-12 08:34:03,"Kraków, PL",0,0
7272,C052,232.41,2025-10-12 08:42:10,"Kraków, PL",0,0
1853,C099,256.57,2025-10-12 08:46:09,"Kraków, PL",0,0
2820,C017,534.48,2025-10-12 08:49:33,"Kraków, PL",0,0
8062,C057,33.95,2025-10-12 08:51:39,"Kraków, PL",0,0
2172,C030,225.03,2025-10-12 09:01:01,"Kraków, PL",0,0
1486,C027,2519.95,2025-10-12 09:10:03,"New York, US",0,0
9941,C087,49.92,2025-10-12 09:10:48,"New York, US",0,0
3153,C078,545.18,2025-10-12 09:18:49,"London, UK",0,1
4318,C038,94.91,2025-10-12 09:19:56,"Warszawa, PL",0,0
2915,C071,485.17,2025-10-12 09:20:03,"New York, US",0,0
4995,C018,53.51,2025-10-12 09:23:47,"London, UK",0,0
2106,C043,138.18,2025-10-12 09:25:54,"London, UK",0,0
6948,C032,146.83,2025-10-12 09:31:11,"New York, US",0,0
9077,C052,305.41,2025-10-12 09:31:41,"Kraków, PL",0,0
5669,C021,762.29,2025-10-12 09:35:25,"London, UK",0,0
1937,C066,58.74,2025-10-12 09:40:48,"Kraków, PL",0,0
7024,C054,5261.38,2025-10-12 09:41:10,"Warszawa, PL",0,0
5455,C002,370.55,2025-10-12 09:42:06,"Warszawa, PL",0,0
1742,C009,406.33,2025-10-12 09:49:46,"New York, US",0,0
5934,C031,2874.2,2025-10-12 09:52:17,"New York, US",0,0
4157,C077,480.91,2025-10-12 09:52:32,"London, UK",0,0
1205,C045,640.26,2025-10-12 09:52:53,"London, UK",0,0
2773,C040,66.83,2025-10-12 09:59:00,"Warszawa, PL",0,0
3380,C093,2004.58,2025-10-12 10:02:24,"London, UK",0,0
3424,C054,827.89,2025-10-12 10:07:43,"Warszawa, PL",0,0
9596,C095,340.79,2025-10-12 10:14:49,"London, UK",0,0
7006,C023,824.85,2025-10-12 10:19:45,"New York, US",0,0
8045,C074,557.67,2025-10-12 10:21:57,"New York, US",0,0
801,C076,272.88,2025-10-12 10:26:23,"London, UK",0,0
8072,C009,18.61,2025-10-12 10:29:03,"New York, US",0,0
3751,C082,1590.79,2025-10-12 10:35:35,"London, UK",0,0
2793,C011,512.54,2025-10-12 10:37:38,"Kraków, PL",0,0
1925,C001,666.95,2025-10-12 10:41:00,"Warszawa, PL",0,0
8788,C033,705.1,2025-10-12 10:48:08,"Kraków, PL",0,0
2041,C077,1241.44,2025-10-12 11:07:11,"Warszawa, PL",0,0
2104,C021,976.1,2025-10-12 11:09:24,"Warszawa, PL",0,0
2314,C075,1996.57,2025-10-12 11:10:41,"London, UK",0,0
5851,C060,182.37,2025-10-12 11:10:59,"London, UK",0,1
4431,C057,805.11,2025-10-12 11:11:38,"London, UK",0,0
3218,C089,4786.79,2025-10-12 11:17:16,"New York, US",0,0
4655,C034,733.34,2025-10-12 11:19:50,"Warszawa, PL",0,0
6253,C006,1940.39,2025-10-12 11:21:09,"Warszawa, PL",0,0
4833,C047,278.25,2025-10-12 11:26:32,"New York, US",0,0
4335,C053,5591.9,2025-10-12 11:36:42,"London, UK",0,0
8194,C074,1934.86,2025-10-12 11:39:43,"Kraków, PL",0,0
3171,C051,315.96,2025-10-12 11:40:26,"London, UK",0,0
9200,C076,1608.8,2025-10-12 11:42:37,"New York, US",0,0
9040,C016,2385.15,2025-10-12 11:43:55,"London, UK",0,0
7714,C044,94.21,2025-10-12 11:54:17,"London, UK",0,0
6616,C077,188.88,2025-10-12 12:11:22,"London, UK",0,0
5025,C019,962.2,2025-10-12 12:17:21,"Warszawa, PL",0,0
4397,C000,1082.11,2025-10-12 12:17:47,"London, UK",0,0
2195,C061,1019.73,2025-10-12 12:19:33,"Warszawa, PL",0,1
5425,C027,762.26,2025-10-12 12:21:29,"Warszawa, PL",0,1
843,C019,41.66,2025-10-12 12:25:10,"Kraków, PL",0,0
3167,C042,942.91,2025-10-12 12:26:34,"New York, US",0,0
7109,C025,38.98,2025-10-12 12:29:17,"New York, US",0,0
2131,C051,1278.03,2025-10-12 12:38:19,"Kraków, PL",0,0
7257,C026,250.12,2025-10-12 12:39:11,"London, UK",0,0
3388,C089,161.63,2025-10-12 12:46:08,"New York, US",0,0
231,C042,284.59,2025-10-12 12:47:35,"Warszawa, PL",0,0
7497,C093,268.14,2025-10-12 12:49:34,"London, UK",0,0
2446,C066,20.3,2025-10-12 12:54:28,"New York, US",0,0
586,C070,529.5,2025-10-12 12:55:34,"Warszawa, PL",0,0
1287,C027,2130.76,2025-10-12 12:55:58,"Kraków, PL",0,0
9004,C076,38.33,2025-10-12 13:03:03,"New York, US",0,0
6060,C010,869.51,2025-10-12 13:07:05,"New York, US",0,0
8107,C024,67.84,2025-10-12 13:07:16,"Warszawa, PL",0,0
2579,C028,765.41,2025-10-12 13:09:33,"Warszawa, PL",0,0
8845,C044,1047.74,2025-10-12 13:11:12,"Warszawa, PL",0,0
7293,C093,1212.01,2025-10-12 13:14:19,"Warszawa, PL",0,0
2992,C043,375.13,2025-10-12 13:22:31,"Kraków, PL",0,0
9314,C076,28.49,2025-10-12 13:23:41,"London, UK",0,1
2476,C027,953.66,2025-10-12 13:24:08,"Kraków, PL",0,0
7977,C009,86.36,2025-10-12 13:25:45,"London, UK",0,0
3031,C013,300.26,2025-10-12 13:27:49,"New York, US",0,1
9828,C076,796.34,2025-10-12 13:35:47,"Warszawa, PL",0,1
9074,C084,18.14,2025-10-12 13:45:48,"Warszawa, PL",0,0
9606,C011,17.11,2025-10-12 13:49:10,"New York, US",0,0
33,C052,954.49,2025-10-12 13:51:33,"Warszawa, PL",0,0
8435,C063,21.82,2025-10-12 13:52:27,"Kraków, PL",0,0
5665,C014,59.95,2025-10-12 13:55:51,"New York, US",0,0
8895,C072,559.0,2025-10-12 14:00:11,"London, UK",0,0
2318,C055,678.75,2025-10-12 14:00:15,"Kraków, PL",0,0
3624,C055,36.07,2025-10-12 14:02:43,"New York, US",0,0
7204,C070,90.82,2025-10-12 14:04:01,"Kraków, PL",0,0
7541,C052,1217.4,2025-10-12 14:07:12,"Kraków, PL",0,0
2035,C007,491.4,2025-10-12 14:24:30,"Warszawa, PL",0,0
7671,C028,275.11,2025-10-12 14:26:49,"Kraków, PL",0,0
7726,C011,99.89,2025-10-12 14:26:56,"London, UK",0,0
6599,C069,1913.13,2025-10-12 14:33:18,"Warszawa, PL",0,0
3448,C039,2560.05,2025-10-12 14:35:01,"London, UK",0,0
3130,C080,568.65,2025-10-12 14:35:15,"Kraków, PL",0,0
7330,C082,8.32,2025-10-12 14:44:34,"London, UK",0,0
5630,C069,21775.83,2025-10-12 14:47:48,"London, UK",0,0
4317,C037,107.8,2025-10-12 15:05:22,"Warszawa, PL",0,0
3545,C009,371.79,2025-10-12 15:14:48,"London, UK",0,0
9722,C086,1732.57,2025-10-12 15:18:01,"Kraków, PL",0,0
4690,C012,508.31,2025-10-12 15:20:54,"New York, US",0,0
9462,C018,200.61,2025-10-12 15:25:54,"Kraków, PL",0,0
9560,C089,83.7,2025-10-12 15:30:18,"Kraków, PL",0,0
4385,C003,38.25,2025-10-12 15:32:52,"Warszawa, PL",0,0
283,C077,208.65,2025-10-12 15:38:44,"Warszawa, PL",0,0
9236,C045,1863.88,2025-10-12 15:41:50,"Kraków, PL",0,0
8398,C096,41.71,2025-10-12 15:49:50,"Kraków, PL",0,0
8292,C070,73.53,2025-10-12 15:51:21,"Warszawa, PL",0,0
2062,C010,947.46,2025-10-12 15:59:54,"Kraków, PL",0,0
2732,C031,2993.66,2025-10-12 16:02:30,"Kraków, PL",0,0
7861,C025,332.88,2025-10-12 16:06:49,"Kraków, PL",0,0
4643,C071,491.45,2025-10-12 16:27:26,"Kraków, PL",0,1
6442,C019,1078.76,2025-10-12 16:32:04,"New York, US",0,0
7008,C077,624.64,2025-10-12 16:35:25,"London, UK",0,0
7141,C014,2071.33,2025-10-12 16:37:10,"New York, US",0,0
3884,C022,65.03,2025-10-12 16:39:18,"Kraków, PL",0,0
2942,C066,714.69,2025-10-12 16:42:03,"Warszawa, PL",0,0
5240,C014,2941.96,2025-10-12 16:42:12,"Kraków, PL",0,0
8943,C025,1955.79,2025-10-12 16:42:43,"New York, US",0,1
3282,C063,26.44,2025-10-12 16:44:06,"Kraków, PL",0,0
4190,C085,290.03,2025-10-12 16:44:54,"Kraków, PL",0,1
299,C080,9.23,2025-10-12 16:50:08,"Kraków, PL",0,1
2695,C034,16.07,2025-10-12 16:52:36,"London, UK",0,0
1406,C055,2530.25,2025-10-12 17:00:44,"Kraków, PL",0,0
9914,C053,303.69,2025-10-12 17:03:19,"London, UK",0,0
3271,C040,906.46,2025-10-12 17:06:01,"New York, US",0,0
5980,C043,915.12,2025-10-12 17:15:57,"Kraków, PL",0,0
9927,C080,493.41,2025-10-12 17:16:23,"London, UK",0,0
1932,C036,871.07,2025-10-12 17:20:45,"London, UK",0,0
355,C026,1607.86,2025-10-12 17:33:10,"New York, US",0,0
7720,C099,1002.29,2025-10-12 17:34:05,"New York, US",0,0
1703,C083,245.76,2025-10-12 17:43:12,"Warszawa, PL",0,0
187,C037,365.94,2025-10-12 17:46:27,"New York, US",0,0
9403,C041,3916.51,2025-10-12 17:47:16,"Kraków, PL",0,0
5472,C030,191.05,2025-10-12 17:53:38,"New York, US",0,0
4549,C080,212.08,2025-10-12 18:05:13,"Warszawa, PL",0,0
2730,C095,3056.29,2025-10-12 18:05:14,"Warszawa, PL",0,0
2916,C005,2557.86,2025-10-12 18:19:34,"New York, US",0,0
2079,C059,103.4,2025-10-12 18:19:36,"New York, US",0,0
403,C031,28.09,2025-10-12 18:29:34,"Kraków, PL",0,0
6201,C080,330.63,2025-10-12 18:31:29,"London, UK",0,0
991,C097,142.91,2025-10-12 18:32:43,"Warszawa, PL",0,0
3894,C048,257.77,2025-10-12 18:38:09,"Warszawa, PL",0,0
2489,C029,3419.97,2025-10-12 18:40:17,"Warszawa, PL",0,0
9977,C012,626.23,2025-10-12 18:42:01,"Warszawa, PL",0,0
9212,C073,91.26,2025-10-12 18:45:23,"New York, US",0,0
1988,C062,103.13,2025-10-12 18:51:14,"Kraków, PL",0,0
6512,C008,1234.47,2025-10-12 18:53:44,"Warszawa, PL",0,0
4137,C050,1004.54,2025-10-12 18:54:49,"Warszawa, PL",0,0
2359,C055,1290.53,2025-10-12 18:55:09,"London, UK",0,0
8293,C026,1821.99,2025-10-12 19:05:21,"New York, US",0,0
1399,C069,2092.28,2025-10-12 19:28:02,"London, UK",0,0
5521,C053,6043.22,2025-10-12 19:30:17,"New York, US",0,0
7772,C049,3792.69,2025-10-12 19:32:15,"Warszawa, PL",0,1
9625,C052,2112.04,2025-10-12 19:38:16,"New York, US",0,0
6003,C032,541.67,2025-10-12 19:45:52,"London, UK",0,0
5176,C055,132.73,2025-10-12 19:49:33,"Kraków, PL",0,0
9723,C093,218.59,2025-10-12 19:53:42,"New York, US",0,0
8828,C003,102.43,2025-10-12 19:55:16,"Warszawa, PL",0,0
9514,C060,414.39,2025-10-12 19:55:39,"New York, US",0,0
7639,C073,2708.24,2025-10-12 19:58:19,"Kraków, PL",0,0
1218,C059,164.72,2025-10-12 20:04:30,"New York, US",0,0
5140,C072,202.19,2025-10-12 20:05:11,"Kraków, PL",0,0
6924,C074,220.34,2025-10-12 20:05:16,"New York, US",0,0
2533,C089,397.86,2025-10-12 20:08:11,"New York, US",0,0
1746,C015,130.83,2025-10-12 20:12:00,"New York, US",0,0
6431,C054,201.95,2025-10-12 20:12:04,"New York, US",0,0
5492,C089,665.7,2025-10-12 20:22:50,"Warszawa, PL",0,0
2904,C008,704.82,2025-10-12 20:26:42,"London, UK",1,1
1425,C026,1322.19,2025-10-12 20:34:55,"Warszawa, PL",0,0
5793,C032,323.51,2025-10-12 20:44:55,"Warszawa, PL",0,0
5674,C067,157.51,2025-10-12 20:46:42,"London, UK",0,0
2289,C009,121.34,2025-10-12 20:49:24,"Warszawa, PL",0,0
1517,C028,1299.85,2025-10-12 20:55:21,"Kraków, PL",0,1
5494,C036,619.76,2025-10-12 20:57:06,"Kraków, PL",0,0
2509,C071,2962.35,2025-10-12 20:58:10,"Kraków, PL",0,0
5228,C059,6709.64,2025-10-12 21:04:12,"New York, US",0,1
745,C004,474.21,2025-10-12 21:04:48,"London, UK",0,0
4118,C055,153.15,2025-10-12 21:05:05,"New York, US",0,0
3882,C026,1349.95,2025-10-12 21:05:17,"Kraków, PL",1,0
2631,C062,91.94,2025-10-12 21:05:34,"New York, US",0,0
2286,C004,596.83,2025-10-12 21:09:17,"New York, US",0,0
4228,C027,845.72,2025-10-12 21:09:33,"New York, US",0,0
9489,C083,13.44,2025-10-12 21:13:13,"New York, US",0,0
9676,C020,90.85,2025-10-12 21:18:39,"New York, US",0,0
5029,C042,457.54,2025-10-12 21:21:12,"Kraków, PL",0,0
6905,C075,274.03,2025-10-12 21:22:48,"New York, US",0,0
6595,C000,468.09,2025-10-12 21:23:09,"Kraków, PL",0,0
2857,C031,2115.21,2025-10-12 21:24:00,"Kraków, PL",0,0
3779,C080,1687.11,2025-10-12 21:24:31,"Kraków, PL",0,0
7076,C027,137.27,2025-10-12 21:24:42,"Warszawa, PL",0,0
3517,C041,15.46,2025-10-12 21:27:00,"London, UK",0,0
4832,C016,19.72,2025-10-12 21:32:40,"Kraków, PL",0,0
997,C066,70.76,2025-10-12 21:34:56,"Kraków, PL",0,0
1034,C044,144.74,2025-10-12 21:40:03,"Kraków, PL",0,0
7723,C030,7.96,2025-10-12 21:42:32,"Kraków, PL",0,0
783,C095,144.95,2025-10-12 21:45:39,"New York, US",0,0
5835,C049,552.96,2025-10-12 21:54:10,"London, UK",0,0
2940,C072,1315.32,2025-10-12 22:02:07,"London, UK",0,0
6810,C052,2305.55,2025-10-12 22:04:04,"New York, US",0,0
1691,C093,1654.29,2025-10-12 22:12:00,"Warszawa, PL",0,0
8405,C056,116.66,2025-10-12 22:28:46,"London, UK",0,0
3994,C089,6801.44,2025-10-12 22:31:14,"Warszawa, PL",0,0
3832,C017,260.59,2025-10-12 22:38:56,"London, UK",0,0
7186,C017,2376.54,2025-10-12 22:40:44,"London, UK",0,0
5007,C081,1182.41,2025-10-12 22:43:12,"Warszawa, PL",0,1
5646,C064,91.07,2025-10-12 22:54:20,"New York, US",0,0
8922,C041,69.2,2025-10-12 22:54:28,"Warszawa, PL",0,0
6708,C098,1207.88,2025-10-12 22:55:54,"Warszawa, PL",0,0
680,C099,35.18,2025-10-12 22:58:17,"Kraków, PL",0,0
591,C044,558.44,2025-10-12 23:00:10,"Warszawa, PL",1,0
8997,C098,382.66,2025-10-12 23:01:49,"Warszawa, PL",0,0
5431,C096,16.27,2025-10-12 23:04:45,"Warszawa, PL",0,0
9061,C088,523.0,2025-10-12 23:05:16,"Kraków, PL",0,0
1669,C033,1051.88,2025-10-12 23:07:57,"Kraków, PL",0,0
7593,C049,94.14,2025-10-12 23:10:42,"Warszawa, PL",0,1
2837,C086,846.95,2025-10-12 23:13:30,"Kraków, PL",0,0
6461,C051,264.9,2025-10-12 23:16:57,"Kraków, PL",0,0
2639,C011,366.44,2025-10-12 23:18:18,"Kraków, PL",0,0
8651,C035,211.45,2025-10-12 23:24:12,"London, UK",0,0
4093,C037,4607.53,2025-10-12 23:28:22,"London, UK",0,0
7327,C037,3838.57,2025-10-12 23:29:13,"London, UK",1,0
4958,C058,1627.42,2025-10-12 23:45:00,"New York, US",0,0
5824,C055,548.9,2025-10-12 23:47:05,"Warszawa, PL",0,0
944,C071,145.98,2025-10-12 23:59:51,"New York, US",0,1
9919,C016,1709.31,2025-10-13 00:08:04,"London, UK",0,0
705,C087,422.71,2025-10-13 00:09:43,"Kraków, PL",0,0
3713,C014,39.45,2025-10-13 00:11:25,"Warszawa, PL",0,0
7960,C041,430.06,2025-10-13 00:20:42,"Warszawa, PL",0,0
4702,C033,757.96,2025-10-13 00:22:49,"New York, US",0,0
3466,C069,232.81,2025-10-13 00:22:51,"New York, US",0,0
1722,C019,621.4,2025-10-13 00:27:05,"New York, US",0,0
9197,C010,1.65,2025-10-13 00:37:19,"Kraków, PL",0,1
9121,C097,865.59,2025-10-13 00:37:55,"Warszawa, PL",0,0
824,C017,1013.3,2025-10-13 00:46:35,"Kraków, PL",0,0
2316,C081,1420.64,2025-10-13 00:51:28,"London, UK",0,0
452,C027,204.36,2025-10-13 00:54:28,"New York, US",0,0
180,C043,651.89,2025-10-13 00:55:39,"Warszawa, PL",0,0
5969,C012,32.53,2025-10-13 00:57:00,"Kraków, PL",0,0
5884,C019,211.65,2025-10-13 01:08:58,"New York, US",0,0
5262,C081,705.89,2025-10-13 01:13:51,"London, UK",0,0
1249,C015,2173.64,2025-10-13 01:14:30,"Warszawa, PL",0,0
8097,C042,232.42,2025-10-13 01:23:25,"Kraków, PL",0,1
3260,C048,276.7,2025-10-13 01:32:00,"Kraków, PL",0,0
7868,C040,1605.89,2025-10-13 01:35:18,"Warszawa, PL",0,0
9308,C021,1268.99,2025-10-13 01:40:55,"London, UK",0,0
9439,C063,31.05,2025-10-13 01:46:57,"London, UK",0,0
4565,C014,443.55,2025-10-13 01:51:29,"London, UK",0,0
6256,C063,446.6,2025-10-13 01:53:56,"Warszawa, PL",0,0
4621,C087,174.33,2025-10-13 01:56:30,"Kraków, PL",0,0
4398,C005,306.3,2025-10-13 02:14:05,"London, UK",0,0
6916,C031,280.03,2025-10-13 02:19:28,"Kraków, PL",0,0
3593,C082,86.87,2025-10-13 02:26:08,"New York, US",0,0
3415,C088,275.5,2025-10-13 02:28:26,"Warszawa, PL",1,0
3928,C085,205.36,2025-10-13 02:30:18,"Warszawa, PL",0,0
5075,C036,1583.39,2025-10-13 02:30:53,"Warszawa, PL",0,0
4788,C053,1168.28,2025-10-13 02:31:07,"London, UK",0,0
8202,C072,237.78,2025-10-13 02:32:39,"New York, US",0,0
8399,C004,3046.7,2025-10-13 02:34:42,"New York, US",0,1
8570,C092,474.29,2025-10-13 02:38:48,"New York, US",0,0
4377,C063,347.35,2025-10-13 02:41:58,"Kraków, PL",0,0
6434,C042,4403.83,2025-10-13 02:43:51,"London, UK",0,0
9685,C057,783.95,2025-10-13 02:47:50,"Kraków, PL",0,0
1340,C096,111.33,2025-10-13 02:49:29,"Kraków, PL",0,0
3175,C064,139.99,2025-10-13 02:50:54,"Kraków, PL",0,0
3929,C002,99.82,2025-10-13 03:01:02,"New York, US",0,0
6535,C002,756.24,2025-10-13 03:04:59,"Kraków, PL",0,0
9732,C003,248.54,2025-10-13 03:10:15,"Warszawa, PL",0,0
6373,C091,1204.99,2025-10-13 03:21:05,"Warszawa, PL",0,0
8545,C018,758.94,2025-10-13 03:22:20,"Warszawa, PL",0,0
8683,C006,277.79,2025-10-13 03:31:53,"London, UK",0,1
3384,C090,334.86,2025-10-13 03:32:13,"Kraków, PL",0,1
6513,C090,5535.13,2025-10-13 03:32:38,"New York, US",0,0
7628,C091,600.78,2025-10-13 03:32:58,"Warszawa, PL",0,0
5181,C040,253.84,2025-10-13 03:34:43,"Warszawa, PL",0,0
5351,C005,450.18,2025-10-13 03:41:21,"Kraków, PL",0,0
8971,C011,687.14,2025-10-13 03:42:22,"Kraków, PL",0,0
3951,C096,326.6,2025-10-13 03:54:29,"New York, US",0,0
2429,C014,128.92,2025-10-13 03:59:42,"London, UK",0,0
1204,C019,373.85,2025-10-13 04:02:09,"Warszawa, PL",0,1
1916,C036,419.48,2025-10-13 04:02:50,"New York, US",0,0
6576,C062,86.77,2025-10-13 04:28:26,"London, UK",0,0
6458,C090,2594.69,2025-10-13 04:29:06,"London, UK",0,0
3803,C012,4608.69,2025-10-13 04:30:24,"Kraków, PL",0,0
6816,C075,36.83,2025-10-13 04:32:49,"London, UK",0,0
3115,C040,1544.3,2025-10-13 04:33:28,"Kraków, PL",0,0
2846,C076,150.56,2025-10-13 04:34:41,"New York, US",0,0
665,C098,353.84,2025-10-13 04:35:19,"London, UK",0,0
2194,C026,3312.75,2025-10-13 04:39:46,"Warszawa, PL",0,0
1707,C098,41.68,2025-10-13 04:44:34,"New York, US",0,0
2127,C006,93.17,2025-10-13 04:47:38,"Kraków, PL",0,1
1810,C023,758.88,2025-10-13 04:51:50,"London, UK",0,0
1614,C020,4192.79,2025-10-13 04:52:19,"New York, US",0,0
8418,C012,524.65,2025-10-13 04:53:38,"London, UK",0,0
4857,C015,352.31,2025-10-13 04:53:49,"Kraków, PL",0,0
5253,C041,494.26,2025-10-13 05:11:58,"London, UK",0,0
4143,C022,54.28,2025-10-13 05:19:02,"Kraków, PL",0,0
8859,C084,1576.56,2025-10-13 05:19:37,"Kraków, PL",0,0
6274,C090,88.8,2025-10-13 05:19:52,"Warszawa, PL",0,0
9855,C055,2204.7,2025-10-13 05:23:44,"Kraków, PL",0,0
7758,C028,408.3,2025-10-13 05:23:45,"London, UK",0,0
9063,C093,346.11,2025-10-13 05:25:23,"Warszawa, PL",0,0
9951,C040,325.54,2025-10-13 05:26:21,"London, UK",0,0
8626,C058,252.3,2025-10-13 05:33:18,"Warszawa, PL",0,0
5447,C023,29.62,2025-10-13 05:33:35,"Kraków, PL",0,0
6425,C071,27582.46,2025-10-13 05:37:47,"Warszawa, PL",0,0
3093,C013,75.62,2025-10-13 05:44:06,"Warszawa, PL",0,0
4473,C040,1699.34,2025-10-13 05:54:16,"New York, US",0,0
1060,C086,432.42,2025-10-13 05:55:06,"London, UK",0,0
1234,C072,2026.03,2025-10-13 05:56:10,"London, UK",0,0
2367,C083,2285.92,2025-10-13 05:57:36,"Kraków, PL",0,0
2176,C071,8893.34,2025-10-13 06:01:06,"London, UK",0,0
8377,C068,413.7,2025-10-13 06:02:44,"London, UK",0,0
5838,C002,722.82,2025-10-13 06:07:53,"New York, US",0,0
1708,C000,690.01,2025-10-13 06:09:48,"Kraków, PL",0,1
4125,C060,663.78,2025-10-13 06:17:02,"Kraków, PL",0,0
474,C050,36.9,2025-10-13 06:19:09,"London, UK",0,1
3534,C083,477.8,2025-10-13 06:20:15,"Warszawa, PL",0,0
4998,C068,2342.96,2025-10-13 06:20:34,"New York, US",0,0
3914,C071,226.74,2025-10-13 06:26:45,"New York, US",1,0
6132,C034,467.42,2025-10-13 06:32:30,"Warszawa, PL",0,0
3414,C001,508.31,2025-10-13 06:32:57,"Kraków, PL",0,0
2209,C072,73.1,2025-10-13 06:36:35,"Warszawa, PL",0,0
1209,C079,1699.35,2025-10-13 06:37:33,"Kraków, PL",0,0
1938,C052,5980.3,2025-10-13 06:39:17,"Warszawa, PL",0,0
7020,C086,94.36,2025-10-13 06:39:56,"Warszawa, PL",0,0
3735,C087,943.62,2025-10-13 06:45:17,"Warszawa, PL",0,0
1761,C070,500.28,2025-10-13 06:51:16,"London, UK",0,0
4521,C045,188.76,2025-10-13 06:55:41,"London, UK",0,0
77,C078,1028.47,2025-10-13 07:05:38,"Kraków, PL",1,0
4614,C012,124.22,2025-10-13 07:05:49,"New York, US",0,0
8036,C020,40.07,2025-10-13 07:07:08,"Kraków, PL",0,0
5893,C079,2073.01,2025-10-13 07:10:32,"Warszawa, PL",0,0
1515,C074,4920.49,2025-10-13 07:15:30,"New York, US",0,1
4739,C000,7617.24,2025-10-13 07:16:30,"London, UK",0,0
8789,C086,31.82,2025-10-13 07:22:21,"New York, US",0,0
1904,C022,769.88,2025-10-13 07:32:41,"Warszawa, PL",0,0
6378,C070,2333.86,2025-10-13 07:36:47,"London, UK",0,1
6654,C060,205.66,2025-10-13 07:46:28,"Kraków, PL",0,0
3948,C059,2377.22,2025-10-13 07:49:44,"New York, US",0,0
8105,C048,194.61,2025-10-13 07:52:23,"London, UK",0,0
2553,C068,3627.43,2025-10-13 07:58:11,"London, UK",0,1
8848,C052,104.85,2025-10-13 07:58:47,"Warszawa, PL",0,0
1294,C045,349.17,2025-10-13 08:01:34,"Warszawa, PL",0,0
7384,C024,1772.62,2025-10-13 08:02:33,"Kraków, PL",0,0
548,C075,1566.49,2025-10-13 08:04:28,"Warszawa, PL",0,0
4952,C056,206.95,2025-10-13 08:06:01,"London, UK",0,0
8474,C081,35.39,2025-10-13 08:12:15,"Kraków, PL",0,0
2033,C024,191.52,2025-10-13 08:17:23,"Kraków, PL",0,0
9793,C000,612.32,2025-10-13 08:19:03,"Kraków, PL",0,0
2911,C020,603.33,2025-10-13 08:19:45,"London, UK",0,0
7481,C061,100.95,2025-10-13 08:21:09,"London, UK",0,0
4073,C051,123.88,2025-10-13 08:22:00,"London, UK",0,0
8594,C076,160.63,2025-10-13 08:22:53,"London, UK",0,0
6099,C045,485.77,2025-10-13 08:36:40,"London, UK",0,0
763,C032,106.31,2025-10-13 08:38:09,"London, UK",0,1
3714,C065,91.98,2025-10-13 08:41:21,"New York, US",0,0
9957,C017,384.79,2025-10-13 08:41:59,"New York, US",1,0
2733,C032,1219.65,2025-10-13 08:42:04,"London, UK",0,1
3612,C026,319.0,2025-10-13 08:47:56,"London, UK",0,0
9996,C011,436.1,2025-10-13 08:48:12,"Warszawa, PL",0,0
1421,C064,852.44,2025-10-13 08:50:00,"Warszawa, PL",0,1
8064,C066,156.09,2025-10-13 08:51:10,"New York, US",0,0
728,C037,5881.97,2025-10-13 08:51:25,"Kraków, PL",0,0
5285,C075,3527.82,2025-10-13 08:56:38,"New York, US",0,0
5672,C003,627.37,2025-10-13 08:58:55,"New York, US",0,0
5209,C044,273.33,2025-10-13 08:59:21,"London, UK",0,0
6146,C064,1595.34,2025-10-13 09:11:51,"London, UK",0,0
3253,C027,933.7,2025-10-13 09:34:08,"New York, US",0,0
5527,C025,1724.3,2025-10-13 09:38:56,"London, UK",0,1
6553,C094,137.53,2025-10-13 09:43:08,"London, UK",0,0
6367,C068,51.76,2025-10-13 09:43:11,"London, UK",0,1
6844,C055,207.62,2025-10-13 09:43:50,"London, UK",0,1
2245,C084,116.48,2025-10-13 09:45:47,"New York, US",0,0
5532,C060,883.29,2025-10-13 09:54:09,"New York, US",0,0
9610,C085,606.59,2025-10-13 09:59:41,"Kraków, PL",0,0
7537,C017,14325.44,2025-10-13 10:01:09,"New York, US",0,0
8843,C072,776.0,2025-10-13 10:07:17,"London, UK",0,0
4159,C009,1059.32,2025-10-13 10:08:12,"London, UK",0,0
8779,C080,572.38,2025-10-13 10:12:29,"London, UK",0,0
5514,C056,276.46,2025-10-13 10:20:33,"Warszawa, PL",0,1
8847,C003,143.86,2025-10-13 10:22:11,"London, UK",0,0
1165,C016,1088.79,2025-10-13 10:25:27,"Warszawa, PL",0,0
7547,C000,449.06,2025-10-13 10:34:23,"New York, US",0,0
4165,C021,1852.07,2025-10-13 10:53:42,"New York, US",0,0
3137,C084,214.31,2025-10-13 11:01:11,"London, UK",0,0
5960,C026,619.29,2025-10-13 11:07:28,"London, UK",0,0
8937,C049,6917.28,2025-10-13 11:12:01,"Kraków, PL",0,0
501,C013,110.08,2025-10-13 11:16:50,"New York, US",0,0
3645,C050,557.12,2025-10-13 11:19:08,"Kraków, PL",0,0
6319,C063,403.32,2025-10-13 11:20:12,"New York, US",0,1
3458,C082,4951.31,2025-10-13 11:20:43,"Kraków, PL",0,0
6635,C032,180.87,2025-10-13 11:26:56,"London, UK",0,0
8708,C085,252.19,2025-10-13 11:31:28,"London, UK",0,0
3755,C036,9.37,2025-10-13 11:34:52,"Warszawa, PL",0,0
718,C007,341.84,2025-10-13 11:35:32,"London, UK",0,0
3043,C008,73.45,2025-10-13 11:37:13,"London, UK",0,0
369,C091,586.27,2025-10-13 11:38:23,"Kraków, PL",0,0
4678,C090,210.39,2025-10-13 11:49:16,"London, UK",0,0
1091,C080,782.5,2025-10-13 11:49:46,"Kraków, PL",0,0
2003,C069,587.88,2025-10-13 11:50:38,"Warszawa, PL",0,0
3796,C096,41.47,2025-10-13 11:51:32,"New York, US",0,0
1814,C049,309.27,2025-10-13 11:53:33,"Warszawa, PL",0,1
1557,C008,217.75,2025-10-13 12:06:08,"Kraków, PL",0,1
4392,C008,1343.54,2025-10-13 12:25:19,"London, UK",0,0
9570,C086,458.35,2025-10-13 12:25:59,"Kraków, PL",0,0
264,C050,59.54,2025-10-13 12:26:47,"New York, US",0,1
2901,C072,813.25,2025-10-13 12:32:39,"London, UK",0,0
4901,C083,198.44,2025-10-13 12:34:23,"New York, US",0,0
4985,C098,78.07,2025-10-13 12:35:45,"Kraków, PL",0,0
8579,C094,36.75,2025-10-13 12:47:07,"Warszawa, PL",0,0
8015,C007,1329.59,2025-10-13 12:49:45,"Kraków, PL",0,0
2854,C007,24.1,2025-10-13 12:51:46,"Warszawa, PL",0,0
3552,C011,548.31,2025-10-13 12:57:23,"Warszawa, PL",0,0
9358,C067,6739.14,2025-10-13 12:59:55,"New York, US",0,0
341,C036,3419.71,2025-10-13 13:00:26,"Warszawa, PL",0,0
3379,C023,3390.43,2025-10-13 13:10:43,"London, UK",0,0
161,C055,45.14,2025-10-13 13:11:59,"Kraków, PL",0,0
3035,C013,1172.57,2025-10-13 13:13:54,"London, UK",0,0
2019,C072,1093.78,2025-10-13 13:23:46,"Kraków, PL",0,0
4022,C015,485.75,2025-10-13 13:24:26,"New York, US",0,0
4749,C066,2220.28,2025-10-13 13:29:42,"New York, US",0,0
6900,C030,501.72,2025-10-13 13:32:19,"New York, US",0,0
1469,C012,476.87,2025-10-13 13:32:37,"Kraków, PL",0,0
8802,C091,9.79,2025-10-13 13:44:31,"London, UK",0,1
3374,C028,975.8,2025-10-13 13:47:36,"Warszawa, PL",0,0
6484,C043,666.36,2025-10-13 13:48:03,"Kraków, PL",0,0
4938,C014,398.27,2025-10-13 13:50:31,"London, UK",0,0
7668,C034,114.08,2025-10-13 13:51:48,"London, UK",0,0
1699,C052,151.85,2025-10-13 13:51:51,"Kraków, PL",0,0
2300,C053,172.1,2025-10-13 13:53:04,"London, UK",0,0
5567,C016,587.64,2025-10-13 14:04:06,"Kraków, PL",0,0
7653,C005,742.71,2025-10-13 14:04:58,"London, UK",0,0
3881,C082,4576.31,2025-10-13 14:08:29,"Warszawa, PL",0,0
2994,C085,1260.49,2025-10-13 14:10:37,"London, UK",0,0
2306,C070,4070.79,2025-10-13 14:16:57,"New York, US",0,0
9836,C002,122.71,2025-10-13 14:19:21,"Warszawa, PL",0,1
821,C077,443.17,2025-10-13 14:22:08,"Warszawa, PL",0,0
9881,C088,498.75,2025-10-13 14:22:30,"Kraków, PL",0,0
2479,C002,41.32,2025-10-13 14:23:10,"New York, US",0,0
3956,C018,87.93,2025-10-13 14:29:58,"New York, US",0,0
3988,C068,106.92,2025-10-13 14:36:55,"Kraków, PL",0,0
646,C054,972.93,2025-10-13 14:42:32,"Warszawa, PL",0,0
8186,C059,3485.53,2025-10-13 14:42:48,"Kraków, PL",0,0
5729,C075,345.48,2025-10-13 14:42:51,"New York, US",0,0
1379,C054,34.13,2025-10-13 14:45:58,"Kraków, PL",0,0
3599,C003,137.91,2025-10-13 14:47:29,"Warszawa, PL",0,0
3644,C074,134.67,2025-10-13 14:52:14,"London, UK",0,0
4590,C072,64.98,2025-10-13 15:24:25,"London, UK",0,0
2817,C064,548.32,2025-10-13 15:25:14,"Warszawa, PL",0,0
3433,C091,1730.49,2025-10-13 15:35:41,"London, UK",0,0
311,C027,71.42,2025-10-13 15:37:05,"Warszawa, PL",0,0
9050,C099,141.98,2025-10-13 15:39:25,"Warszawa, PL",0,0
3085,C097,109.05,2025-10-13 15:42:15,"New York, US",0,0
2775,C033,49.37,2025-10-13 15:46:40,"New York, US",0,0
5621,C020,740.95,2025-10-13 15:46:53,"New York, US",0,0
6222,C029,231.93,2025-10-13 15:51:58,"London, UK",0,0
4752,C037,1147.73,2025-10-13 15:53:51,"Warszawa, PL",0,1
8367,C077,83.46,2025-10-13 15:57:53,"London, UK",0,0
8048,C056,618.43,2025-10-13 15:59:45,"Warszawa, PL",0,0
6101,C005,1433.57,2025-10-13 16:05:19,"Kraków, PL",0,0
3301,C004,5078.13,2025-10-13 16:06:36,"New York, US",0,1
1945,C058,2130.9,2025-10-13 16:21:37,"Warszawa, PL",0,1
2787,C091,1350.4,2025-10-13 16:23:56,"Warszawa, PL",0,0
6659,C031,624.31,2025-10-13 16:24:02,"New York, US",0,0
1178,C027,104.15,2025-10-13 16:32:35,"Warszawa, PL",0,0
1346,C039,174.1,2025-10-13 16:36:37,"New York, US",0,0
2122,C009,1560.44,2025-10-13 16:56:00,"London, UK",1,0
6634,C080,169.18,2025-10-13 17:01:11,"London, UK",0,1
115,C080,581.33,2025-10-13 17:02:36,"London, UK",0,0
5302,C010,262.12,2025-10-13 17:06:35,"New York, US",0,0
9645,C096,279.37,2025-10-13 17:19:09,"Warszawa, PL",0,0
1144,C060,1671.74,2025-10-13 17:24:00,"Warszawa, PL",0,1
4500,C089,15669.8,2025-10-13 17:27:38,"Kraków, PL",0,0
7479,C078,1345.23,2025-10-13 17:34:12,"New York, US",0,0
6580,C055,2420.51,2025-10-13 17:36:04,"London, UK",0,0
2312,C010,508.37,2025-10-13 17:38:03,"Kraków, PL",0,0
5949,C074,1960.49,2025-10-13 17:41:00,"New York, US",0,0
572,C049,97.27,2025-10-13 17:44:14,"Kraków, PL",0,0
704,C044,1356.26,2025-10-13 17:48:30,"Warszawa, PL",0,0
2258,C089,6463.89,2025-10-13 17:49:04,"London, UK",0,0
2291,C074,2588.72,2025-10-13 17:59:52,"Warszawa, PL",0,0
1477,C094,756.25,2025-10-13 18:01:55,"Kraków, PL",0,0
7680,C064,1035.38,2025-10-13 18:02:14,"New York, US",0,1
6688,C062,604.77,2025-10-13 18:08:03,"London, UK",0,0
8308,C076,691.48,2025-10-13 18:08:23,"Warszawa, PL",1,0
6269,C094,1825.47,2025-10-13 18:10:30,"New York, US",0,0
8131,C079,2326.97,2025-10-13 18:12:48,"London, UK",0,1
1947,C010,246.42,2025-10-13 18:33:14,"New York, US",0,0
7953,C066,1628.85,2025-10-13 18:34:27,"New York, US",0,1
18,C055,328.22,2025-10-13 18:37:30,"Warszawa, PL",0,0
6056,C069,516.92,2025-10-13 18:40:14,"London, UK",0,0
4250,C035,365.01,2025-10-13 18:40:24,"Kraków, PL",0,1
8872,C021,2297.66,2025-10-13 18:44:32,"Warszawa, PL",0,0
3231,C044,96.66,2025-10-13 18:50:06,"New York, US",1,0
1076,C007,934.66,2025-10-13 18:51:58,"London, UK",0,0
2979,C068,470.29,2025-10-13 18:56:00,"Warszawa, PL",0,0
5652,C042,68.22,2025-10-13 18:58:00,"New York, US",0,0
8813,C079,215.25,2025-10-13 19:01:07,"Kraków, PL",0,0
8287,C024,186.62,2025-10-13 19:09:24,"Kraków, PL",0,0
5414,C031,847.43,2025-10-13 19:09:48,"New York, US",0,0
1254,C022,598.39,2025-10-13 19:11:29,"Warszawa, PL",0,1
5121,C075,254.37,2025-10-13 19:15:20,"Kraków, PL",0,0
5515,C068,1443.6,2025-10-13 19:19:47,"New York, US",0,0
1595,C087,1086.01,2025-10-13 19:24:50,"London, UK",0,0
7532,C081,86.15,2025-10-13 19:33:14,"Kraków, PL",0,1
7692,C066,461.78,2025-10-13 19:36:51,"London, UK",0,0
1269,C028,583.29,2025-10-13 19:38:20,"Warszawa, PL",0,0
1964,C047,260.06,2025-10-13 19:41:25,"New York, US",0,0
7920,C084,191.36,2025-10-13 19:42:48,"London, UK",0,1
6047,C006,581.48,2025-10-13 19:44:04,"Kraków, PL",0,0
1687,C077,135.27,2025-10-13 19:47:31,"Warszawa, PL",0,0
3208,C095,1381.21,2025-10-13 19:48:28,"Warszawa, PL",0,0
4049,C029,27.85,2025-10-13 19:48:46,"Warszawa, PL",0,1
7546,C069,10337.46,2025-10-13 19:48:58,"Warszawa, PL",0,0
8475,C084,543.88,2025-10-13 19:49:38,"Kraków, PL",0,0
6426,C036,90.5,2025-10-13 19:57:10,"New York, US",0,0
2168,C070,983.03,2025-10-13 19:59:18,"Kraków, PL",0,0
1872,C018,1815.37,2025-10-13 20:00:48,"Warszawa, PL",0,0
5836,C065,141.79,2025-10-13 20:00:56,"Kraków, PL",0,0
7609,C006,423.12,2025-10-13 20:02:00,"Warszawa, PL",0,0
7069,C045,1100.9,2025-10-13 20:09:24,"New York, US",0,0
3744,C033,72.42,2025-10-13 20:10:38,"Warszawa, PL",0,0
6108,C017,237.31,2025-10-13 20:12:02,"Warszawa, PL",0,0
5243,C087,329.01,2025-10-13 20:21:30,"Warszawa, PL",0,0
9009,C031,108.98,2025-10-13 20:26:52,"New York, US",0,1
5382,C089,12.18,2025-10-13 20:31:34,"Kraków, PL",0,0
9070,C084,2058.41,2025-10-13 20:32:00,"Warszawa, PL",0,0
7163,C067,39.26,2025-10-13 20:32:59,"Warszawa, PL",0,0
194,C056,5249.64,2025-10-13 20:41:13,"Kraków, PL",0,0
5037,C047,1667.56,2025-10-13 20:44:10,"Kraków, PL",0,0
7746,C074,803.81,2025-10-13 20:46:09,"New York, US",0,0
8771,C086,248.5,2025-10-13 20:51:04,"Kraków, PL",0,0
1320,C077,298.98,2025-10-13 20:54:40,"New York, US",0,0
9964,C069,117.44,2025-10-13 20:56:42,"London, UK",0,0
9318,C005,2616.69,2025-10-13 20:58:13,"New York, US",0,0
5933,C069,400.59,2025-10-13 21:04:15,"Kraków, PL",0,1
8823,C019,673.53,2025-10-13 21:12:16,"Kraków, PL",0,0
3562,C001,2412.76,2025-10-13 21:13:29,"New York, US",0,0
4675,C002,163.86,2025-10-13 21:14:20,"Warszawa, PL",0,0
3802,C018,24.18,2025-10-13 21:19:15,"Warszawa, PL",0,0
1272,C056,41.14,2025-10-13 21:22:06,"London, UK",0,0
2070,C047,2707.44,2025-10-13 21:22:52,"Warszawa, PL",0,0
1700,C045,1456.9,2025-10-13 21:27:43,"Warszawa, PL",0,0
374,C081,77.49,2025-10-13 21:36:50,"New York, US",0,0
9508,C028,7803.3,2025-10-13 21:40:07,"New York, US",0,0
4209,C068,325.4,2025-10-13 21:48:53,"London, UK",0,0
8133,C005,82.47,2025-10-13 21:49:30,"Kraków, PL",0,0
4152,C036,100.56,2025-10-13 21:49:46,"Kraków, PL",0,0
1128,C040,1261.4,2025-10-13 21:50:54,"London, UK",0,0
8412,C089,961.01,2025-10-13 22:11:36,"London, UK",0,0
5264,C028,73.49,2025-10-13 22:16:12,"New York, US",0,0
1902,C011,586.45,2025-10-13 22:23:46,"New York, US",0,0
9103,C034,1923.92,2025-10-13 22:27:24,"New York, US",0,0
2411,C062,462.67,2025-10-13 22:29:04,"Warszawa, PL",0,0
9272,C077,385.04,2025-10-13 22:30:28,"Warszawa, PL",0,1
5657,C004,526.86,2025-10-13 22:33:30,"Warszawa, PL",0,0
1779,C080,270.77,2025-10-13 22:55:41,"Warszawa, PL",0,0
2774,C077,639.27,2025-10-13 23:11:55,"Warszawa, PL",0,0
5953,C082,1427.8,2025-10-13 23:13:50,"Warszawa, PL",0,0
3885,C082,57.31,2025-10-13 23:25:34,"Warszawa, PL",0,0
8499,C082,288.24,2025-10-13 23:27:29,"Warszawa, PL",0,0
7252,C019,471.35,2025-10-13 23:35:32,"Kraków, PL",0,0
818,C005,54.33,2025-10-13 23:38:49,"Kraków, PL",0,0
6945,C057,770.02,2025-10-13 23:41:02,"London, UK",0,0
5995,C012,6311.47,2025-10-13 23:41:06,"Kraków, PL",0,0
5801,C045,13548.71,2025-10-13 23:42:55,"Warszawa, PL",0,0
8501,C047,407.22,2025-10-13 23:50:25,"Warszawa, PL",0,0
3968,C010,1083.45,2025-10-13 23:55:26,"Kraków, PL",0,0
3986,C082,3713.09,2025-10-14 00:01:00,"London, UK",0,0
3091,C048,25.75,2025-10-14 00:01:04,"Kraków, PL",0,1
2997,C000,38.91,2025-10-14 00:02:32,"Kraków, PL",0,0
1333,C063,1606.52,2025-10-14 00:03:02,"Warszawa, PL",0,1
6465,C094,1127.96,2025-10-14 00:08:00,"Kraków, PL",0,0
1112,C024,189.12,2025-10-14 00:14:33,"Kraków, PL",0,1
1701,C094,104.53,2025-10-14 00:14:50,"Kraków, PL",0,0
1451,C018,100.41,2025-10-14 00:38:00,"Kraków, PL",0,0
8931,C068,131.72,2025-10-14 00:46:32,"Kraków, PL",0,0
8059,C078,172.16,2025-10-14 00:49:29,"Warszawa, PL",0,0
1004,C013,2049.73,2025-10-14 00:49:52,"Kraków, PL",0,0
1918,C061,606.62,2025-10-14 00:52:00,"New York, US",0,0
2475,C071,21.24,2025-10-14 00:57:36,"New York, US",0,0
1344,C058,18.59,2025-10-14 00:59:23,"New York, US",0,1
7038,C067,123.91,2025-10-14 01:08:19,"Kraków, PL",0,0
7706,C039,1012.1,2025-10-14 01:14:36,"New York, US",0,0
6437,C013,1292.54,2025-10-14 01:20:18,"London, UK",0,0
9,C071,157.13,2025-10-14 01:36:32,"Kraków, PL",0,0
393,C077,86.66,2025-10-14 01:40:07,"Warszawa, PL",0,0
8526,C000,162.64,2025-10-14 01:40:51,"New York, US",0,0
4426,C060,1182.21,2025-10-14 01:44:10,"London, UK",0,0
5417,C043,533.11,2025-10-14 01:46:01,"New York, US",0,1
797,C062,165.79,2025-10-14 01:46:31,"Warszawa, PL",0,0
2239,C069,104.12,2025-10-14 01:50:00,"London, UK",0,0
2031,C024,43.0,2025-10-14 01:54:19,"Kraków, PL",0,1
2506,C056,295.82,2025-10-14 01:54:50,"New York, US",0,0
6493,C088,1317.25,2025-10-14 01:58:43,"New York, US",0,0
6687,C014,46.37,2025-10-14 01:59:27,"Warszawa, PL",0,0
7727,C069,153.54,2025-10-14 02:00:55,"Warszawa, PL",0,0
1163,C082,6464.17,2025-10-14 02:05:04,"New York, US",0,0
4303,C025,372.4,2025-10-14 02:07:44,"New York, US",0,0
6754,C040,78.8,2025-10-14 02:10:07,"London, UK",1,0
9888,C097,717.57,2025-10-14 02:14:58,"Warszawa, PL",0,0
1059,C085,1674.23,2025-10-14 02:30:18,"Warszawa, PL",0,0
510,C096,447.98,2025-10-14 02:32:56,"Kraków, PL",0,0
7471,C022,59.86,2025-10-14 02:39:39,"London, UK",0,0
9769,C004,30.17,2025-10-14 02:40:17,"Warszawa, PL",0,0
7225,C050,471.65,2025-10-14 02:41:28,"London, UK",0,0
2283,C097,1881.55,2025-10-14 02:48:47,"New York, US",0,0
3817,C009,66.59,2025-10-14 02:49:34,"Warszawa, PL",0,0
4185,C085,225.06,2025-10-14 02:53:17,"New York, US",0,0
7194,C060,3023.82,2025-10-14 02:54:10,"New York, US",0,0
1714,C019,1641.96,2025-10-14 02:58:01,"New York, US",0,0
1836,C032,548.92,2025-10-14 03:06:32,"London, UK",0,0
2973,C037,995.05,2025-10-14 03:09:06,"London, UK",0,0
7360,C073,532.3,2025-10-14 03:09:53,"New York, US",0,0
4028,C062,2261.47,2025-10-14 03:17:14,"Warszawa, PL",0,0
8061,C096,382.41,2025-10-14 03:23:57,"New York, US",0,0
8666,C007,8.61,2025-10-14 03:25:38,"Kraków, PL",0,1
5713,C075,1249.82,2025-10-14 03:32:11,"Kraków, PL",0,0
9384,C070,4714.79,2025-10-14 03:38:23,"Warszawa, PL",0,0
1384,C033,958.66,2025-10-14 03:41:15,"Kraków, PL",0,0
8411,C011,1377.39,2025-10-14 03:52:56,"New York, US",0,1
918,C057,1816.09,2025-10-14 03:54:05,"Warszawa, PL",0,1
9278,C034,67.91,2025-10-14 04:02:04,"Kraków, PL",0,0
5852,C066,2415.31,2025-10-14 04:05:18,"London, UK",0,0
5628,C039,375.19,2025-10-14 04:10:39,"Kraków, PL",0,0
8625,C023,718.99,2025-10-14 04:15:17,"Warszawa, PL",0,1
3428,C038,405.98,2025-10-14 04:21:06,"London, UK",0,0
6609,C005,1730.01,2025-10-14 04:24:03,"New York, US",0,0
7496,C030,70.79,2025-10-14 04:26:14,"New York, US",0,0
1696,C061,1293.98,2025-10-14 04:29:03,"Kraków, PL",0,0
9526,C012,2068.84,2025-10-14 04:29:47,"London, UK",0,0
9135,C074,983.95,2025-10-14 04:32:09,"Kraków, PL",0,0
5617,C090,1220.57,2025-10-14 04:34:03,"Warszawa, PL",0,0
7709,C068,166.44,2025-10-14 04:38:29,"London, UK",0,0
2231,C076,439.15,2025-10-14 04:41:01,"New York, US",0,0
4375,C032,205.92,2025-10-14 04:47:14,"Warszawa, PL",0,0
5878,C011,145.7,2025-10-14 04:50:40,"London, UK",0,0
5103,C054,1335.18,2025-10-14 04:53:17,"Warszawa, PL",0,1
9220,C022,61.67,2025-10-14 04:53:18,"Kraków, PL",0,0
2605,C041,94.41,2025-10-14 04:53:26,"New York, US",0,0
7440,C030,297.73,2025-10-14 04:58:27,"Warszawa, PL",0,0
4918,C004,204.54,2025-10-14 05:04:12,"Warszawa, PL",0,1
7874,C025,973.54,2025-10-14 05:09:32,"Kraków, PL",0,0
2383,C062,157.01,2025-10-14 05:10:46,"Kraków, PL",0,0
850,C053,975.28,2025-10-14 05:11:39,"London, UK",0,0
8965,C039,12926.63,2025-10-14 05:12:56,"London, UK",0,0
9184,C026,109.51,2025-10-14 05:14:04,"London, UK",0,0
9326,C078,635.7,2025-10-14 05:14:45,"New York, US",0,0
856,C078,145.94,2025-10-14 05:22:02,"London, UK",0,0
2867,C018,174.47,2025-10-14 05:27:01,"Kraków, PL",0,0
4175,C025,837.96,2025-10-14 05:28:44,"London, UK",0,0
4837,C011,102.44,2025-10-14 05:31:00,"Warszawa, PL",0,0
861,C069,29.89,2025-10-14 05:33:46,"Warszawa, PL",0,1
5408,C035,795.38,2025-10-14 05:34:00,"Kraków, PL",0,0
1491,C099,3836.82,2025-10-14 05:36:04,"Kraków, PL",0,0
5063,C040,1614.19,2025-10-14 05:36:19,"Kraków, PL",0,0
1706,C069,231.25,2025-10-14 05:46:11,"Warszawa, PL",0,0
5480,C002,615.86,2025-10-14 05:54:12,"London, UK",0,0
5071,C067,102.87,2025-10-14 05:57:55,"New York, US",0,0
4059,C046,228.28,2025-10-14 06:02:38,"London, UK",0,0
222,C037,102.24,2025-10-14 06:03:18,"London, UK",0,0
5678,C027,2625.74,2025-10-14 06:06:04,"New York, US",0,1
3361,C006,1135.03,2025-10-14 06:07:01,"Warszawa, PL",0,0
1270,C095,2804.05,2025-10-14 06:07:16,"New York, US",0,0
9027,C016,400.03,2025-10-14 06:10:26,"New York, US",0,1
6433,C058,19.91,2025-10-14 06:12:01,"New York, US",0,0
9213,C037,400.97,2025-10-14 06:13:56,"New York, US",0,0
3739,C038,202.74,2025-10-14 06:17:21,"New York, US",0,0
1447,C042,866.47,2025-10-14 06:21:00,"London, UK",0,0
4080,C006,218.77,2025-10-14 06:29:58,"London, UK",0,0
3708,C008,311.6,2025-10-14 06:43:17,"Kraków, PL",0,0
687,C072,76.2,2025-10-14 06:44:02,"Warszawa, PL",0,0
6796,C025,11614.12,2025-10-14 06:45:44,"New York, US",0,1
2687,C090,150.11,2025-10-14 06:45:55,"London, UK",0,0
8891,C063,32313.0,2025-10-14 06:46:25,"London, UK",0,0
3969,C069,2093.67,2025-10-14 06:48:51,"Kraków, PL",0,0
6190,C076,177.36,2025-10-14 06:52:21,"Kraków, PL",0,0
3441,C020,1439.2,2025-10-14 06:56:20,"Warszawa, PL",0,0
2899,C019,481.46,2025-10-14 06:56:30,"Kraków, PL",0,0
5830,C095,44.97,2025-10-14 06:56:58,"London, UK",0,1
3200,C004,157.73,2025-10-14 07:04:32,"Warszawa, PL",0,0
8039,C023,467.66,2025-10-14 07:09:15,"New York, US",0,0
7246,C087,258.18,2025-10-14 07:10:32,"New York, US",1,0
1316,C087,4483.15,2025-10-14 07:19:07,"New York, US",0,0
4962,C045,86.88,2025-10-14 07:21:49,"Kraków, PL",0,0
9302,C050,204.67,2025-10-14 07:25:16,"New York, US",0,0
3659,C014,531.21,2025-10-14 07:27:47,"New York, US",0,0
1403,C022,834.09,2025-10-14 07:29:21,"London, UK",0,0
8492,C036,325.48,2025-10-14 07:34:28,"Kraków, PL",0,1
6771,C005,103.34,2025-10-14 07:37:58,"Kraków, PL",0,0
4047,C056,534.9,2025-10-14 07:38:20,"Kraków, PL",0,0
4273,C067,391.5,2025-10-14 07:45:45,"Kraków, PL",0,0
6712,C076,891.92,2025-10-14 08:07:31,"London, UK",0,0
2440,C056,229.72,2025-10-14 08:09:08,"Warszawa, PL",0,0
3825,C026,29.34,2025-10-14 08:09:17,"Warszawa, PL",0,0
6278,C035,399.79,2025-10-14 08:12:26,"New York, US",0,0
1985,C018,1164.75,2025-10-14 08:14:53,"Warszawa, PL",0,0
7780,C041,406.02,2025-10-14 08:15:58,"New York, US",0,0
2089,C022,677.71,2025-10-14 08:31:30,"Kraków, PL",0,0
3187,C063,16.02,2025-10-14 08:33:37,"London, UK",0,0
2945,C094,1923.57,2025-10-14 08:34:12,"Warszawa, PL",0,0
3283,C072,470.84,2025-10-14 08:34:51,"New York, US",0,0
8945,C009,3170.88,2025-10-14 08:38:06,"New York, US",0,0
6372,C089,423.87,2025-10-14 08:45:40,"New York, US",0,0
7513,C020,839.69,2025-10-14 08:46:16,"Warszawa, PL",0,0
3464,C083,204.34,2025-10-14 08:47:34,"New York, US",0,0
1921,C006,1024.44,2025-10-14 08:49:16,"London, UK",0,0
2814,C042,838.98,2025-10-14 08:55:17,"New York, US",0,0
6123,C046,22.39,2025-10-14 08:57:47,"London, UK",0,0
9149,C066,87.91,2025-10-14 08:58:14,"London, UK",0,0
3474,C091,85.5,2025-10-14 09:03:30,"London, UK",0,0
4309,C046,1212.01,2025-10-14 09:04:08,"London, UK",0,0
529,C028,728.71,2025-10-14 09:05:31,"London, UK",0,0
542,C055,130.58,2025-10-14 09:09:26,"London, UK",0,0
7849,C080,404.6,2025-10-14 09:09:29,"Kraków, PL",0,0
651,C049,220.91,2025-10-14 09:11:25,"Warszawa, PL",0,1
59,C061,1195.18,2025-10-14 09:27:13,"New York, US",0,0
3967,C074,1622.9,2025-10-14 09:27:36,"London, UK",0,0
5883,C083,251.55,2025-10-14 09:31:55,"Warszawa, PL",0,0
7214,C047,14171.57,2025-10-14 09:36:52,"Warszawa, PL",0,0
8294,C099,512.09,2025-10-14 09:38:20,"New York, US",0,0
890,C012,1871.53,2025-10-14 09:49:27,"New York, US",0,0
2698,C058,783.76,2025-10-14 09:59:19,"Kraków, PL",0,0
8319,C023,108.12,2025-10-14 10:01:16,"London, UK",0,0
4316,C002,1281.72,2025-10-14 10:04:34,"Kraków, PL",0,0
2753,C032,2361.8,2025-10-14 10:06:16,"New York, US",0,0
6423,C029,754.44,2025-10-14 10:09:23,"Warszawa, PL",0,1
7297,C065,1051.03,2025-10-14 10:10:40,"Warszawa, PL",0,0
1312,C078,63.91,2025-10-14 10:12:08,"Warszawa, PL",0,0
859,C073,270.01,2025-10-14 10:23:00,"New York, US",0,0
5745,C089,218.32,2025-10-14 10:23:31,"London, UK",0,0
5220,C046,1070.4,2025-10-14 10:28:00,"New York, US",0,0
8211,C051,551.77,2025-10-14 10:31:53,"Warszawa, PL",0,0
39,C096,696.21,2025-10-14 10:50:57,"Warszawa, PL",0,0
7802,C059,220.87,2025-10-14 10:54:25,"New York, US",0,0
4923,C066,219.29,2025-10-14 10:54:39,"London, UK",0,0
1508,C077,527.83,2025-10-14 10:56:42,"New York, US",0,0
3947,C063,137.05,2025-10-14 11:02:24,"New York, US",1,0
9315,C052,21.01,2025-10-14 11:04:34,"Kraków, PL",0,1
9872,C056,305.46,2025-10-14 11:04:46,"New York, US",0,0
4408,C017,1959.64,2025-10-14 11:07:20,"New York, US",0,0
5152,C052,659.93,2025-10-14 11:09:30,"New York, US",0,0
9105,C036,308.15,2025-10-14 11:14:52,"Warszawa, PL",0,1
8005,C052,3036.43,2025-10-14 11:22:16,"Warszawa, PL",0,0
4096,C056,1932.38,2025-10-14 11:22:54,"New York, US",0,0
1528,C089,2035.2,2025-10-14 11:23:42,"Kraków, PL",0,0
54,C067,479.96,2025-10-14 11:23:53,"Kraków, PL",0,0
286,C034,776.39,2025-10-14 11:27:52,"London, UK",0,0
8429,C095,4698.07,2025-10-14 11:28:26,"London, UK",0,0
6121,C093,347.03,2025-10-14 11:32:32,"Kraków, PL",0,0
2592,C000,164.71,2025-10-14 11:33:10,"New York, US",0,0
2937,C022,21.16,2025-10-14 11:37:10,"London, UK",0,0
9287,C053,896.41,2025-10-14 11:37:34,"New York, US",0,0
1224,C059,135.97,2025-10-14 11:43:22,"Warszawa, PL",0,0
2528,C039,154.87,2025-10-14 11:51:51,"Warszawa, PL",0,0
6702,C098,346.27,2025-10-14 11:54:21,"Kraków, PL",0,0
4156,C020,5799.62,2025-10-14 11:55:54,"Kraków, PL",0,0
9452,C086,633.96,2025-10-14 12:01:06,"New York, US",0,0
1153,C046,277.81,2025-10-14 12:01:48,"New York, US",0,0
2833,C021,1345.37,2025-10-14 12:06:04,"New York, US",0,1
4202,C048,398.94,2025-10-14 12:06:36,"Warszawa, PL",0,1
4139,C088,703.87,2025-10-14 12:08:55,"Kraków, PL",0,0
8077,C090,1348.82,2025-10-14 12:09:32,"New York, US",0,0
7880,C091,272.99,2025-10-14 12:16:21,"London, UK",0,0
9523,C090,48.22,2025-10-14 12:16:47,"Warszawa, PL",0,0
6418,C065,412.48,2025-10-14 12:20:15,"Kraków, PL",0,0
1352,C042,127.15,2025-10-14 12:31:20,"London, UK",0,0
7852,C043,163.29,2025-10-14 12:36:20,"Warszawa, PL",0,0
2823,C004,705.03,2025-10-14 12:39:32,"Warszawa, PL",0,0
951,C078,301.96,2025-10-14 12:40:00,"London, UK",0,0
3007,C049,261.66,2025-10-14 12:43:00,"Kraków, PL",0,0
6328,C097,412.15,2025-10-14 12:45:56,"Kraków, PL",0,0
2381,C012,69.29,2025-10-14 12:47:11,"Warszawa, PL",0,0
4182,C042,61.47,2025-10-14 12:56:08,"Warszawa, PL",0,0
8930,C076,501.01,2025-10-14 13:01:57,"Kraków, PL",0,0
4854,C034,414.57,2025-10-14 13:02:07,"Kraków, PL",0,0
4036,C017,532.82,2025-10-14 13:06:52,"Warszawa, PL",0,0
5120,C034,1289.16,2025-10-14 13:08:28,"London, UK",0,0
2068,C001,237.65,2025-10-14 13:13:10,"Warszawa, PL",0,0
9897,C037,174.21,2025-10-14 13:13:57,"London, UK",0,0
621,C061,2797.82,2025-10-14 13:14:41,"London, UK",0,0
2748,C002,28.76,2025-10-14 13:17:32,"London, UK",0,0
1549,C012,9.27,2025-10-14 13:30:41,"Warszawa, PL",0,0
7347,C036,3085.38,2025-10-14 13:32:59,"London, UK",0,0
7097,C028,3926.63,2025-10-14 13:33:59,"New York, US",0,0
7040,C039,3160.0,2025-10-14 13:36:27,"New York, US",0,1
666,C014,7449.91,2025-10-14 13:43:30,"New York, US",0,1
3434,C048,35.48,2025-10-14 13:47:38,"Kraków, PL",0,0
5163,C020,318.0,2025-10-14 13:49:43,"Kraków, PL",0,0
1398,C089,240.45,2025-10-14 13:56:13,"Warszawa, PL",0,0
5682,C091,176.41,2025-10-14 13:57:28,"New York, US",0,0
123,C060,3692.88,2025-10-14 13:58:03,"Warszawa, PL",0,0
1857,C022,36.87,2025-10-14 13:58:20,"New York, US",0,0
4908,C000,49.97,2025-10-14 13:58:57,"London, UK",0,1
3686,C051,459.67,2025-10-14 14:03:46,"Warszawa, PL",0,0
303,C013,60.74,2025-10-14 14:05:15,"New York, US",0,0
5048,C083,51.86,2025-10-14 14:07:50,"Kraków, PL",0,0
6305,C014,588.89,2025-10-14 14:08:53,"London, UK",0,0
1797,C057,503.12,2025-10-14 14:14:32,"London, UK",0,0
4794,C088,1571.6,2025-10-14 14:15:33,"London, UK",0,0
198,C055,166.34,2025-10-14 14:19:57,"Kraków, PL",0,0
6801,C029,1058.2,2025-10-14 14:21:30,"London, UK",0,0
2435,C089,705.81,2025-10-14 14:24:49,"New York, US",0,0
8554,C085,1818.61,2025-10-14 14:26:34,"New York, US",0,0
8849,C083,548.65,2025-10-14 14:28:34,"Warszawa, PL",0,0
3179,C010,473.73,2025-10-14 14:28:57,"Kraków, PL",0,0
247,C002,1829.68,2025-10-14 14:37:25,"Warszawa, PL",0,0
9531,C084,3759.61,2025-10-14 14:45:29,"London, UK",0,0
260,C069,288.59,2025-10-14 14:50:15,"Kraków, PL",0,0
7511,C074,230.63,2025-10-14 14:55:32,"New York, US",0,0
4346,C016,151.95,2025-10-14 15:00:35,"New York, US",0,0
5528,C026,84.67,2025-10-14 15:03:26,"Kraków, PL",0,0
8106,C043,895.99,2025-10-14 15:09:34,"London, UK",0,0
5645,C010,235.37,2025-10-14 15:09:43,"London, UK",0,0
5200,C059,453.12,2025-10-14 15:14:07,"New York, US",0,0
3506,C021,341.68,2025-10-14 15:21:16,"New York, US",0,0
1493,C002,4.22,2025-10-14 15:26:50,"London, UK",0,0
6080,C002,377.52,2025-10-14 15:30:51,"Kraków, PL",0,1
5750,C015,585.13,2025-10-14 15:33:06,"London, UK",0,0
7954,C081,667.23,2025-10-14 15:34:21,"Warszawa, PL",0,0
353,C016,355.53,2025-10-14 15:39:06,"Kraków, PL",0,0
6562,C054,4339.58,2025-10-14 15:48:44,"London, UK",0,0
567,C019,374.42,2025-10-14 16:06:23,"London, UK",0,0
1273,C068,219.22,2025-10-14 16:07:48,"London, UK",0,0
7197,C082,274.75,2025-10-14 16:09:36,"Kraków, PL",0,0
3145,C071,51.1,2025-10-14 16:10:18,"London, UK",0,0
2587,C002,340.23,2025-10-14 16:14:41,"London, UK",0,1
3009,C030,887.04,2025-10-14 16:18:33,"Warszawa, PL",0,0
8458,C095,169.27,2025-10-14 16:23:37,"Kraków, PL",0,0
9345,C075,106.52,2025-10-14 16:25:34,"Warszawa, PL",0,0
1214,C045,41.18,2025-10-14 16:26:49,"Warszawa, PL",0,0
1922,C053,351.91,2025-10-14 16:33:26,"Kraków, PL",0,0
8404,C027,99.02,2025-10-14 16:38:41,"London, UK",0,0
6842,C028,18.31,2025-10-14 16:47:08,"Kraków, PL",0,0
7259,C080,196.51,2025-10-14 16:52:45,"Warszawa, PL",0,0
532,C057,40.85,2025-10-14 16:52:51,"New York, US",0,0
9691,C055,131.77,2025-10-14 16:54:15,"Kraków, PL",0,0
6559,C085,774.98,2025-10-14 16:55:54,"New York, US",0,0
6677,C032,4071.12,2025-10-14 16:59:30,"New York, US",0,0
7785,C082,3.66,2025-10-14 17:04:17,"London, UK",0,0
6871,C068,4384.32,2025-10-14 17:06:53,"New York, US",0,0
3521,C056,1017.17,2025-10-14 17:11:51,"London, UK",0,0
9417,C023,1571.63,2025-10-14 17:24:29,"London, UK",0,1
6198,C031,1251.94,2025-10-14 17:37:12,"London, UK",0,0
3591,C060,277.41,2025-10-14 17:39:05,"London, UK",0,0
1263,C072,1016.56,2025-10-14 17:40:00,"Kraków, PL",0,0
5533,C070,1900.33,2025-10-14 17:51:19,"New York, US",0,0
7990,C021,1241.63,2025-10-14 17:52:08,"Kraków, PL",0,0
7219,C045,1034.36,2025-10-14 18:00:29,"New York, US",0,0
4585,C068,1129.43,2025-10-14 18:05:12,"Kraków, PL",0,0
4467,C094,23.92,2025-10-14 18:09:06,"Warszawa, PL",0,1
7366,C039,59.99,2025-10-14 18:11:26,"New York, US",0,0
8973,C045,3129.23,2025-10-14 18:17:58,"Kraków, PL",0,0
9686,C050,252.95,2025-10-14 18:19:30,"Warszawa, PL",0,0
8990,C002,2226.43,2025-10-14 18:22:55,"New York, US",0,0
1081,C017,2853.17,2025-10-14 18:29:28,"London, UK",0,1
9274,C028,226.4,2025-10-14 18:39:19,"London, UK",0,0
2776,C087,269.03,2025-10-14 18:39:52,"London, UK",0,1
2284,C019,1174.74,2025-10-14 18:44:31,"London, UK",0,1
5731,C076,2460.78,2025-10-14 18:52:40,"Warszawa, PL",0,0
2465,C037,150.75,2025-10-14 19:10:11,"New York, US",0,0
8393,C001,495.92,2025-10-14 19:11:31,"Kraków, PL",0,0
3868,C071,49.53,2025-10-14 19:15:40,"London, UK",0,0
4098,C056,844.75,2025-10-14 19:17:19,"Kraków, PL",0,0
3017,C064,66.39,2025-10-14 19:24:42,"New York, US",0,0
478,C071,3034.75,2025-10-14 19:25:34,"New York, US",0,1
4484,C076,575.87,2025-10-14 19:26:53,"Kraków, PL",0,0
9386,C011,212.72,2025-10-14 19:38:46,"Warszawa, PL",0,0
406,C032,190.2,2025-10-14 19:39:46,"New York, US",0,0
1318,C003,143.76,2025-10-14 19:45:31,"New York, US",0,0
3554,C094,27.24,2025-10-14 19:52:35,"New York, US",0,0
3342,C008,61.16,2025-10-14 19:53:23,"London, UK",0,0
4376,C019,769.2,2025-10-14 20:00:54,"London, UK",0,0
4384,C054,931.85,2025-10-14 20:02:14,"London, UK",0,0
7411,C091,3647.44,2025-10-14 20:04:20,"Warszawa, PL",0,0
8604,C097,409.22,2025-10-14 20:09:48,"New York, US",0,0
129,C055,709.24,2025-10-14 20:12:52,"Kraków, PL",0,0
137,C098,286.3,2025-10-14 20:18:34,"London, UK",0,0
4248,C016,30.31,2025-10-14 20:33:24,"London, UK",0,0
1957,C004,2485.81,2025-10-14 20:35:27,"New York, US",0,0
2664,C035,412.5,2025-10-14 20:48:16,"Kraków, PL",0,0
6004,C000,62.72,2025-10-14 20:50:39,"New York, US",0,0
5790,C032,291.29,2025-10-14 21:01:15,"Kraków, PL",0,0
4419,C061,133.39,2025-10-14 21:04:49,"Warszawa, PL",0,0
3654,C036,1145.8,2025-10-14 21:21:22,"London, UK",0,0
3687,C099,261.67,2025-10-14 21:22:26,"Kraków, PL",0,0
5210,C059,197.98,2025-10-14 21:22:27,"Kraków, PL",0,0
3695,C060,383.99,2025-10-14 21:36:58,"London, UK",0,0
1261,C095,579.62,2025-10-14 21:40:26,"Kraków, PL",0,0
2175,C046,573.96,2025-10-14 21:53:13,"New York, US",0,0
6127,C013,2379.65,2025-10-14 22:09:34,"Kraków, PL",0,0
294,C055,700.61,2025-10-14 22:13:00,"London, UK",0,0
8537,C009,86.95,2025-10-14 22:14:24,"Kraków, PL",0,0
7510,C078,430.42,2025-10-14 22:16:15,"Kraków, PL",0,0
1760,C011,218.57,2025-10-14 22:16:59,"Kraków, PL",0,0
998,C048,161.12,2025-10-14 22:21:38,"London, UK",0,0
933,C059,270.2,2025-10-14 22:29:37,"Kraków, PL",0,0
4087,C063,248.56,2025-10-14 22:31:49,"New York, US",0,0
5996,C000,380.37,2025-10-14 22:34:12,"New York, US",0,0
1498,C011,1440.61,2025-10-14 22:35:40,"Warszawa, PL",0,0
5418,C006,228.24,2025-10-14 22:36:46,"London, UK",0,0
2986,C044,183.51,2025-10-14 22:39:34,"New York, US",0,0
2485,C029,656.58,2025-10-14 22:51:53,"Kraków, PL",0,0
7840,C022,84.98,2025-10-14 22:54:54,"Kraków, PL",0,0
9594,C078,37.19,2025-10-14 22:57:14,"Kraków, PL",0,0
2884,C069,492.85,2025-10-14 23:01:44,"Kraków, PL",0,0
9761,C032,381.0,2025-10-14 23:05:21,"London, UK",0,0
994,C040,447.86,2025-10-14 23:05:43,"New York, US",0,0
4290,C084,14.74,2025-10-14 23:21:13,"Warszawa, PL",0,0
4196,C081,155.62,2025-10-14 23:28:48,"Warszawa, PL",0,0
4178,C000,470.06,2025-10-14 23:32:34,"Kraków, PL",0,0
2250,C004,243.26,2025-10-14 23:33:54,"Kraków, PL",0,0
6212,C046,2289.77,2025-10-14 23:35:49,"Warszawa, PL",0,0
7046,C051,403.37,2025-10-14 23:43:14,"New York, US",0,0
5330,C048,682.94,2025-10-14 23:44:54,"London, UK",0,0
9165,C039,171.99,2025-10-14 23:46:38,"London, UK",0,1
3502,C034,77.44,2025-10-14 23:46:40,"Warszawa, PL",0,1
8058,C044,250.31,2025-10-14 23:48:11,"Kraków, PL",0,0
5385,C094,359.09,2025-10-14 23:49:46,"London, UK",0,0
5908,C063,158.44,2025-10-14 23:54:17,"New York, US",0,0
379,C060,111.52,2025-10-14 23:55:37,"Warszawa, PL",0,0
3675,C024,258.29,2025-10-15 00:00:27,"Warszawa, PL",0,0
1730,C085,1223.27,2025-10-15 00:02:57,"Warszawa, PL",0,0
2741,C029,464.0,2025-10-15 00:05:00,"Warszawa, PL",0,0
4396,C041,5146.12,2025-10-15 00:06:56,"Warszawa, PL",0,0
4921,C061,542.96,2025-10-15 00:07:04,"London, UK",0,0
6928,C035,1016.9,2025-10-15 00:15:23,"Kraków, PL",0,0
5078,C044,2282.89,2025-10-15 00:20:21,"New York, US",0,0
5784,C088,809.36,2025-10-15 00:32:24,"New York, US",0,0
6719,C083,135.9,2025-10-15 00:35:59,"Kraków, PL",0,0
5184,C095,6480.88,2025-10-15 00:36:14,"Kraków, PL",0,0
8351,C090,258.11,2025-10-15 00:37:40,"Kraków, PL",0,0
6401,C027,246.83,2025-10-15 00:53:35,"London, UK",0,0
7684,C087,298.78,2025-10-15 01:04:17,"Warszawa, PL",0,1
5333,C034,1204.24,2025-10-15 01:06:50,"London, UK",0,0
3945,C021,182.45,2025-10-15 01:15:40,"London, UK",0,0
6989,C032,151.88,2025-10-15 01:16:27,"London, UK",0,0
5756,C039,737.38,2025-10-15 01:22:59,"Kraków, PL",0,0
6861,C015,588.86,2025-10-15 01:37:49,"New York, US",0,0
1698,C016,4227.73,2025-10-15 01:38:38,"London, UK",0,0
8876,C074,7147.53,2025-10-15 01:47:52,"New York, US",0,0
1140,C018,5841.62,2025-10-15 01:53:45,"Warszawa, PL",0,0
3314,C036,880.21,2025-10-15 01:55:41,"London, UK",0,0
6298,C013,1198.77,2025-10-15 02:10:27,"New York, US",0,0
8033,C025,773.06,2025-10-15 02:13:26,"Warszawa, PL",0,0
2651,C002,667.64,2025-10-15 02:18:11,"London, UK",0,0
2541,C036,1106.43,2025-10-15 02:19:56,"New York, US",0,0
6581,C099,21.57,2025-10-15 02:27:16,"Kraków, PL",0,0
5211,C063,828.42,2025-10-15 02:42:56,"London, UK",0,0
5444,C004,2011.39,2025-10-15 02:43:31,"Kraków, PL",0,0
6867,C073,587.96,2025-10-15 02:46:14,"Kraków, PL",0,0
1350,C006,87.1,2025-10-15 02:46:58,"London, UK",0,0
4046,C058,589.11,2025-10-15 02:47:34,"London, UK",0,1
7418,C099,141.43,2025-10-15 02:53:58,"Kraków, PL",0,0
2081,C034,142.97,2025-10-15 03:01:19,"London, UK",0,0
3769,C074,1330.48,2025-10-15 03:02:55,"New York, US",0,0
8862,C046,11.43,2025-10-15 03:11:35,"New York, US",0,0
2327,C099,295.29,2025-10-15 03:23:07,"Warszawa, PL",0,0
3984,C092,166.55,2025-10-15 03:29:13,"London, UK",0,0
221,C073,9603.11,2025-10-15 03:36:39,"Warszawa, PL",0,0
2689,C003,1367.74,2025-10-15 03:59:48,"New York, US",0,0
6162,C065,366.8,2025-10-15 04:00:51,"Kraków, PL",0,1
4021,C017,135.88,2025-10-15 04:06:46,"Kraków, PL",0,0
789,C056,825.8,2025-10-15 04:14:32,"Kraków, PL",0,0
3724,C096,280.96,2025-10-15 04:17:36,"New York, US",0,0
7073,C096,710.26,2025-10-15 04:20:24,"Kraków, PL",0,0
1122,C081,2151.1,2025-10-15 04:21:18,"New York, US",0,0
7012,C047,258.14,2025-10-15 04:23:05,"London, UK",0,0
1723,C022,1455.86,2025-10-15 04:28:20,"London, UK",0,1
4253,C081,172.61,2025-10-15 04:31:08,"New York, US",0,0
1348,C077,114.88,2025-10-15 04:55:12,"New York, US",0,0
4888,C046,1843.73,2025-10-15 04:58:26,"New York, US",0,1
279,C065,440.27,2025-10-15 05:00:42,"New York, US",0,0
2271,C097,1325.12,2025-10-15 05:01:49,"Kraków, PL",0,1
9159,C085,532.05,2025-10-15 05:03:01,"New York, US",0,0
1685,C036,320.28,2025-10-15 05:05:45,"Warszawa, PL",0,0
2113,C009,1094.35,2025-10-15 05:06:14,"London, UK",0,0
2388,C046,679.58,2025-10-15 05:11:07,"Warszawa, PL",0,0
5807,C071,13.72,2025-10-15 05:15:34,"New York, US",0,0
3300,C023,40.86,2025-10-15 05:23:49,"London, UK",0,0
7362,C061,362.8,2025-10-15 05:33:07,"New York, US",0,0
6524,C075,25.51,2025-10-15 05:43:55,"Kraków, PL",0,0
5553,C055,229.99,2025-10-15 05:48:06,"London, UK",0,0
8609,C025,7204.88,2025-10-15 05:49:29,"Kraków, PL",0,1
4793,C049,954.29,2025-10-15 05:50:53,"Warszawa, PL",0,0
5634,C038,28.03,2025-10-15 05:51:44,"London, UK",0,0
816,C019,259.27,2025-10-15 05:53:41,"New York, US",0,0
4051,C077,260.54,2025-10-15 05:54:02,"Kraków, PL",0,1
4127,C039,297.79,2025-10-15 05:55:14,"Warszawa, PL",0,0
5546,C019,779.3,2025-10-15 05:59:09,"Warszawa, PL",0,0
5388,C054,866.85,2025-10-15 06:02:26,"Kraków, PL",0,1
9530,C006,1119.14,2025-10-15 06:04:10,"Warszawa, PL",0,0
2760,C090,86.37,2025-10-15 06:08:29,"Warszawa, PL",0,0
4503,C090,176.63,2025-10-15 06:09:48,"London, UK",0,0
747,C025,594.48,2025-10-15 06:13:29,"London, UK",0,0
7269,C013,2180.16,2025-10-15 06:18:17,"Kraków, PL",0,0
4288,C029,993.66,2025-10-15 06:22:38,"Kraków, PL",0,0
3595,C032,88.14,2025-10-15 06:22:46,"Kraków, PL",0,0
1295,C014,74.21,2025-10-15 06:26:17,"Warszawa, PL",0,0
9410,C011,1056.63,2025-10-15 06:31:08,"London, UK",0,0
8402,C053,730.0,2025-10-15 06:35:17,"Kraków, PL",0,1
8784,C088,1500.57,2025-10-15 06:40:25,"New York, US",0,1
2694,C016,581.33,2025-10-15 06:41:13,"New York, US",0,0
585,C042,109.75,2025-10-15 06:42:59,"New York, US",0,0
2259,C027,46.19,2025-10-15 06:53:42,"Kraków, PL",0,0
3652,C028,338.7,2025-10-15 07:01:04,"London, UK",0,0
3837,C097,407.38,2025-10-15 07:05:21,"New York, US",0,0
3104,C053,1022.22,2025-10-15 07:09:03,"London, UK",0,0
3251,C066,1208.77,2025-10-15 07:15:48,"New York, US",0,0
4558,C067,7286.95,2025-10-15 07:16:53,"Kraków, PL",0,0
2727,C062,5458.46,2025-10-15 07:18:55,"Warszawa, PL",0,0
1442,C084,699.6,2025-10-15 07:23:25,"New York, US",0,0
7534,C089,198.41,2025-10-15 07:34:52,"Kraków, PL",0,0
8844,C077,1160.23,2025-10-15 07:38:08,"Warszawa, PL",0,0
1727,C077,809.67,2025-10-15 07:39:52,"Kraków, PL",0,0
210,C025,501.93,2025-10-15 07:40:47,"Kraków, PL",0,0
8384,C091,916.28,2025-10-15 07:46:39,"New York, US",0,0
6221,C054,235.54,2025-10-15 07:56:45,"Kraków, PL",0,0
4976,C022,12275.11,2025-10-15 08:00:09,"Warszawa, PL",0,0
5818,C056,154.75,2025-10-15 08:13:45,"Kraków, PL",0,0
6874,C019,177.62,2025-10-15 08:18:37,"London, UK",0,0
3286,C092,1954.88,2025-10-15 08:22:49,"London, UK",0,0
710,C054,364.59,2025-10-15 08:32:01,"Warszawa, PL",0,0
8408,C011,45.07,2025-10-15 08:32:31,"London, UK",0,0
9351,C098,10.72,2025-10-15 08:35:34,"London, UK",0,0
2151,C035,136.32,2025-10-15 08:35:45,"Warszawa, PL",0,0
2756,C076,1748.43,2025-10-15 08:37:54,"Warszawa, PL",1,0
6550,C007,944.94,2025-10-15 08:39:36,"New York, US",0,0
5698,C081,7700.2,2025-10-15 08:40:57,"London, UK",0,0
6136,C088,115.19,2025-10-15 08:43:36,"Kraków, PL",0,0
1747,C020,1514.76,2025-10-15 08:46:57,"Warszawa, PL",0,0
2946,C091,5598.49,2025-10-15 08:47:28,"Kraków, PL",0,0
6709,C089,1675.01,2025-10-15 08:47:39,"Warszawa, PL",0,0
114,C065,66.73,2025-10-15 08:49:59,"New York, US",0,0
9574,C038,98.13,2025-10-15 08:50:49,"New York, US",0,0
5656,C090,192.38,2025-10-15 08:54:04,"London, UK",0,0
9991,C059,1156.8,2025-10-15 09:01:54,"New York, US",0,0
6186,C068,631.35,2025-10-15 09:03:08,"Kraków, PL",0,0
7786,C001,815.85,2025-10-15 09:05:02,"London, UK",0,0
4584,C089,603.24,2025-10-15 09:05:53,"Warszawa, PL",0,0
2434,C039,2333.12,2025-10-15 09:09:52,"Warszawa, PL",0,0
5863,C081,100.61,2025-10-15 09:11:29,"London, UK",0,0
8639,C055,977.16,2025-10-15 09:17:32,"New York, US",0,0
1637,C006,158.01,2025-10-15 09:19:44,"London, UK",0,0
6392,C048,75.86,2025-10-15 09:20:58,"Kraków, PL",0,0
9488,C064,120.14,2025-10-15 09:33:15,"New York, US",0,1
6697,C027,786.28,2025-10-15 09:41:03,"New York, US",0,1
8312,C047,29.51,2025-10-15 09:45:01,"Warszawa, PL",0,0
9877,C018,879.14,2025-10-15 10:01:17,"Kraków, PL",0,0
9647,C062,652.73,2025-10-15 10:07:24,"London, UK",0,0
2376,C063,565.83,2025-10-15 10:08:01,"Kraków, PL",0,0
7595,C072,459.2,2025-10-15 10:08:59,"London, UK",0,0
8520,C094,1300.19,2025-10-15 10:13:19,"New York, US",0,0
1106,C056,1067.78,2025-10-15 10:20:27,"New York, US",0,0
8595,C032,2014.09,2025-10-15 10:22:03,"New York, US",0,0
4710,C022,399.42,2025-10-15 10:23:34,"Kraków, PL",0,0
1070,C092,95.77,2025-10-15 10:26:24,"New York, US",0,0
9119,C014,910.27,2025-10-15 10:33:30,"Kraków, PL",0,0
9364,C081,75.23,2025-10-15 10:39:00,"Warszawa, PL",0,0
7148,C071,29.0,2025-10-15 10:42:43,"London, UK",0,0
2358,C039,52.85,2025-10-15 10:42:55,"London, UK",0,0
1110,C024,176.44,2025-10-15 10:44:53,"London, UK",0,0
2190,C075,21.26,2025-10-15 10:45:22,"New York, US",0,0
6444,C056,1241.04,2025-10-15 10:48:10,"Warszawa, PL",0,0
7028,C039,1991.71,2025-10-15 10:52:39,"Kraków, PL",0,0
457,C082,661.41,2025-10-15 10:56:26,"London, UK",0,0
9657,C007,347.91,2025-10-15 10:57:10,"London, UK",0,1
1242,C081,44.95,2025-10-15 11:04:25,"Kraków, PL",0,0
6958,C040,77.89,2025-10-15 11:07:18,"London, UK",0,0
647,C014,115.32,2025-10-15 11:45:06,"New York, US",0,0
5348,C032,1717.54,2025-10-15 11:46:39,"London, UK",0,0
657,C059,419.7,2025-10-15 11:48:48,"London, UK",0,0
2510,C072,1446.47,2025-10-15 12:02:36,"London, UK",0,0
4572,C068,489.99,2025-10-15 12:20:08,"Warszawa, PL",0,0
9555,C042,648.38,2025-10-15 12:31:34,"New York, US",0,0
8256,C053,485.94,2025-10-15 12:35:49,"London, UK",0,0
2540,C074,854.34,2025-10-15 12:36:57,"New York, US",0,0
5552,C010,9160.75,2025-10-15 12:40:00,"New York, US",0,0
390,C027,390.35,2025-10-15 12:40:52,"London, UK",0,0
709,C078,837.03,2025-10-15 12:44:19,"London, UK",0,1
8616,C089,168.5,2025-10-15 12:45:27,"Warszawa, PL",0,0
8583,C014,2887.69,2025-10-15 12:48:38,"London, UK",0,0
426,C006,184.68,2025-10-15 12:48:46,"Warszawa, PL",0,0
8656,C075,761.52,2025-10-15 12:51:49,"New York, US",0,0
583,C059,93.79,2025-10-15 12:52:56,"London, UK",1,0
5376,C065,183.23,2025-10-15 12:58:58,"London, UK",0,0
7728,C062,578.59,2025-10-15 12:59:03,"London, UK",0,1
2197,C015,543.7,2025-10-15 12:59:53,"London, UK",0,0
701,C077,2124.27,2025-10-15 13:02:42,"Warszawa, PL",0,0
6474,C039,129.25,2025-10-15 13:07:59,"Kraków, PL",0,0
7077,C083,5623.87,2025-10-15 13:12:19,"New York, US",0,0
7265,C001,737.3,2025-10-15 13:16:21,"Kraków, PL",0,0
612,C013,1207.78,2025-10-15 13:16:49,"London, UK",0,0
6896,C050,102.85,2025-10-15 13:16:54,"London, UK",0,0
2702,C004,156.37,2025-10-15 13:18:16,"Warszawa, PL",0,0
5741,C027,3731.51,2025-10-15 13:19:12,"Kraków, PL",0,0
4975,C093,2465.39,2025-10-15 13:19:56,"New York, US",0,0
1994,C097,586.41,2025-10-15 13:19:59,"Kraków, PL",0,0
7794,C022,771.39,2025-10-15 13:20:30,"London, UK",0,0
486,C083,2753.88,2025-10-15 13:25:00,"New York, US",0,0
8765,C044,401.39,2025-10-15 13:26:11,"Warszawa, PL",0,0
1754,C059,55.0,2025-10-15 13:29:29,"Warszawa, PL",0,0
581,C000,1329.11,2025-10-15 13:31:58,"London, UK",0,0
4883,C010,20386.66,2025-10-15 13:36:11,"Kraków, PL",0,0
4964,C060,46.88,2025-10-15 13:47:41,"New York, US",0,0
5982,C040,452.61,2025-10-15 13:55:42,"London, UK",0,0
9559,C045,565.38,2025-10-15 13:57:36,"Kraków, PL",0,0
5964,C026,199.9,2025-10-15 14:00:35,"Kraków, PL",0,0
5164,C063,200.48,2025-10-15 14:03:52,"London, UK",0,0
7210,C066,1799.78,2025-10-15 14:19:53,"Kraków, PL",1,0
4912,C091,87.75,2025-10-15 14:33:10,"Warszawa, PL",0,1
8791,C059,223.72,2025-10-15 14:34:51,"New York, US",1,1
8923,C021,207.37,2025-10-15 14:41:10,"Warszawa, PL",0,0
345,C034,81.3,2025-10-15 14:46:33,"London, UK",1,0
4462,C049,121.81,2025-10-15 14:47:46,"New York, US",1,0
1077,C042,166.35,2025-10-15 14:49:46,"New York, US",0,0
5315,C062,324.0,2025-10-15 14:50:17,"Warszawa, PL",0,0
8025,C017,827.48,2025-10-15 14:50:25,"New York, US",0,0
6038,C006,37.46,2025-10-15 14:56:19,"London, UK",0,0
2208,C065,325.22,2025-10-15 15:03:57,"Kraków, PL",0,0
1431,C041,155.01,2025-10-15 15:10:51,"New York, US",0,0
8716,C023,146.21,2025-10-15 15:18:36,"London, UK",0,1
1330,C084,282.53,2025-10-15 15:21:45,"Warszawa, PL",0,0
5396,C060,7933.05,2025-10-15 15:26:45,"New York, US",0,0
1149,C083,355.88,2025-10-15 15:29:01,"London, UK",0,1
9069,C094,749.57,2025-10-15 15:29:31,"Warszawa, PL",0,0
8978,C067,127.61,2025-10-15 15:30:49,"London, UK",0,0
7101,C096,90.53,2025-10-15 15:34:59,"London, UK",0,0
9183,C051,103.72,2025-10-15 15:41:13,"New York, US",0,0
8232,C052,446.05,2025-10-15 15:41:47,"New York, US",0,0
9521,C093,53.44,2025-10-15 15:49:05,"London, UK",0,0
9322,C095,1765.02,2025-10-15 15:52:05,"New York, US",0,0
2330,C076,3307.8,2025-10-15 15:53:46,"Kraków, PL",0,0
8718,C008,337.43,2025-10-15 15:53:52,"Kraków, PL",0,1
3573,C013,3027.58,2025-10-15 16:00:36,"London, UK",0,0
3689,C024,435.6,2025-10-15 16:17:41,"Warszawa, PL",0,0
741,C012,861.01,2025-10-15 16:18:52,"London, UK",0,0
3921,C036,821.53,2025-10-15 16:19:34,"Warszawa, PL",0,0
9087,C013,3553.53,2025-10-15 16:24:18,"New York, US",0,1
7041,C096,2830.35,2025-10-15 16:25:44,"New York, US",0,0
3862,C050,766.26,2025-10-15 16:29:18,"Warszawa, PL",0,0
8213,C020,2963.93,2025-10-15 16:30:38,"Kraków, PL",0,0
4234,C029,10290.67,2025-10-15 16:36:13,"Kraków, PL",0,0
1889,C031,312.0,2025-10-15 16:43:27,"Warszawa, PL",0,0
24,C084,233.36,2025-10-15 16:51:00,"London, UK",0,0
4458,C022,2056.09,2025-10-15 16:53:41,"Kraków, PL",1,0
8447,C094,689.16,2025-10-15 16:54:20,"Kraków, PL",0,0
1495,C080,285.8,2025-10-15 17:02:12,"Warszawa, PL",0,0
6769,C003,847.29,2025-10-15 17:04:50,"London, UK",0,0
6362,C043,731.67,2025-10-15 17:10:08,"Kraków, PL",0,0
2980,C086,254.47,2025-10-15 17:14:32,"London, UK",0,0
2324,C057,16951.21,2025-10-15 17:31:59,"London, UK",0,0
5686,C023,47.1,2025-10-15 17:33:35,"Warszawa, PL",0,0
660,C013,1592.79,2025-10-15 17:36:04,"Warszawa, PL",0,0
423,C086,210.54,2025-10-15 17:42:44,"New York, US",0,0
8940,C015,814.34,2025-10-15 17:49:25,"London, UK",0,0
2526,C063,222.3,2025-10-15 17:50:25,"London, UK",0,1
8138,C003,266.55,2025-10-15 18:04:18,"Warszawa, PL",0,0
9461,C064,190.37,2025-10-15 18:04:55,"New York, US",0,0
530,C092,336.98,2025-10-15 18:06:31,"London, UK",0,0
6291,C085,191.4,2025-10-15 18:06:55,"New York, US",0,0
2644,C014,72.52,2025-10-15 18:08:06,"London, UK",0,0
4361,C046,6073.64,2025-10-15 18:21:01,"Kraków, PL",0,0
9637,C080,835.17,2025-10-15 18:24:27,"Warszawa, PL",0,0
6209,C012,127.83,2025-10-15 18:29:38,"New York, US",0,0
3482,C081,9.83,2025-10-15 18:41:04,"Kraków, PL",0,0
9868,C008,1161.25,2025-10-15 18:42:37,"Warszawa, PL",0,0
1473,C003,1986.89,2025-10-15 18:44:44,"New York, US",0,0
5635,C010,475.12,2025-10-15 18:47:59,"New York, US",0,1
2040,C018,333.42,2025-10-15 18:50:27,"Warszawa, PL",0,0
8599,C007,1076.28,2025-10-15 18:58:36,"New York, US",0,0
3616,C068,69.98,2025-10-15 19:04:32,"London, UK",0,0
7888,C073,56.78,2025-10-15 19:23:23,"Warszawa, PL",0,0
3501,C069,6455.38,2025-10-15 19:24:39,"London, UK",0,0
5353,C023,3439.22,2025-10-15 19:25:46,"Kraków, PL",0,0
6847,C093,165.72,2025-10-15 19:38:10,"Warszawa, PL",0,0
5094,C090,1724.38,2025-10-15 19:38:44,"London, UK",0,0
6921,C051,1051.32,2025-10-15 19:44:43,"London, UK",0,0
7848,C071,364.33,2025-10-15 19:45:01,"Warszawa, PL",0,1
6761,C009,72.19,2025-10-15 19:47:19,"Warszawa, PL",0,0
6841,C064,951.39,2025-10-15 19:48:02,"New York, US",0,0
9198,C014,846.0,2025-10-15 19:48:29,"Kraków, PL",0,0
5600,C031,2612.37,2025-10-15 19:49:38,"Kraków, PL",0,0
4212,C017,542.22,2025-10-15 19:51:06,"Warszawa, PL",0,0
8582,C017,665.92,2025-10-15 19:53:00,"Kraków, PL",0,0
4172,C023,711.73,2025-10-15 19:56:10,"Warszawa, PL",0,0
7198,C061,1720.51,2025-10-15 20:09:40,"Kraków, PL",0,0
2789,C087,703.8,2025-10-15 20:36:56,"Warszawa, PL",0,0
3446,C062,1348.5,2025-10-15 20:41:55,"New York, US",0,0
3311,C079,340.49,2025-10-15 20:42:20,"Warszawa, PL",0,0
4108,C017,1363.02,2025-10-15 20:46:40,"Warszawa, PL",0,0
8757,C087,1075.73,2025-10-15 20:55:07,"Warszawa, PL",0,0
5608,C061,245.96,2025-10-15 20:56:36,"Warszawa, PL",0,0
3305,C011,341.15,2025-10-15 21:04:37,"New York, US",0,1
5125,C093,95.07,2025-10-15 21:05:30,"Kraków, PL",1,0
1430,C002,151.99,2025-10-15 21:06:13,"Kraków, PL",0,0
1644,C015,1239.1,2025-10-15 21:09:31,"London, UK",0,0
7375,C040,66.95,2025-10-15 21:09:50,"Kraków, PL",0,0
5208,C011,356.67,2025-10-15 21:10:11,"New York, US",0,0
8826,C063,1822.82,2025-10-15 21:11:02,"Warszawa, PL",0,0
5633,C030,422.3,2025-10-15 21:18:44,"London, UK",0,0
2786,C025,1215.15,2025-10-15 21:21:48,"London, UK",0,0
329,C022,414.5,2025-10-15 21:22:12,"New York, US",0,0
1558,C060,262.0,2025-10-15 21:22:26,"London, UK",0,0
9097,C051,627.53,2025-10-15 21:23:40,"Warszawa, PL",0,0
9794,C002,342.28,2025-10-15 21:31:36,"New York, US",0,0
983,C046,29.23,2025-10-15 21:40:58,"Warszawa, PL",0,0
8510,C003,3479.35,2025-10-15 21:41:36,"London, UK",0,0
8542,C066,233.16,2025-10-15 21:45:35,"Kraków, PL",0,0
9816,C066,110.36,2025-10-15 21:46:24,"Kraków, PL",0,0
357,C074,151.93,2025-10-15 21:54:24,"London, UK",0,0
6933,C081,111.87,2025-10-15 21:56:47,"Warszawa, PL",0,0
8275,C067,373.82,2025-10-15 22:01:51,"Warszawa, PL",0,1
6623,C067,438.48,2025-10-15 22:07:16,"Kraków, PL",0,0
1546,C019,126.59,2025-10-15 22:20:38,"Warszawa, PL",0,0
2752,C042,396.7,2025-10-15 22:26:45,"Kraków, PL",0,0
2668,C085,1056.85,2025-10-15 22:34:13,"London, UK",0,0
1142,C093,95.33,2025-10-15 22:40:15,"Kraków, PL",0,0
1953,C022,160.74,2025-10-15 22:41:04,"London, UK",0,0
2590,C052,86.32,2025-10-15 22:43:00,"London, UK",0,0
9275,C066,1850.24,2025-10-15 22:43:23,"Kraków, PL",0,0
4482,C012,3272.34,2025-10-15 22:48:42,"Kraków, PL",0,0
5188,C060,49.99,2025-10-15 22:50:02,"Kraków, PL",0,0
5548,C034,4347.81,2025-10-15 22:53:18,"Warszawa, PL",0,0
6578,C005,417.33,2025-10-15 22:54:44,"Kraków, PL",0,0
6464,C026,2533.68,2025-10-15 22:55:11,"Warszawa, PL",0,0
223,C024,528.64,2025-10-15 23:39:42,"Kraków, PL",0,0
7940,C064,226.45,2025-10-15 23:44:58,"Warszawa, PL",0,0
1370,C070,27.32,2025-10-15 23:46:51,"Warszawa, PL",0,0
3736,C087,107.77,2025-10-15 23:48:59,"London, UK",0,0
8071,C002,1701.66,2025-10-15 23:56:08,"New York, US",0,0
2069,C092,336.11,2025-10-15 23:58:58,"Kraków, PL",0,0
8246,C099,97.13,2025-10-16 00:01:56,"London, UK",0,0
5377,C083,330.18,2025-10-16 00:04:08,"London, UK",0,0
6343,C056,846.66,2025-10-16 00:08:03,"New York, US",0,0
683,C007,93.56,2025-10-16 00:14:00,"Warszawa, PL",0,0
6191,C055,1656.22,2025-10-16 00:14:55,"Warszawa, PL",0,0
3693,C074,193.83,2025-10-16 00:22:00,"London, UK",0,0
2781,C070,717.13,2025-10-16 00:23:27,"Warszawa, PL",0,0
5666,C073,6819.31,2025-10-16 00:27:24,"New York, US",0,0
3799,C060,3360.22,2025-10-16 00:30:42,"Warszawa, PL",0,0
3413,C030,119.05,2025-10-16 00:42:30,"Kraków, PL",0,0
1663,C088,97.13,2025-10-16 00:54:26,"Kraków, PL",0,0
6266,C013,157.73,2025-10-16 00:54:29,"New York, US",0,0
7652,C080,278.5,2025-10-16 00:56:43,"London, UK",0,0
2005,C029,938.54,2025-10-16 01:03:05,"London, UK",0,0
471,C056,2702.23,2025-10-16 01:06:25,"New York, US",0,0
344,C094,422.84,2025-10-16 01:19:53,"Kraków, PL",0,0
8313,C068,43.69,2025-10-16 01:25:51,"London, UK",0,0
498,C077,3536.14,2025-10-16 01:26:41,"London, UK",0,0
7625,C046,191.22,2025-10-16 01:32:28,"Kraków, PL",0,0
5239,C098,1600.91,2025-10-16 01:32:45,"London, UK",0,0
4905,C025,80.97,2025-10-16 01:36:43,"New York, US",0,0
8220,C062,1523.38,2025-10-16 01:46:10,"Kraków, PL",0,0
8255,C085,417.5,2025-10-16 01:54:09,"New York, US",0,0
2921,C004,352.99,2025-10-16 02:00:19,"New York, US",0,1
4271,C076,758.7,2025-10-16 02:02:51,"Kraków, PL",0,0
7066,C022,453.89,2025-10-16 02:18:00,"Kraków, PL",0,0
3694,C049,4145.7,2025-10-16 02:18:05,"Warszawa, PL",0,0
9900,C092,118.82,2025-10-16 02:27:09,"Warszawa, PL",0,0
9038,C011,183.22,2025-10-16 02:34:34,"Warszawa, PL",0,0
2566,C095,62.71,2025-10-16 02:38:52,"Warszawa, PL",0,0
1591,C091,412.78,2025-10-16 02:49:00,"London, UK",1,0
1321,C038,97.48,2025-10-16 02:54:12,"London, UK",0,0
3583,C083,467.5,2025-10-16 02:58:09,"Kraków, PL",0,0
5272,C013,3269.0,2025-10-16 03:00:46,"Warszawa, PL",0,0
5306,C024,2705.86,2025-10-16 03:01:51,"Warszawa, PL",0,0
2546,C057,279.36,2025-10-16 03:02:00,"Kraków, PL",0,0
6895,C083,761.6,2025-10-16 03:02:46,"Warszawa, PL",0,0
2124,C046,77.31,2025-10-16 03:12:14,"Kraków, PL",0,0
2627,C053,196.91,2025-10-16 03:12:20,"New York, US",0,0
2922,C014,4079.26,2025-10-16 03:14:26,"New York, US",0,0
8494,C085,243.69,2025-10-16 03:21:55,"Kraków, PL",0,0
3479,C051,508.72,2025-10-16 03:27:40,"New York, US",0,0
8179,C014,1631.97,2025-10-16 03:33:23,"London, UK",0,0
1914,C007,58.14,2025-10-16 03:34:41,"Warszawa, PL",0,0
724,C057,552.49,2025-10-16 03:35:00,"New York, US",0,1
7799,C064,908.5,2025-10-16 03:56:02,"Warszawa, PL",0,0
2919,C004,24.95,2025-10-16 03:58:33,"Kraków, PL",0,1
9037,C040,96.65,2025-10-16 04:02:05,"Kraków, PL",0,0
6519,C011,5264.74,2025-10-16 04:06:56,"New York, US",0,0
6116,C023,371.99,2025-10-16 04:11:09,"London, UK",0,0
9854,C027,112.64,2025-10-16 04:12:32,"Kraków, PL",0,0
4604,C006,201.22,2025-10-16 04:12:36,"Kraków, PL",0,0
9831,C042,23.26,2025-10-16 04:21:21,"London, UK",0,0
3503,C043,1407.13,2025-10-16 04:30:00,"Warszawa, PL",0,0
199,C063,100.9,2025-10-16 04:32:00,"Kraków, PL",0,0
7430,C065,5.78,2025-10-16 04:35:36,"New York, US",0,0
2623,C052,2072.27,2025-10-16 04:38:33,"London, UK",0,0
8329,C025,334.39,2025-10-16 04:39:28,"Kraków, PL",0,0
8094,C075,769.11,2025-10-16 04:50:45,"Kraków, PL",0,0
5355,C002,211.54,2025-10-16 04:54:32,"London, UK",0,0
2619,C089,280.6,2025-10-16 04:56:03,"London, UK",0,0
7985,C046,34.0,2025-10-16 04:58:47,"Kraków, PL",0,0
6735,C043,448.93,2025-10-16 05:03:45,"Kraków, PL",0,0
5144,C012,745.25,2025-10-16 05:05:59,"Warszawa, PL",0,0
2885,C090,415.6,2025-10-16 05:08:05,"New York, US",1,0
9780,C004,699.14,2025-10-16 05:11:06,"Warszawa, PL",0,1
4899,C065,844.13,2025-10-16 05:13:27,"Kraków, PL",0,1
1512,C091,539.58,2025-10-16 05:15:57,"London, UK",0,0
8373,C065,192.37,2025-10-16 05:17:18,"Kraków, PL",0,0
7444,C018,742.24,2025-10-16 05:22:38,"Kraków, PL",0,0
6471,C059,104.14,2025-10-16 05:30:51,"Kraków, PL",0,0
2659,C079,53.37,2025-10-16 05:31:30,"London, UK",0,0
5303,C090,188.7,2025-10-16 05:35:50,"New York, US",0,0
6926,C012,1093.03,2025-10-16 05:36:23,"London, UK",0,0
3066,C071,731.62,2025-10-16 05:45:13,"Warszawa, PL",0,0
4339,C069,57.63,2025-10-16 05:48:18,"Warszawa, PL",0,0
1078,C040,9387.02,2025-10-16 05:49:15,"Kraków, PL",0,0
1963,C036,70.23,2025-10-16 05:51:34,"Kraków, PL",0,0
6029,C054,606.37,2025-10-16 05:52:51,"Warszawa, PL",0,0
7717,C090,302.42,2025-10-16 05:57:33,"London, UK",0,0
5297,C003,1611.72,2025-10-16 05:59:29,"Warszawa, PL",0,0
5886,C076,46.96,2025-10-16 06:00:00,"New York, US",0,0
563,C011,257.46,2025-10-16 06:04:28,"Kraków, PL",0,0
417,C047,179.01,2025-10-16 06:08:23,"Kraków, PL",0,0
9717,C013,185.98,2025-10-16 06:11:15,"London, UK",0,0
1474,C044,284.17,2025-10-16 06:15:34,"London, UK",0,0
1609,C008,1021.59,2025-10-16 06:24:52,"New York, US",0,1
2960,C088,580.11,2025-10-16 06:38:26,"London, UK",0,0
3071,C077,250.91,2025-10-16 06:40:52,"Kraków, PL",0,0
1277,C040,14.96,2025-10-16 06:40:59,"Kraków, PL",0,0
5725,C052,238.39,2025-10-16 06:48:20,"New York, US",0,0
5925,C026,137.46,2025-10-16 06:49:40,"Warszawa, PL",0,0
9921,C046,39.44,2025-10-16 06:50:02,"New York, US",0,0
1240,C096,149.61,2025-10-16 06:53:50,"Warszawa, PL",0,0
5157,C061,254.31,2025-10-16 07:05:51,"New York, US",0,0
9095,C005,905.25,2025-10-16 07:12:18,"Kraków, PL",0,0
2941,C023,409.33,2025-10-16 07:18:52,"New York, US",0,0
9683,C099,199.06,2025-10-16 07:19:36,"Kraków, PL",0,0
4696,C054,164.08,2025-10-16 07:22:27,"New York, US",0,0
5291,C030,184.35,2025-10-16 07:23:09,"London, UK",0,0
3001,C045,123.33,2025-10-16 07:24:27,"London, UK",0,0
7916,C065,242.53,2025-10-16 07:24:43,"London, UK",0,0
3011,C003,569.86,2025-10-16 07:25:34,"London, UK",0,0
8659,C061,2453.38,2025-10-16 07:25:42,"Warszawa, PL",0,0
5849,C042,703.55,2025-10-16 07:29:11,"London, UK",0,0
7153,C023,644.1,2025-10-16 07:32:26,"Kraków, PL",0,0
2263,C092,68.14,2025-10-16 07:37:55,"London, UK",0,0
1809,C086,97.95,2025-10-16 07:43:09,"New York, US",0,0
4532,C035,244.62,2025-10-16 07:50:36,"London, UK",0,0
6486,C095,287.66,2025-10-16 08:06:49,"London, UK",0,0
3715,C098,921.26,2025-10-16 08:08:49,"London, UK",0,0
4910,C017,803.16,2025-10-16 08:09:05,"Warszawa, PL",0,0
4372,C080,779.35,2025-10-16 08:16:06,"Warszawa, PL",0,0
110,C044,330.05,2025-10-16 08:16:10,"Warszawa, PL",1,1
9047,C009,1744.78,2025-10-16 08:28:18,"New York, US",0,0
5799,C093,57.69,2025-10-16 08:35:18,"Warszawa, PL",0,0
1841,C090,105.21,2025-10-16 08:44:19,"New York, US",0,0
7922,C036,169.26,2025-10-16 08:47:38,"Kraków, PL",0,0
4828,C016,116.97,2025-10-16 08:51:01,"Kraków, PL",0,1
8269,C011,1829.95,2025-10-16 08:56:29,"New York, US",0,0
5924,C097,853.57,2025-10-16 08:57:21,"Warszawa, PL",0,0
3139,C068,608.59,2025-10-16 08:58:11,"Kraków, PL",0,0
7469,C075,410.46,2025-10-16 09:04:02,"London, UK",0,1
4977,C033,1114.09,2025-10-16 09:04:03,"Warszawa, PL",0,0
5086,C069,2004.12,2025-10-16 09:04:04,"Kraków, PL",0,0
7903,C004,1001.52,2025-10-16 09:05:43,"London, UK",0,1
2419,C063,569.89,2025-10-16 09:05:57,"London, UK",0,0
549,C089,716.23,2025-10-16 09:06:35,"Warszawa, PL",0,0
1168,C056,1036.89,2025-10-16 09:18:11,"Warszawa, PL",0,0
679,C026,177.73,2025-10-16 09:21:13,"London, UK",0,0
9016,C093,1669.76,2025-10-16 09:22:36,"Warszawa, PL",0,1
6216,C031,5325.66,2025-10-16 09:24:02,"Kraków, PL",1,0
2949,C046,1296.15,2025-10-16 09:24:19,"Warszawa, PL",0,0
8214,C094,94.32,2025-10-16 09:30:16,"New York, US",0,0
4969,C078,452.67,2025-10-16 09:33:33,"Warszawa, PL",0,0
1450,C081,142.23,2025-10-16 09:33:56,"Warszawa, PL",0,0
1223,C013,1180.34,2025-10-16 09:36:36,"Warszawa, PL",0,0
8685,C054,452.56,2025-10-16 09:39:40,"Kraków, PL",0,0
5074,C032,1315.56,2025-10-16 09:41:57,"Kraków, PL",0,0
1891,C033,313.73,2025-10-16 09:46:06,"New York, US",1,0
4900,C024,408.78,2025-10-16 09:47:01,"Warszawa, PL",0,0
7938,C002,657.35,2025-10-16 09:50:25,"Kraków, PL",0,0
8013,C000,4594.05,2025-10-16 09:51:59,"Warszawa, PL",0,0
7174,C081,1931.02,2025-10-16 09:54:11,"Kraków, PL",0,0
9742,C014,580.12,2025-10-16 10:15:49,"London, UK",0,0
7913,C026,525.9,2025-10-16 10:27:42,"Kraków, PL",0,0
6857,C020,495.19,2025-10-16 10:29:13,"Kraków, PL",0,0
443,C024,614.46,2025-10-16 10:33:53,"Warszawa, PL",0,1
8969,C083,337.38,2025-10-16 10:34:10,"Kraków, PL",0,0
1631,C081,567.0,2025-10-16 10:36:14,"London, UK",0,0
6107,C076,1649.25,2025-10-16 10:39:20,"Kraków, PL",0,0
2342,C045,1652.91,2025-10-16 10:43:55,"New York, US",0,0
6293,C004,182.73,2025-10-16 10:47:49,"Warszawa, PL",0,0
6543,C022,510.5,2025-10-16 11:12:32,"New York, US",0,0
2537,C060,382.79,2025-10-16 11:19:34,"New York, US",0,0
193,C037,407.85,2025-10-16 11:21:41,"Kraków, PL",0,0
5013,C094,1606.48,2025-10-16 11:30:18,"Kraków, PL",0,0
8285,C084,193.72,2025-10-16 11:37:34,"New York, US",0,0
4487,C022,79.14,2025-10-16 11:37:54,"New York, US",0,0
2517,C010,2544.91,2025-10-16 11:39:07,"Kraków, PL",0,0
2679,C040,1595.49,2025-10-16 11:39:38,"London, UK",0,0
5994,C072,105.53,2025-10-16 11:46:27,"Kraków, PL",0,0
8055,C003,574.93,2025-10-16 12:02:00,"Kraków, PL",0,0
5822,C047,1637.06,2025-10-16 12:03:00,"New York, US",0,0
2332,C034,587.5,2025-10-16 12:05:57,"Warszawa, PL",0,0
3058,C069,24.64,2025-10-16 12:05:59,"Kraków, PL",0,0
1820,C093,146.92,2025-10-16 12:07:49,"London, UK",0,0
6710,C094,633.31,2025-10-16 12:12:53,"Kraków, PL",0,0
731,C020,266.45,2025-10-16 12:13:40,"London, UK",0,0
4171,C062,112.2,2025-10-16 12:20:19,"London, UK",0,0
799,C092,582.34,2025-10-16 12:22:39,"Warszawa, PL",0,0
3963,C041,4234.92,2025-10-16 12:25:05,"New York, US",0,0
4587,C034,705.26,2025-10-16 12:38:25,"Warszawa, PL",0,0
2082,C088,1664.28,2025-10-16 12:41:22,"London, UK",0,0
6475,C000,118.33,2025-10-16 12:42:56,"London, UK",0,1
9029,C087,282.68,2025-10-16 12:45:07,"London, UK",0,0
1646,C028,2080.28,2025-10-16 12:52:22,"Kraków, PL",0,0
6819,C057,259.07,2025-10-16 12:54:22,"Warszawa, PL",0,0
5334,C023,5029.97,2025-10-16 12:54:46,"Kraków, PL",0,0
5295,C092,239.53,2025-10-16 12:58:50,"Kraków, PL",0,0
7217,C067,204.86,2025-10-16 13:00:47,"Kraków, PL",0,0
3166,C050,5468.94,2025-10-16 13:03:26,"London, UK",0,0
5640,C049,30.05,2025-10-16 13:07:38,"Warszawa, PL",0,0
6229,C001,1976.62,2025-10-16 13:09:04,"Kraków, PL",0,0
7932,C038,56.14,2025-10-16 13:09:19,"Warszawa, PL",0,0
7205,C046,810.53,2025-10-16 13:11:45,"New York, US",0,1
8824,C019,1303.56,2025-10-16 13:14:06,"New York, US",0,0
9824,C028,118.47,2025-10-16 13:14:23,"London, UK",0,0
1190,C013,296.68,2025-10-16 13:16:24,"New York, US",0,1
3483,C040,409.78,2025-10-16 13:19:53,"Warszawa, PL",0,0
3165,C091,608.11,2025-10-16 13:20:02,"London, UK",0,0
4529,C019,291.74,2025-10-16 13:20:53,"London, UK",0,0
8967,C082,8877.0,2025-10-16 13:21:36,"Kraków, PL",0,0
5341,C066,833.27,2025-10-16 13:25:13,"Warszawa, PL",0,0
2813,C067,17.33,2025-10-16 13:25:20,"Warszawa, PL",0,1
1615,C022,372.38,2025-10-16 13:27:25,"London, UK",0,0
1341,C081,824.87,2025-10-16 13:30:35,"London, UK",0,0
578,C099,860.75,2025-10-16 13:32:44,"Kraków, PL",0,0
6618,C037,266.49,2025-10-16 13:42:07,"London, UK",0,0
6917,C096,1796.23,2025-10-16 13:45:28,"Kraków, PL",0,1
2615,C016,463.98,2025-10-16 13:48:07,"Warszawa, PL",0,0
3707,C065,2212.43,2025-10-16 13:53:30,"New York, US",0,0
4360,C038,4702.18,2025-10-16 13:55:52,"London, UK",0,0
7203,C008,104.78,2025-10-16 14:13:22,"Warszawa, PL",0,0
5874,C098,56.02,2025-10-16 14:22:44,"Kraków, PL",0,0
7762,C069,48.03,2025-10-16 14:31:21,"London, UK",0,0
7182,C063,117.85,2025-10-16 14:36:10,"Warszawa, PL",0,0
880,C024,1243.05,2025-10-16 14:47:41,"New York, US",0,1
1915,C025,441.6,2025-10-16 14:48:24,"Kraków, PL",0,0
5186,C056,3668.75,2025-10-16 14:56:27,"New York, US",0,0
4101,C082,438.63,2025-10-16 14:58:50,"Warszawa, PL",0,0
9202,C077,270.59,2025-10-16 14:59:50,"New York, US",0,0
9455,C080,120.5,2025-10-16 15:01:07,"New York, US",0,0
9930,C052,138.83,2025-10-16 15:28:44,"Kraków, PL",0,0
2862,C000,291.34,2025-10-16 15:29:43,"New York, US",0,0
1855,C012,24.28,2025-10-16 15:37:49,"Kraków, PL",1,0
1011,C092,290.0,2025-10-16 15:45:15,"London, UK",0,0
5545,C070,1164.58,2025-10-16 15:45:30,"London, UK",0,1
6894,C074,888.57,2025-10-16 15:50:54,"London, UK",0,0
5968,C044,1033.1,2025-10-16 15:52:20,"London, UK",0,0
6869,C018,11.88,2025-10-16 15:53:21,"Kraków, PL",0,0
7335,C087,222.29,2025-10-16 15:55:45,"Kraków, PL",0,0
2494,C087,619.25,2025-10-16 16:00:57,"Warszawa, PL",0,0
9337,C075,2566.83,2025-10-16 16:13:35,"Warszawa, PL",1,0
5772,C006,875.22,2025-10-16 16:16:54,"Kraków, PL",0,0
6325,C071,546.28,2025-10-16 16:18:45,"Warszawa, PL",0,0
6307,C060,18.52,2025-10-16 16:22:06,"London, UK",0,1
7016,C099,301.23,2025-10-16 16:34:51,"Kraków, PL",0,0
1823,C035,100.39,2025-10-16 16:38:34,"Kraków, PL",0,0
5754,C068,1774.54,2025-10-16 16:49:48,"London, UK",0,0
1556,C099,4459.0,2025-10-16 16:52:48,"Kraków, PL",0,0
5667,C061,219.68,2025-10-16 17:00:34,"London, UK",0,0
4437,C002,676.05,2025-10-16 17:13:23,"London, UK",0,0
691,C029,421.82,2025-10-16 17:17:02,"Warszawa, PL",0,0
7951,C023,2310.1,2025-10-16 17:20:50,"Warszawa, PL",0,0
694,C088,11.58,2025-10-16 17:22:41,"Warszawa, PL",0,0
1181,C040,208.81,2025-10-16 17:29:04,"New York, US",0,1
7619,C013,476.82,2025-10-16 17:39:28,"Warszawa, PL",0,0
8741,C053,330.53,2025-10-16 17:42:42,"Kraków, PL",0,0
3638,C007,7910.33,2025-10-16 17:43:42,"Kraków, PL",0,0
6321,C034,21.12,2025-10-16 17:51:31,"New York, US",0,0
6831,C044,95.63,2025-10-16 17:53:52,"Kraków, PL",0,1
4246,C087,246.61,2025-10-16 17:55:46,"New York, US",0,0
1360,C076,58.92,2025-10-16 17:58:41,"Warszawa, PL",0,0
3157,C054,524.07,2025-10-16 18:02:46,"Kraków, PL",0,0
9557,C004,1553.86,2025-10-16 18:08:00,"New York, US",0,0
6192,C077,56.24,2025-10-16 18:10:18,"New York, US",0,0
8682,C063,129.19,2025-10-16 18:38:18,"Warszawa, PL",0,0
8523,C022,775.71,2025-10-16 18:40:23,"London, UK",0,0
6622,C025,1064.52,2025-10-16 18:41:35,"New York, US",0,0
4759,C002,340.31,2025-10-16 18:44:43,"Kraków, PL",0,0
8517,C068,87.38,2025-10-16 18:48:52,"London, UK",0,0
4574,C006,748.0,2025-10-16 18:50:21,"Kraków, PL",0,0
9572,C018,748.2,2025-10-16 18:50:45,"London, UK",0,1
3422,C097,6.9,2025-10-16 18:50:49,"London, UK",0,0
201,C044,295.11,2025-10-16 18:51:03,"Kraków, PL",0,0
2185,C065,3344.34,2025-10-16 19:03:14,"New York, US",0,0
4242,C055,3288.43,2025-10-16 19:05:11,"Warszawa, PL",0,0
4656,C055,1874.1,2025-10-16 19:08:19,"Warszawa, PL",0,0
3927,C036,356.22,2025-10-16 19:19:14,"London, UK",0,0
7167,C061,289.47,2025-10-16 19:25:04,"Kraków, PL",0,0
1863,C049,337.9,2025-10-16 19:25:38,"Kraków, PL",0,0
9743,C022,267.88,2025-10-16 19:27:50,"Kraków, PL",0,0
7042,C095,42.3,2025-10-16 19:37:24,"Warszawa, PL",0,0
7086,C012,60.97,2025-10-16 19:39:03,"Warszawa, PL",0,0
2399,C025,115.55,2025-10-16 19:39:53,"Kraków, PL",0,0
7274,C089,578.84,2025-10-16 19:40:43,"New York, US",0,0
249,C022,190.24,2025-10-16 19:53:08,"Kraków, PL",0,0
6909,C071,236.1,2025-10-16 19:57:40,"London, UK",0,1
3021,C067,1479.72,2025-10-16 20:07:11,"London, UK",0,0
9765,C096,36.34,2025-10-16 20:12:00,"London, UK",0,0
7624,C045,946.71,2025-10-16 20:13:26,"Kraków, PL",0,0
5453,C042,149.32,2025-10-16 20:18:00,"London, UK",0,0
2052,C001,1199.82,2025-10-16 20:21:47,"New York, US",0,0
4961,C079,155.67,2025-10-16 20:25:26,"Warszawa, PL",0,0
9548,C023,173.83,2025-10-16 20:28:09,"New York, US",0,0
963,C058,686.2,2025-10-16 20:28:37,"Kraków, PL",0,0
4102,C019,173.63,2025-10-16 20:28:46,"Kraków, PL",0,0
495,C066,20.51,2025-10-16 20:29:21,"New York, US",0,0
8787,C018,1161.7,2025-10-16 20:35:43,"London, UK",0,0
3564,C098,1169.9,2025-10-16 20:42:35,"London, UK",0,1
5577,C001,466.3,2025-10-16 20:52:17,"Warszawa, PL",0,0
1523,C082,8093.5,2025-10-16 20:54:49,"Warszawa, PL",0,0
15,C013,13822.43,2025-10-16 21:05:04,"Kraków, PL",0,0
1246,C092,162.24,2025-10-16 21:15:51,"London, UK",0,1
7648,C001,296.66,2025-10-16 21:19:58,"Kraków, PL",0,0
6583,C015,344.49,2025-10-16 21:21:25,"New York, US",0,0
3186,C023,866.63,2025-10-16 21:21:32,"New York, US",0,1
8322,C095,113.82,2025-10-16 21:21:50,"Warszawa, PL",0,0
1462,C035,270.52,2025-10-16 21:23:24,"Warszawa, PL",0,1
688,C059,750.02,2025-10-16 21:29:11,"London, UK",0,0
4007,C024,303.06,2025-10-16 21:29:22,"New York, US",0,0
2260,C015,79.2,2025-10-16 21:29:56,"New York, US",0,0
7759,C076,533.2,2025-10-16 21:30:51,"Warszawa, PL",0,0
2049,C007,979.79,2025-10-16 21:32:53,"New York, US",0,0
9443,C089,10.77,2025-10-16 21:35:24,"Warszawa, PL",0,0
4173,C065,18.88,2025-10-16 21:36:40,"New York, US",0,0
93,C036,2080.7,2025-10-16 21:41:24,"London, UK",0,0
3958,C046,265.3,2025-10-16 21:42:11,"Warszawa, PL",0,0
9131,C068,426.33,2025-10-16 21:49:24,"Kraków, PL",0,0
9390,C049,76.17,2025-10-16 21:49:34,"London, UK",0,0
7398,C078,2793.46,2025-10-16 22:00:36,"Kraków, PL",0,0
3699,C054,1647.01,2025-10-16 22:01:30,"London, UK",0,0
5126,C043,1374.91,2025-10-16 22:02:01,"Warszawa, PL",0,0
1479,C071,7.76,2025-10-16 22:04:52,"Kraków, PL",0,0
2461,C084,440.24,2025-10-16 22:07:21,"London, UK",0,0
8243,C056,612.53,2025-10-16 22:12:32,"New York, US",0,0
6571,C017,933.07,2025-10-16 22:19:26,"New York, US",0,0
6124,C043,58.72,2025-10-16 22:19:36,"Warszawa, PL",0,0
3223,C020,654.13,2025-10-16 22:20:31,"Kraków, PL",0,0
7946,C004,173.09,2025-10-16 22:23:56,"New York, US",0,0
6974,C085,1857.23,2025-10-16 22:33:11,"New York, US",0,0
6968,C089,765.18,2025-10-16 22:38:53,"London, UK",0,0
9767,C030,1750.97,2025-10-16 22:40:00,"Warszawa, PL",0,0
4455,C058,117.85,2025-10-16 22:40:55,"London, UK",1,1
494,C007,15.23,2025-10-16 22:41:01,"Kraków, PL",0,0
5529,C058,512.23,2025-10-16 22:43:14,"London, UK",0,0
9467,C057,396.95,2025-10-16 22:47:19,"Kraków, PL",0,0
4395,C004,239.12,2025-10-16 22:50:42,"New York, US",0,0
2798,C019,1939.62,2025-10-16 23:01:59,"New York, US",0,0
835,C031,1353.91,2025-10-16 23:03:55,"London, UK",1,0
9398,C040,337.01,2025-10-16 23:21:44,"Kraków, PL",0,1
682,C077,1641.7,2025-10-16 23:23:51,"Warszawa, PL",0,0
7524,C003,423.5,2025-10-16 23:30:01,"London, UK",0,1
7112,C049,136.02,2025-10-16 23:33:37,"Warszawa, PL",0,0
6389,C018,822.34,2025-10-16 23:40:30,"London, UK",0,0
9284,C030,1663.94,2025-10-16 23:56:39,"Kraków, PL",0,0
7844,C036,186.86,2025-10-16 23:58:26,"London, UK",0,0
1813,C008,511.01,2025-10-17 00:07:14,"New York, US",0,0
3333,C099,1198.77,2025-10-17 00:13:33,"Warszawa, PL",0,0
6470,C014,2258.78,2025-10-17 00:17:23,"Kraków, PL",0,0
1633,C050,938.1,2025-10-17 00:24:37,"London, UK",0,0
4773,C019,1617.56,2025-10-17 00:27:36,"London, UK",0,0
2101,C003,78.63,2025-10-17 00:28:15,"Kraków, PL",0,0
2400,C075,1926.95,2025-10-17 00:29:50,"New York, US",0,0
8727,C012,389.31,2025-10-17 00:36:26,"Kraków, PL",0,0
8629,C053,565.67,2025-10-17 00:39:47,"New York, US",0,0
4004,C072,1679.07,2025-10-17 00:42:40,"Warszawa, PL",0,0
3598,C054,140.85,2025-10-17 00:52:37,"New York, US",0,0
2257,C087,199.39,2025-10-17 00:54:12,"London, UK",0,0
8544,C057,23.0,2025-10-17 00:54:57,"Kraków, PL",0,0
1670,C078,39.15,2025-10-17 00:57:22,"Kraków, PL",0,0
3911,C081,185.99,2025-10-17 01:09:35,"Kraków, PL",0,0
7542,C006,2175.68,2025-10-17 01:12:08,"New York, US",0,0
6728,C075,535.35,2025-10-17 01:13:40,"Kraków, PL",0,0
1488,C028,311.18,2025-10-17 01:16:00,"New York, US",0,0
7630,C082,361.14,2025-10-17 01:18:37,"London, UK",0,0
1613,C074,443.91,2025-10-17 01:23:30,"Warszawa, PL",0,0
594,C085,161.03,2025-10-17 01:29:17,"Kraków, PL",0,0
6822,C093,230.18,2025-10-17 01:30:47,"New York, US",0,0
4721,C080,5610.49,2025-10-17 01:31:26,"London, UK",0,0
2958,C078,487.88,2025-10-17 01:34:40,"Warszawa, PL",0,0
7993,C081,131.28,2025-10-17 01:42:28,"London, UK",0,0
4965,C017,120.16,2025-10-17 01:43:00,"London, UK",0,0
846,C072,793.66,2025-10-17 01:47:56,"Warszawa, PL",0,0
7130,C090,753.4,2025-10-17 01:51:38,"London, UK",0,0
1767,C049,357.46,2025-10-17 01:52:07,"London, UK",0,0
7805,C008,104.63,2025-10-17 01:56:51,"New York, US",0,0
7212,C071,53.51,2025-10-17 02:03:35,"Warszawa, PL",0,0
9511,C055,35.8,2025-10-17 02:05:32,"New York, US",0,0
6115,C061,202.38,2025-10-17 02:07:08,"New York, US",0,1
7658,C063,476.24,2025-10-17 02:11:11,"London, UK",0,0
4272,C087,205.74,2025-10-17 02:20:03,"London, UK",0,0
3854,C094,21.23,2025-10-17 02:20:13,"London, UK",0,0
9451,C035,49.35,2025-10-17 02:24:31,"Warszawa, PL",0,1
3804,C014,272.9,2025-10-17 02:26:06,"Warszawa, PL",0,0
1361,C023,121.61,2025-10-17 02:26:23,"New York, US",0,0
2993,C013,573.6,2025-10-17 02:29:14,"Kraków, PL",0,0
4737,C035,1475.26,2025-10-17 02:36:08,"Kraków, PL",0,1
8099,C005,3726.1,2025-10-17 02:44:33,"New York, US",0,0
5124,C022,5233.81,2025-10-17 03:00:19,"New York, US",0,0
3529,C048,308.88,2025-10-17 03:00:24,"New York, US",0,0
4665,C035,198.77,2025-10-17 03:00:26,"Warszawa, PL",0,1
1832,C083,850.24,2025-10-17 03:06:21,"New York, US",0,0
9602,C000,108.7,2025-10-17 03:07:07,"New York, US",0,0
2100,C081,255.71,2025-10-17 03:09:08,"Kraków, PL",0,0
9629,C071,218.71,2025-10-17 03:10:03,"New York, US",0,1
4674,C045,158.86,2025-10-17 03:14:35,"New York, US",0,0
5825,C062,3141.28,2025-10-17 03:20:33,"New York, US",0,0
1755,C006,173.04,2025-10-17 03:26:56,"London, UK",0,1
8145,C064,2878.46,2025-10-17 03:29:11,"New York, US",0,0
3190,C016,471.71,2025-10-17 03:29:15,"Warszawa, PL",0,0
1017,C069,2500.96,2025-10-17 03:33:03,"Kraków, PL",0,0
4538,C011,106.71,2025-10-17 03:37:24,"Warszawa, PL",0,0
6202,C094,23662.59,2025-10-17 03:43:17,"New York, US",0,0
3491,C036,961.23,2025-10-17 03:44:11,"Kraków, PL",0,0
7048,C089,2980.84,2025-10-17 03:47:23,"New York, US",0,0
9890,C015,148.88,2025-10-17 03:47:48,"London, UK",0,0
5267,C064,2713.37,2025-10-17 03:56:39,"Kraków, PL",0,0
2935,C085,682.71,2025-10-17 03:57:39,"Kraków, PL",0,0
5586,C014,486.85,2025-10-17 03:57:49,"London, UK",0,0
7751,C084,2043.73,2025-10-17 04:02:26,"Warszawa, PL",0,1
8734,C021,2318.48,2025-10-17 04:08:55,"Kraków, PL",0,0
9152,C088,461.07,2025-10-17 04:09:45,"New York, US",0,0
5061,C096,123.67,2025-10-17 04:11:19,"New York, US",0,0
1319,C096,319.53,2025-10-17 04:15:21,"Warszawa, PL",0,0
7529,C041,692.24,2025-10-17 04:23:23,"Warszawa, PL",0,0
9969,C003,297.1,2025-10-17 04:24:05,"Kraków, PL",0,0
7090,C002,1322.17,2025-10-17 04:27:49,"Warszawa, PL",0,0
3592,C080,1047.32,2025-10-17 04:30:22,"Warszawa, PL",0,0
5491,C056,594.14,2025-10-17 04:31:31,"Kraków, PL",0,0
3164,C094,212.79,2025-10-17 04:32:54,"New York, US",0,0
4583,C013,1240.66,2025-10-17 04:35:23,"Kraków, PL",0,0
9000,C065,771.22,2025-10-17 04:42:36,"Warszawa, PL",0,0
8543,C086,36.47,2025-10-17 04:43:08,"Kraków, PL",0,0
9049,C000,1305.48,2025-10-17 04:44:54,"London, UK",0,1
1551,C020,1124.74,2025-10-17 04:53:55,"New York, US",0,0
3840,C029,4494.0,2025-10-17 04:56:22,"London, UK",0,0
7976,C042,11821.07,2025-10-17 05:01:59,"Kraków, PL",0,0
4089,C064,188.08,2025-10-17 05:05:08,"New York, US",0,0
3000,C075,869.21,2025-10-17 05:10:29,"London, UK",0,1
7237,C022,937.13,2025-10-17 05:11:00,"Warszawa, PL",0,0
5673,C099,359.15,2025-10-17 05:11:50,"Warszawa, PL",0,0
6674,C084,34.9,2025-10-17 05:22:31,"Kraków, PL",0,0
564,C096,83.43,2025-10-17 05:28:03,"London, UK",0,0
6792,C022,13633.54,2025-10-17 05:37:55,"London, UK",0,0
256,C038,477.08,2025-10-17 05:39:31,"New York, US",0,0
7374,C022,138.0,2025-10-17 05:43:10,"Warszawa, PL",0,0
8914,C076,430.97,2025-10-17 05:51:22,"Warszawa, PL",1,1
6205,C030,767.13,2025-10-17 05:57:27,"Warszawa, PL",0,0
6913,C020,589.99,2025-10-17 06:06:49,"Warszawa, PL",0,0
6773,C007,376.29,2025-10-17 06:13:23,"London, UK",0,0
2731,C041,1756.38,2025-10-17 06:23:15,"London, UK",0,0
2499,C094,32.98,2025-10-17 06:27:10,"Kraków, PL",0,0
4275,C047,539.28,2025-10-17 06:27:37,"Warszawa, PL",0,0
7992,C049,4020.04,2025-10-17 06:46:17,"Warszawa, PL",0,0
4598,C032,1697.03,2025-10-17 06:49:08,"Kraków, PL",0,1
7773,C098,290.27,2025-10-17 06:50:24,"Warszawa, PL",0,0
9263,C035,199.65,2025-10-17 06:53:18,"London, UK",0,0
4882,C096,107.97,2025-10-17 06:58:13,"New York, US",0,0
4058,C081,66.02,2025-10-17 06:58:36,"London, UK",0,0
481,C041,591.85,2025-10-17 07:07:26,"Kraków, PL",0,1
5485,C087,738.03,2025-10-17 07:07:28,"London, UK",0,0
2675,C014,147.18,2025-10-17 07:09:08,"Kraków, PL",0,1
9737,C017,1267.87,2025-10-17 07:13:00,"New York, US",0,0
7127,C035,434.01,2025-10-17 07:14:01,"London, UK",0,1
3574,C031,267.53,2025-10-17 07:15:48,"Warszawa, PL",0,0
8372,C079,323.25,2025-10-17 07:23:06,"London, UK",0,0
5344,C088,207.65,2025-10-17 07:24:46,"Warszawa, PL",0,0
3672,C033,417.97,2025-10-17 07:35:01,"New York, US",0,0
9392,C015,419.29,2025-10-17 07:42:14,"New York, US",0,0
3230,C049,147.46,2025-10-17 07:45:48,"New York, US",0,0
3400,C007,567.71,2025-10-17 07:49:12,"Warszawa, PL",0,0
557,C022,75.75,2025-10-17 07:51:21,"London, UK",0,1
9214,C001,467.07,2025-10-17 08:08:21,"Kraków, PL",0,0
2436,C065,1340.37,2025-10-17 08:14:29,"Warszawa, PL",0,0
1354,C049,2321.76,2025-10-17 08:21:35,"London, UK",0,0
1455,C035,187.45,2025-10-17 08:26:22,"London, UK",0,1
6195,C061,776.42,2025-10-17 08:27:27,"Warszawa, PL",0,1
2240,C029,652.34,2025-10-17 08:40:03,"New York, US",0,0
3768,C062,760.25,2025-10-17 08:41:19,"London, UK",0,0
3696,C024,2130.8,2025-10-17 08:44:11,"London, UK",0,0
768,C012,853.05,2025-10-17 08:50:26,"Kraków, PL",0,0
6866,C062,167.53,2025-10-17 08:54:27,"Warszawa, PL",0,0
8591,C071,1712.96,2025-10-17 08:55:03,"London, UK",0,0
1871,C042,126.08,2025-10-17 08:55:47,"London, UK",0,0
3515,C090,341.6,2025-10-17 09:01:42,"Warszawa, PL",0,0
6043,C088,12864.25,2025-10-17 09:04:11,"Kraków, PL",0,0
8860,C046,596.09,2025-10-17 09:15:03,"London, UK",0,0
3712,C073,159.03,2025-10-17 09:27:08,"New York, US",0,0
8433,C077,72.81,2025-10-17 09:29:37,"Warszawa, PL",0,0
8524,C056,31.32,2025-10-17 09:29:50,"Kraków, PL",0,0
401,C018,822.58,2025-10-17 09:44:30,"London, UK",0,0
9540,C035,303.74,2025-10-17 09:46:00,"London, UK",0,0
3199,C090,465.88,2025-10-17 09:50:19,"Kraków, PL",0,0
9826,C006,260.24,2025-10-17 09:56:17,"New York, US",0,0
2487,C008,560.02,2025-10-17 10:01:45,"Kraków, PL",0,1
9768,C029,25.1,2025-10-17 10:04:40,"Kraków, PL",0,0
5067,C080,596.36,2025-10-17 10:06:23,"Warszawa, PL",0,0
453,C065,311.43,2025-10-17 10:07:11,"Warszawa, PL",0,0
2920,C042,576.57,2025-10-17 10:12:02,"New York, US",0,0
8241,C027,327.5,2025-10-17 10:12:53,"London, UK",0,0
5441,C025,881.4,2025-10-17 10:14:07,"London, UK",0,0
5122,C062,28.63,2025-10-17 10:19:49,"New York, US",0,0
2377,C048,1424.63,2025-10-17 10:23:13,"London, UK",0,0
3795,C078,249.6,2025-10-17 10:28:05,"Warszawa, PL",0,0
69,C076,1034.69,2025-10-17 10:30:43,"London, UK",0,0
980,C030,414.45,2025-10-17 10:31:13,"New York, US",0,0
7103,C037,799.6,2025-10-17 10:40:54,"Warszawa, PL",0,0
7278,C077,772.89,2025-10-17 10:41:18,"London, UK",0,0
6066,C017,961.1,2025-10-17 10:42:29,"London, UK",0,0
8274,C075,510.9,2025-10-17 10:42:54,"Kraków, PL",0,1
916,C069,150.3,2025-10-17 10:57:45,"Kraków, PL",0,0
2633,C068,1589.0,2025-10-17 11:01:33,"Warszawa, PL",0,0
4422,C037,99.31,2025-10-17 11:01:49,"London, UK",0,0
9235,C046,96.06,2025-10-17 11:03:59,"Kraków, PL",0,0
4452,C040,222.51,2025-10-17 11:06:57,"Kraków, PL",0,0
3584,C028,532.89,2025-10-17 11:07:30,"New York, US",0,0
2268,C041,265.22,2025-10-17 11:08:21,"Kraków, PL",0,0
9276,C014,305.31,2025-10-17 11:10:45,"London, UK",0,0
6193,C072,403.2,2025-10-17 11:24:54,"Kraków, PL",0,0
8730,C073,303.24,2025-10-17 11:31:08,"Kraków, PL",0,0
2782,C044,297.46,2025-10-17 11:33:28,"London, UK",0,0
2672,C016,1229.15,2025-10-17 11:36:51,"New York, US",0,0
9254,C025,405.44,2025-10-17 11:54:58,"Kraków, PL",0,0
2584,C074,15.82,2025-10-17 11:58:11,"Kraków, PL",0,0
1268,C096,1132.42,2025-10-17 12:01:38,"London, UK",0,0
3941,C035,754.12,2025-10-17 12:06:41,"London, UK",0,1
9400,C012,293.46,2025-10-17 12:08:22,"Warszawa, PL",0,0
7599,C042,436.36,2025-10-17 12:10:52,"New York, US",0,0
3801,C022,189.99,2025-10-17 12:12:46,"Kraków, PL",0,0
3797,C056,111.84,2025-10-17 12:20:48,"Warszawa, PL",0,0
6164,C002,36.99,2025-10-17 12:31:07,"Kraków, PL",0,0
8132,C004,103.54,2025-10-17 12:34:07,"Kraków, PL",0,0
2298,C063,1131.65,2025-10-17 12:50:19,"London, UK",0,0
5185,C042,315.96,2025-10-17 12:53:22,"New York, US",0,0
713,C009,2568.99,2025-10-17 12:55:32,"New York, US",0,0
7171,C014,197.53,2025-10-17 12:55:37,"New York, US",0,0
9733,C043,322.13,2025-10-17 13:03:23,"Warszawa, PL",0,1
1416,C043,96.75,2025-10-17 13:05:23,"New York, US",0,1
4229,C085,14.67,2025-10-17 13:10:53,"Kraków, PL",0,0
2987,C072,474.32,2025-10-17 13:18:43,"Warszawa, PL",0,0
9268,C098,98.95,2025-10-17 13:23:50,"New York, US",0,0
2881,C038,1141.89,2025-10-17 13:25:10,"London, UK",0,1
1967,C067,119.0,2025-10-17 13:30:09,"London, UK",0,0
2572,C093,32.41,2025-10-17 13:42:31,"Warszawa, PL",0,0
2066,C077,558.22,2025-10-17 13:43:49,"Warszawa, PL",0,0
878,C066,2477.56,2025-10-17 13:46:19,"Kraków, PL",0,1
6282,C053,1369.19,2025-10-17 13:48:25,"Warszawa, PL",0,0
3880,C005,1250.24,2025-10-17 13:48:48,"Kraków, PL",0,0
8993,C090,235.78,2025-10-17 13:52:45,"Warszawa, PL",0,0
9924,C054,505.6,2025-10-17 13:54:11,"London, UK",0,0
4843,C087,574.3,2025-10-17 13:55:17,"New York, US",0,0
9195,C049,443.89,2025-10-17 14:10:13,"New York, US",0,0
8916,C029,75.44,2025-10-17 14:13:08,"Warszawa, PL",0,1
4306,C059,2125.53,2025-10-17 14:14:59,"Kraków, PL",0,1
3335,C002,3835.8,2025-10-17 14:16:00,"Warszawa, PL",0,0
708,C036,1454.92,2025-10-17 14:21:21,"London, UK",0,0
7128,C075,131.41,2025-10-17 14:23:33,"London, UK",1,0
4579,C012,1696.52,2025-10-17 14:30:11,"London, UK",0,0
6265,C031,44.56,2025-10-17 14:30:23,"Kraków, PL",0,0
3496,C037,20.22,2025-10-17 14:31:30,"Kraków, PL",0,0
209,C033,989.41,2025-10-17 14:35:20,"Kraków, PL",0,1
8837,C082,723.83,2025-10-17 14:37:40,"London, UK",0,0
1538,C063,244.92,2025-10-17 14:38:13,"Warszawa, PL",0,1
2441,C082,421.01,2025-10-17 14:38:53,"Warszawa, PL",0,0
6181,C004,254.24,2025-10-17 14:48:28,"New York, US",0,0
133,C023,39.51,2025-10-17 14:49:42,"Kraków, PL",0,0
9753,C051,370.06,2025-10-17 14:50:53,"New York, US",0,0
7560,C059,667.68,2025-10-17 14:52:26,"Kraków, PL",0,0
5108,C043,429.24,2025-10-17 14:52:57,"Warszawa, PL",0,1
9660,C062,2783.84,2025-10-17 14:55:32,"New York, US",0,0
4639,C055,400.62,2025-10-17 14:55:38,"Kraków, PL",0,0
3757,C052,4.94,2025-10-17 15:11:22,"Warszawa, PL",0,0
6225,C017,804.31,2025-10-17 15:12:37,"New York, US",0,0
9241,C010,114.48,2025-10-17 15:20:36,"New York, US",0,0
266,C095,381.49,2025-10-17 15:25:23,"New York, US",0,0
2303,C060,307.08,2025-10-17 15:25:47,"New York, US",0,0
1678,C012,3279.49,2025-10-17 15:26:34,"Warszawa, PL",0,0
3504,C033,198.07,2025-10-17 15:30:38,"New York, US",0,0
1792,C085,145.05,2025-10-17 15:30:52,"Kraków, PL",0,0
4363,C002,190.81,2025-10-17 15:33:15,"New York, US",0,0
7201,C053,790.32,2025-10-17 15:34:23,"New York, US",0,0
9655,C065,95.28,2025-10-17 16:09:05,"Warszawa, PL",0,0
506,C074,560.68,2025-10-17 16:13:03,"Kraków, PL",0,0
760,C021,851.35,2025-10-17 16:14:01,"London, UK",1,0
1152,C052,572.86,2025-10-17 16:27:06,"Warszawa, PL",0,0
4827,C074,2027.49,2025-10-17 16:27:31,"Kraków, PL",0,0
5541,C007,1019.98,2025-10-17 16:30:53,"New York, US",0,0
5019,C018,13.83,2025-10-17 16:32:40,"Kraków, PL",0,0
2963,C067,94.43,2025-10-17 16:33:56,"Kraków, PL",0,0
4194,C055,302.75,2025-10-17 16:35:37,"Warszawa, PL",0,0
4569,C034,2337.72,2025-10-17 16:38:47,"New York, US",0,0
3961,C010,616.04,2025-10-17 16:46:50,"Kraków, PL",0,1
2886,C058,140.34,2025-10-17 16:48:34,"New York, US",0,0
8378,C002,2439.29,2025-10-17 16:49:59,"Warszawa, PL",0,1
5072,C072,474.76,2025-10-17 16:52:59,"Warszawa, PL",0,0
3742,C039,321.5,2025-10-17 16:56:02,"Warszawa, PL",0,0
9829,C017,5209.85,2025-10-17 16:58:58,"Warszawa, PL",0,0
1483,C098,453.01,2025-10-17 16:59:10,"New York, US",0,1
5225,C045,3417.53,2025-10-17 17:00:35,"New York, US",0,0
5486,C069,569.15,2025-10-17 17:16:39,"London, UK",0,0
7474,C057,807.58,2025-10-17 17:18:20,"Warszawa, PL",0,0
8323,C014,933.8,2025-10-17 17:19:45,"London, UK",0,0
7870,C025,241.82,2025-10-17 17:21:46,"New York, US",0,0
5329,C008,121.75,2025-10-17 17:26:31,"Warszawa, PL",0,0
9814,C079,25.75,2025-10-17 17:26:40,"Kraków, PL",0,1
1717,C026,243.79,2025-10-17 17:29:58,"Kraków, PL",0,0
8638,C055,289.98,2025-10-17 17:31:17,"London, UK",0,0
7879,C099,533.84,2025-10-17 17:32:23,"New York, US",0,0
2174,C049,59.4,2025-10-17 17:37:46,"Kraków, PL",0,1
3619,C099,371.55,2025-10-17 17:38:01,"Warszawa, PL",0,0
7830,C053,27.57,2025-10-17 17:41:12,"Kraków, PL",0,0
8539,C075,7616.41,2025-10-17 17:42:23,"Kraków, PL",0,0
5361,C028,816.51,2025-10-17 17:48:00,"Kraków, PL",0,0
6399,C073,712.47,2025-10-17 17:58:07,"New York, US",0,0
6739,C047,237.38,2025-10-17 17:59:26,"Kraków, PL",0,0
8217,C010,747.38,2025-10-17 18:09:12,"Warszawa, PL",0,0
3117,C013,2759.06,2025-10-17 18:10:33,"London, UK",0,0
8938,C032,901.4,2025-10-17 18:12:16,"New York, US",0,0
2701,C088,359.17,2025-10-17 18:19:56,"Warszawa, PL",0,0
4268,C041,47.38,2025-10-17 18:30:09,"Warszawa, PL",0,0
4164,C029,113.19,2025-10-17 18:39:13,"Warszawa, PL",0,0
9020,C005,303.44,2025-10-17 18:42:31,"Warszawa, PL",0,0
6642,C017,1035.77,2025-10-17 18:43:38,"New York, US",0,0
8671,C008,3700.85,2025-10-17 18:47:00,"London, UK",0,0
2842,C022,154.17,2025-10-17 18:48:07,"Warszawa, PL",1,0
976,C032,11332.13,2025-10-17 18:58:38,"New York, US",0,0
6665,C012,165.23,2025-10-17 18:59:26,"New York, US",0,1
1035,C056,508.15,2025-10-17 19:00:53,"Warszawa, PL",0,0
7175,C053,303.39,2025-10-17 19:01:53,"Kraków, PL",0,0
4815,C032,226.72,2025-10-17 19:03:34,"London, UK",0,0
190,C046,1207.75,2025-10-17 19:04:03,"New York, US",0,0
1490,C078,1359.48,2025-10-17 19:06:06,"Warszawa, PL",0,0
4667,C002,181.08,2025-10-17 19:06:29,"New York, US",0,0
1368,C031,13.17,2025-10-17 19:06:35,"New York, US",0,0
2660,C068,223.2,2025-10-17 19:06:54,"London, UK",0,0
593,C075,416.34,2025-10-17 19:07:50,"Warszawa, PL",0,1
92,C045,123.48,2025-10-17 19:17:15,"New York, US",0,1
8205,C067,661.74,2025-10-17 19:17:17,"Warszawa, PL",0,0
6737,C032,101.68,2025-10-17 19:26:08,"Kraków, PL",0,0
8575,C041,73.28,2025-10-17 19:36:54,"Warszawa, PL",0,0
440,C045,239.41,2025-10-17 19:51:41,"New York, US",0,0
5740,C030,24.03,2025-10-17 19:55:57,"London, UK",0,0
4472,C015,37.56,2025-10-17 20:00:55,"London, UK",0,0
9073,C022,124.56,2025-10-17 20:05:12,"Kraków, PL",0,0
1322,C043,58.42,2025-10-17 20:05:41,"London, UK",0,0
2682,C044,25.54,2025-10-17 20:10:30,"London, UK",0,0
4844,C060,29.97,2025-10-17 20:19:45,"Kraków, PL",0,0
9680,C006,168.86,2025-10-17 20:20:19,"Kraków, PL",0,0
1996,C025,116.32,2025-10-17 20:25:07,"Kraków, PL",0,0
3641,C074,274.32,2025-10-17 20:26:03,"London, UK",0,0
2328,C048,262.31,2025-10-17 20:26:15,"London, UK",0,0
7952,C088,332.07,2025-10-17 20:28:44,"Warszawa, PL",0,0
3456,C094,243.88,2025-10-17 20:30:14,"Warszawa, PL",0,0
354,C039,1948.04,2025-10-17 20:31:05,"London, UK",0,0
5991,C091,759.13,2025-10-17 20:32:05,"London, UK",0,0
4513,C001,210.11,2025-10-17 20:33:20,"New York, US",0,0
9662,C065,78.61,2025-10-17 20:34:46,"New York, US",1,0
9099,C094,1048.0,2025-10-17 20:34:47,"New York, US",0,0
649,C080,606.29,2025-10-17 20:35:17,"New York, US",0,0
4410,C032,44.4,2025-10-17 20:38:18,"Kraków, PL",0,0
7867,C080,677.04,2025-10-17 20:41:39,"Warszawa, PL",0,0
4364,C086,881.67,2025-10-17 20:43:08,"Warszawa, PL",0,0
1786,C068,127.69,2025-10-17 20:45:21,"New York, US",0,0
4399,C063,1040.0,2025-10-17 20:48:00,"Kraków, PL",0,0
7489,C040,315.06,2025-10-17 20:50:10,"New York, US",0,0
3343,C012,5219.97,2025-10-17 20:50:49,"Kraków, PL",0,0
1867,C088,109.94,2025-10-17 20:54:48,"New York, US",0,0
4026,C047,181.81,2025-10-17 20:54:52,"New York, US",0,0
8950,C036,289.34,2025-10-17 20:57:00,"Kraków, PL",0,1
2950,C026,3133.29,2025-10-17 21:00:43,"Kraków, PL",0,0
4035,C063,1542.16,2025-10-17 21:01:08,"Kraków, PL",0,0
4728,C041,2301.86,2025-10-17 21:15:38,"Warszawa, PL",0,0
6768,C082,3178.61,2025-10-17 21:16:43,"Warszawa, PL",0,0
740,C039,547.11,2025-10-17 21:24:02,"New York, US",0,1
3006,C065,28.0,2025-10-17 21:24:25,"New York, US",0,0
9167,C022,175.53,2025-10-17 21:27:08,"Warszawa, PL",0,0
251,C095,371.15,2025-10-17 21:30:58,"Warszawa, PL",0,0
2684,C031,1371.24,2025-10-17 21:32:30,"London, UK",1,0
3372,C036,308.06,2025-10-17 21:39:29,"Kraków, PL",0,0
6320,C010,202.12,2025-10-17 21:39:55,"London, UK",0,0
5714,C052,920.18,2025-10-17 21:42:50,"New York, US",0,1
8900,C016,1287.95,2025-10-17 21:46:02,"Warszawa, PL",0,0
2406,C075,1062.88,2025-10-17 21:52:51,"Kraków, PL",0,0
8846,C045,42.07,2025-10-17 22:03:48,"Warszawa, PL",0,1
1143,C040,134.56,2025-10-17 22:07:00,"Kraków, PL",0,0
9706,C048,28.2,2025-10-17 22:21:16,"New York, US",0,1
3321,C083,66.12,2025-10-17 22:36:46,"Warszawa, PL",0,0
9907,C029,37.14,2025-10-17 22:37:05,"New York, US",0,0
4917,C062,427.13,2025-10-17 22:38:22,"New York, US",0,0
2279,C012,4761.57,2025-10-17 22:38:29,"New York, US",0,1
5115,C076,7633.36,2025-10-17 22:40:21,"London, UK",0,0
2613,C049,262.45,2025-10-17 22:44:56,"Warszawa, PL",0,0
3184,C034,1040.76,2025-10-17 22:51:56,"London, UK",0,0
2797,C084,618.36,2025-10-17 23:01:53,"New York, US",0,0
8646,C034,733.52,2025-10-17 23:07:06,"New York, US",0,0
173,C075,370.44,2025-10-17 23:10:48,"Warszawa, PL",0,0
6142,C052,101.49,2025-10-17 23:16:27,"London, UK",0,0
8423,C078,7111.22,2025-10-17 23:24:22,"Warszawa, PL",0,0
3183,C008,46.02,2025-10-17 23:24:29,"New York, US",0,0
6918,C060,1514.1,2025-10-17 23:25:08,"Warszawa, PL",0,1
5016,C095,106.16,2025-10-17 23:25:55,"Warszawa, PL",0,0
844,C000,153.39,2025-10-17 23:34:26,"London, UK",0,0
8518,C061,449.59,2025-10-17 23:34:58,"Kraków, PL",0,0
6846,C086,1335.37,2025-10-17 23:36:34,"Warszawa, PL",0,0
3073,C067,293.36,2025-10-17 23:37:14,"Kraków, PL",0,0
8216,C070,1269.87,2025-10-17 23:46:49,"Warszawa, PL",0,0
6485,C011,2622.82,2025-10-17 23:51:42,"Warszawa, PL",0,0
2582,C007,365.37,2025-10-17 23:57:38,"New York, US",0,0
2845,C009,288.14,2025-10-18 00:01:04,"London, UK",0,0
3792,C085,94.84,2025-10-18 00:01:59,"New York, US",0,1
3833,C005,775.76,2025-10-18 00:03:36,"New York, US",0,0
3709,C018,12196.72,2025-10-18 00:05:16,"London, UK",0,0
2626,C058,247.93,2025-10-18 00:12:13,"Kraków, PL",0,0
8164,C054,4500.34,2025-10-18 00:13:50,"Warszawa, PL",0,0
4633,C096,930.81,2025-10-18 00:17:59,"Warszawa, PL",0,0
2758,C052,1235.95,2025-10-18 00:19:25,"Kraków, PL",0,0
6294,C054,601.51,2025-10-18 00:24:40,"Warszawa, PL",0,0
8896,C067,252.45,2025-10-18 00:25:27,"New York, US",0,0
3020,C082,216.45,2025-10-18 00:26:23,"Kraków, PL",1,0
8410,C010,1693.28,2025-10-18 00:32:26,"Warszawa, PL",0,0
6906,C038,384.51,2025-10-18 00:36:57,"Warszawa, PL",0,0
5093,C050,118.88,2025-10-18 00:43:26,"Warszawa, PL",0,0
3356,C002,853.61,2025-10-18 00:57:03,"Kraków, PL",0,0
954,C056,1232.8,2025-10-18 01:03:49,"New York, US",0,0
2769,C008,319.33,2025-10-18 01:05:18,"Kraków, PL",0,0
397,C021,123.4,2025-10-18 01:14:39,"London, UK",0,0
927,C021,2355.57,2025-10-18 01:28:53,"Kraków, PL",0,0
3838,C042,117.37,2025-10-18 01:38:00,"London, UK",0,0
4340,C003,364.23,2025-10-18 01:46:05,"New York, US",0,1
8705,C078,110.92,2025-10-18 01:46:14,"New York, US",0,0
6438,C028,230.82,2025-10-18 01:47:15,"Kraków, PL",0,1
7230,C021,1013.48,2025-10-18 01:52:45,"London, UK",0,0
2706,C049,389.66,2025-10-18 01:53:20,"New York, US",0,0
2305,C006,1738.92,2025-10-18 01:55:41,"Warszawa, PL",0,0
5266,C076,53.57,2025-10-18 02:13:14,"New York, US",0,0
2182,C059,400.36,2025-10-18 02:13:19,"Warszawa, PL",0,0
4189,C069,16.51,2025-10-18 02:18:13,"Kraków, PL",0,0
1910,C073,1737.52,2025-10-18 02:21:37,"Kraków, PL",0,0
9537,C071,340.91,2025-10-18 02:26:55,"Kraków, PL",0,0
5052,C058,186.21,2025-10-18 02:36:35,"Kraków, PL",0,0
1630,C033,2219.73,2025-10-18 03:15:51,"Warszawa, PL",0,0
1016,C050,1733.81,2025-10-18 03:21:32,"Warszawa, PL",0,0
8790,C011,137.49,2025-10-18 03:21:32,"London, UK",0,1
7739,C034,3305.12,2025-10-18 03:26:19,"Kraków, PL",0,0
1304,C084,193.47,2025-10-18 03:32:35,"Kraków, PL",0,0
676,C082,1051.09,2025-10-18 03:32:54,"New York, US",0,1
9101,C017,235.96,2025-10-18 03:33:28,"London, UK",0,0
7812,C079,154.42,2025-10-18 03:33:32,"Warszawa, PL",0,0
7110,C033,3176.84,2025-10-18 03:35:20,"Warszawa, PL",0,0
2630,C007,393.33,2025-10-18 03:41:08,"Kraków, PL",0,0
8619,C063,1181.75,2025-10-18 03:41:51,"London, UK",0,0
4735,C078,456.29,2025-10-18 03:44:14,"London, UK",0,1
3511,C054,270.87,2025-10-18 03:56:22,"London, UK",0,1
7561,C033,530.22,2025-10-18 03:57:10,"New York, US",0,0
7486,C063,884.01,2025-10-18 03:58:11,"Kraków, PL",0,0
8361,C097,165.95,2025-10-18 03:59:12,"London, UK",0,0
2272,C010,403.71,2025-10-18 04:00:06,"New York, US",1,0
625,C017,885.81,2025-10-18 04:06:58,"Warszawa, PL",0,0
7862,C052,219.56,2025-10-18 04:10:12,"Warszawa, PL",0,0
2390,C074,157.66,2025-10-18 04:18:12,"New York, US",0,0
5602,C042,21.53,2025-10-18 04:23:05,"Warszawa, PL",0,1
7080,C010,55.06,2025-10-18 04:25:02,"New York, US",0,0
8163,C045,173.26,2025-10-18 04:31:24,"Warszawa, PL",0,1
1955,C029,104.01,2025-10-18 04:35:03,"New York, US",0,1
6649,C095,233.07,2025-10-18 04:41:25,"London, UK",1,0
3237,C081,24.72,2025-10-18 04:50:19,"Warszawa, PL",0,0
8196,C095,200.69,2025-10-18 04:54:02,"New York, US",0,1
9376,C061,139.11,2025-10-18 04:54:57,"Kraków, PL",0,0
9518,C073,766.46,2025-10-18 04:56:20,"Kraków, PL",0,0
868,C081,358.51,2025-10-18 05:02:14,"Kraków, PL",0,0
9966,C030,3273.72,2025-10-18 05:02:53,"Kraków, PL",0,0
7737,C051,275.28,2025-10-18 05:03:57,"Warszawa, PL",0,0
5679,C092,273.93,2025-10-18 05:08:12,"London, UK",0,0
6902,C028,31.18,2025-10-18 05:08:30,"Kraków, PL",0,0
26,C015,119.7,2025-10-18 05:16:36,"London, UK",0,0
7072,C028,566.59,2025-10-18 05:24:55,"Warszawa, PL",0,0
4657,C078,5591.23,2025-10-18 05:30:27,"Warszawa, PL",0,1
7565,C068,191.04,2025-10-18 05:32:21,"New York, US",0,0
1731,C058,7978.2,2025-10-18 05:44:18,"Kraków, PL",0,0
7618,C067,1076.12,2025-10-18 05:54:07,"London, UK",0,0
1705,C047,296.61,2025-10-18 05:54:29,"London, UK",0,0
7708,C086,110.94,2025-10-18 05:58:00,"Warszawa, PL",0,0
4247,C065,8460.18,2025-10-18 06:03:52,"Warszawa, PL",0,0
5389,C020,194.95,2025-10-18 06:04:32,"Kraków, PL",0,0
3146,C086,169.95,2025-10-18 06:07:00,"New York, US",0,0
7665,C004,197.39,2025-10-18 06:11:22,"New York, US",0,0
909,C082,13.64,2025-10-18 06:12:51,"Warszawa, PL",0,0
6824,C081,2933.62,2025-10-18 06:14:03,"Warszawa, PL",0,0
3122,C055,221.09,2025-10-18 06:22:14,"London, UK",0,0
7956,C066,6529.33,2025-10-18 06:22:36,"New York, US",0,0
2006,C009,2290.0,2025-10-18 06:24:28,"London, UK",0,0
7025,C076,309.49,2025-10-18 06:27:47,"London, UK",0,0
7142,C046,186.47,2025-10-18 06:32:04,"New York, US",0,0
1478,C065,90.01,2025-10-18 06:40:16,"New York, US",0,0
5684,C088,3217.59,2025-10-18 06:40:31,"Kraków, PL",0,0
7745,C073,544.82,2025-10-18 06:46:30,"Kraków, PL",0,0
7873,C098,275.14,2025-10-18 06:47:07,"Kraków, PL",1,0
9041,C081,477.26,2025-10-18 06:47:49,"Warszawa, PL",0,0
3720,C067,45.9,2025-10-18 06:55:11,"New York, US",0,0
540,C000,227.89,2025-10-18 07:22:48,"Kraków, PL",0,1
2247,C078,340.18,2025-10-18 07:31:17,"London, UK",0,0
4262,C003,589.19,2025-10-18 07:35:29,"Warszawa, PL",0,0
7044,C082,529.89,2025-10-18 07:36:02,"Warszawa, PL",0,0
8842,C079,145.89,2025-10-18 07:39:00,"New York, US",0,0
9017,C001,73.1,2025-10-18 07:40:20,"London, UK",0,0
7263,C017,78.64,2025-10-18 07:50:58,"London, UK",0,0
4131,C006,2117.34,2025-10-18 07:51:58,"New York, US",0,0
175,C094,161.27,2025-10-18 07:57:51,"London, UK",0,0
2831,C039,96.07,2025-10-18 08:11:12,"Warszawa, PL",0,0
7685,C044,46.5,2025-10-18 08:18:08,"London, UK",0,0
1286,C014,2359.18,2025-10-18 08:35:25,"Kraków, PL",0,0
6238,C034,286.74,2025-10-18 08:37:34,"Warszawa, PL",0,0
4556,C093,2027.27,2025-10-18 08:44:44,"London, UK",0,0
6357,C052,933.74,2025-10-18 08:52:42,"Kraków, PL",0,0
4806,C051,95.66,2025-10-18 08:54:07,"London, UK",0,0
226,C024,67.65,2025-10-18 08:59:01,"Kraków, PL",0,0
8083,C097,185.86,2025-10-18 09:01:18,"Kraków, PL",0,0
5,C052,1028.01,2025-10-18 09:07:13,"Kraków, PL",0,0
3683,C077,8699.44,2025-10-18 09:13:15,"London, UK",0,0
3826,C035,52.16,2025-10-18 09:27:34,"London, UK",0,0
7267,C052,62.82,2025-10-18 09:29:11,"New York, US",0,1
2663,C041,469.63,2025-10-18 09:30:08,"New York, US",0,0
5000,C093,97.76,2025-10-18 09:31:39,"New York, US",0,0
9295,C009,1175.33,2025-10-18 09:33:35,"Kraków, PL",0,0
6957,C071,117.08,2025-10-18 09:38:42,"London, UK",0,0
829,C072,665.73,2025-10-18 09:57:31,"Kraków, PL",0,0
8711,C043,77.36,2025-10-18 10:03:38,"New York, US",0,0
3473,C038,144.14,2025-10-18 10:07:33,"Warszawa, PL",0,0
956,C050,590.71,2025-10-18 10:14:20,"Warszawa, PL",0,0
3102,C068,86.74,2025-10-18 10:17:46,"New York, US",0,0
6825,C097,4419.93,2025-10-18 10:19:26,"Warszawa, PL",0,1
6068,C050,1370.95,2025-10-18 10:24:23,"Kraków, PL",0,0
3870,C051,738.67,2025-10-18 10:26:15,"New York, US",0,0
3192,C015,764.76,2025-10-18 10:28:13,"Kraków, PL",0,0
6591,C099,860.53,2025-10-18 10:30:25,"Warszawa, PL",0,0
7108,C039,1192.46,2025-10-18 10:33:36,"New York, US",0,0
3740,C068,422.16,2025-10-18 10:35:40,"London, UK",0,0
9516,C017,25600.48,2025-10-18 10:39:43,"New York, US",1,0
3204,C044,1586.78,2025-10-18 10:45:26,"Warszawa, PL",0,0
1975,C069,1765.57,2025-10-18 10:47:07,"Warszawa, PL",0,0
2563,C046,71.65,2025-10-18 10:52:54,"New York, US",0,0
1798,C023,930.13,2025-10-18 10:55:53,"Warszawa, PL",0,0
934,C006,342.31,2025-10-18 11:07:45,"New York, US",0,0
2718,C071,4142.19,2025-10-18 11:08:14,"Warszawa, PL",0,0
8869,C099,776.33,2025-10-18 11:13:35,"Warszawa, PL",0,0
8953,C016,246.84,2025-10-18 11:16:26,"Kraków, PL",0,0
2046,C038,64.04,2025-10-18 11:20:45,"Warszawa, PL",0,0
2238,C030,90.51,2025-10-18 11:21:02,"London, UK",0,0
8034,C028,1079.76,2025-10-18 11:21:04,"New York, US",0,0
170,C020,4312.92,2025-10-18 11:22:37,"Warszawa, PL",0,0
4433,C018,882.39,2025-10-18 11:26:51,"London, UK",0,0
6699,C015,28.17,2025-10-18 11:34:47,"Kraków, PL",0,0
7470,C020,220.56,2025-10-18 11:36:57,"London, UK",0,0
171,C088,94.09,2025-10-18 11:38:17,"New York, US",0,0
1981,C080,697.63,2025-10-18 11:38:46,"Kraków, PL",0,0
5450,C088,2450.69,2025-10-18 11:41:24,"London, UK",0,0
285,C073,117.7,2025-10-18 11:46:01,"New York, US",0,0
2657,C001,428.19,2025-10-18 11:46:12,"New York, US",0,0
4082,C011,220.9,2025-10-18 11:48:39,"London, UK",0,0
3075,C090,50.42,2025-10-18 11:55:10,"Kraków, PL",0,1
8236,C084,951.97,2025-10-18 11:56:02,"Kraków, PL",0,0
9938,C035,214.53,2025-10-18 12:01:01,"Kraków, PL",0,0
2362,C088,2061.95,2025-10-18 12:01:48,"London, UK",0,0
3315,C005,1127.83,2025-10-18 12:02:42,"Kraków, PL",0,0
1858,C061,244.16,2025-10-18 12:03:36,"New York, US",0,0
7738,C019,4624.09,2025-10-18 12:16:51,"London, UK",0,0
823,C055,1434.27,2025-10-18 12:17:28,"Warszawa, PL",0,0
4814,C051,147.17,2025-10-18 12:18:44,"London, UK",0,0
8769,C025,215.08,2025-10-18 12:18:45,"Warszawa, PL",0,0
986,C042,8629.68,2025-10-18 12:21:53,"London, UK",0,1
4057,C071,740.6,2025-10-18 12:23:01,"New York, US",0,0
6335,C019,1546.29,2025-10-18 12:31:00,"Kraków, PL",0,0
4698,C073,348.43,2025-10-18 12:31:20,"Warszawa, PL",0,0
7553,C081,635.69,2025-10-18 12:34:53,"Kraków, PL",0,0
788,C036,91.94,2025-10-18 12:40:26,"New York, US",0,0
2720,C025,53.54,2025-10-18 12:43:42,"London, UK",0,0
9874,C064,181.95,2025-10-18 12:53:29,"London, UK",0,0
3783,C086,401.72,2025-10-18 12:59:57,"Warszawa, PL",0,0
5058,C082,7213.79,2025-10-18 13:10:00,"New York, US",0,0
5054,C090,20.72,2025-10-18 13:11:20,"Kraków, PL",0,0
7078,C099,424.18,2025-10-18 13:19:07,"Warszawa, PL",0,0
1665,C036,34.14,2025-10-18 13:20:22,"Warszawa, PL",0,1
2192,C081,695.33,2025-10-18 13:30:05,"London, UK",0,0
3748,C057,47.75,2025-10-18 13:33:00,"Warszawa, PL",0,0
4592,C096,334.54,2025-10-18 13:36:14,"New York, US",0,0
5944,C000,251.65,2025-10-18 13:36:26,"Kraków, PL",0,0
8873,C059,1273.64,2025-10-18 13:37:07,"Warszawa, PL",0,0
3241,C080,455.56,2025-10-18 13:40:17,"Kraków, PL",0,0
8102,C087,40.82,2025-10-18 13:47:41,"Kraków, PL",0,1
7049,C068,2708.3,2025-10-18 13:47:57,"London, UK",0,0
2091,C088,241.24,2025-10-18 13:55:31,"Kraków, PL",0,1
4686,C004,148.75,2025-10-18 14:03:56,"Kraków, PL",0,0
1288,C066,242.22,2025-10-18 14:10:06,"London, UK",0,0
528,C042,1058.61,2025-10-18 14:11:07,"London, UK",0,0
1800,C039,450.72,2025-10-18 14:14:55,"Warszawa, PL",0,0
7037,C047,71.39,2025-10-18 14:23:15,"New York, US",0,0
8645,C038,88.21,2025-10-18 14:28:34,"New York, US",0,0
8346,C097,2138.54,2025-10-18 14:32:28,"London, UK",0,0
7752,C016,3605.24,2025-10-18 14:36:59,"Warszawa, PL",0,0
3665,C053,111.07,2025-10-18 14:40:11,"Warszawa, PL",0,0
7703,C027,321.35,2025-10-18 14:43:18,"Warszawa, PL",0,0
3095,C012,8986.17,2025-10-18 14:46:12,"Kraków, PL",0,0
6435,C073,155.96,2025-10-18 14:50:31,"London, UK",0,0
500,C016,163.04,2025-10-18 14:51:56,"Warszawa, PL",0,0
7698,C021,578.65,2025-10-18 14:53:34,"London, UK",0,0
4712,C088,2561.28,2025-10-18 14:53:47,"Warszawa, PL",0,0
6590,C056,588.02,2025-10-18 14:55:30,"Kraków, PL",0,0
4023,C067,1708.58,2025-10-18 15:02:55,"Kraków, PL",0,0
9853,C061,122.53,2025-10-18 15:11:47,"Kraków, PL",0,0
9107,C037,346.21,2025-10-18 15:12:44,"New York, US",0,1
7064,C069,966.7,2025-10-18 15:14:16,"New York, US",0,1
4274,C080,337.9,2025-10-18 15:29:54,"New York, US",0,0
1769,C004,598.8,2025-10-18 15:32:25,"Warszawa, PL",0,0
2103,C027,53.07,2025-10-18 15:36:33,"London, UK",1,0
4216,C090,190.01,2025-10-18 15:37:14,"Kraków, PL",0,0
5770,C035,946.61,2025-10-18 15:41:22,"Kraków, PL",0,0
5748,C035,91.07,2025-10-18 15:43:30,"Kraków, PL",0,0
72,C040,312.29,2025-10-18 15:52:37,"Warszawa, PL",0,0
9785,C031,955.89,2025-10-18 16:02:14,"Warszawa, PL",0,1
772,C079,434.41,2025-10-18 16:08:35,"Warszawa, PL",0,0
6743,C041,530.9,2025-10-18 16:09:45,"New York, US",0,0
5743,C003,944.15,2025-10-18 16:17:16,"Kraków, PL",0,0
1884,C011,1515.86,2025-10-18 16:21:45,"Warszawa, PL",0,0
4803,C072,1363.43,2025-10-18 16:27:35,"London, UK",0,0
1388,C038,121.25,2025-10-18 16:27:49,"Warszawa, PL",0,0
5375,C059,775.62,2025-10-18 16:29:56,"New York, US",0,0
4722,C007,282.94,2025-10-18 16:31:41,"Warszawa, PL",0,0
3307,C004,156.63,2025-10-18 16:31:48,"New York, US",0,0
132,C088,57.13,2025-10-18 16:32:17,"New York, US",0,0
7721,C048,2650.24,2025-10-18 16:34:39,"Warszawa, PL",0,0
4041,C041,1643.98,2025-10-18 16:42:02,"London, UK",0,0
6972,C077,111.67,2025-10-18 16:48:05,"New York, US",0,0
5316,C018,162.27,2025-10-18 16:49:45,"New York, US",0,1
7962,C072,30.6,2025-10-18 16:55:37,"New York, US",0,0
6337,C063,1792.81,2025-10-18 16:59:37,"Warszawa, PL",0,0
7185,C059,3069.36,2025-10-18 17:01:15,"London, UK",0,0
6991,C001,405.35,2025-10-18 17:04:10,"London, UK",0,1
224,C013,1153.55,2025-10-18 17:05:06,"Warszawa, PL",1,0
5055,C038,273.86,2025-10-18 17:09:38,"London, UK",0,0
6854,C015,71.16,2025-10-18 17:14:22,"Kraków, PL",0,0
2352,C019,150.68,2025-10-18 17:17:02,"Warszawa, PL",0,0
3900,C091,204.13,2025-10-18 17:17:34,"New York, US",0,0
4144,C075,3828.59,2025-10-18 17:22:28,"London, UK",0,0
278,C037,723.11,2025-10-18 17:24:03,"London, UK",0,0
3971,C068,2838.27,2025-10-18 17:31:08,"New York, US",0,0
1453,C092,5550.56,2025-10-18 17:32:48,"London, UK",0,0
6187,C055,175.42,2025-10-18 17:34:54,"Kraków, PL",0,1
5367,C023,116.86,2025-10-18 17:35:33,"Warszawa, PL",0,1
8827,C003,473.66,2025-10-18 17:39:31,"New York, US",0,0
3050,C096,17683.3,2025-10-18 17:42:13,"London, UK",0,0
769,C009,96.6,2025-10-18 17:45:09,"Warszawa, PL",0,0
7530,C029,501.3,2025-10-18 17:46:00,"Warszawa, PL",0,0
4519,C080,290.36,2025-10-18 17:48:02,"New York, US",1,0
2962,C063,131.0,2025-10-18 17:49:07,"London, UK",0,0
8834,C043,858.73,2025-10-18 18:00:10,"Kraków, PL",0,0
7810,C056,2078.43,2025-10-18 18:05:37,"Warszawa, PL",0,0
1167,C068,451.01,2025-10-18 18:09:14,"New York, US",0,0
9940,C093,2034.1,2025-10-18 18:10:59,"Kraków, PL",0,0
7811,C096,5550.87,2025-10-18 18:15:16,"Warszawa, PL",0,0
988,C029,69.78,2025-10-18 18:16:55,"London, UK",0,0
4916,C093,115.55,2025-10-18 18:19:29,"London, UK",0,1
1157,C072,640.39,2025-10-18 18:29:45,"New York, US",1,0
7501,C074,435.19,2025-10-18 19:04:54,"Kraków, PL",0,0
9692,C007,285.75,2025-10-18 19:10:27,"New York, US",0,0
7822,C060,1946.15,2025-10-18 19:13:56,"New York, US",0,0
5039,C093,165.63,2025-10-18 19:15:56,"Warszawa, PL",0,0
608,C025,3755.86,2025-10-18 19:16:39,"London, UK",0,0
4800,C021,543.47,2025-10-18 19:18:43,"London, UK",0,0
1737,C039,19.76,2025-10-18 19:34:21,"New York, US",0,0
1785,C003,111.37,2025-10-18 19:40:39,"Warszawa, PL",0,0
886,C043,947.31,2025-10-18 19:41:47,"New York, US",0,1
9792,C026,550.15,2025-10-18 19:43:26,"Warszawa, PL",0,0
5922,C022,2968.41,2025-10-18 19:48:06,"London, UK",0,0
4195,C031,159.79,2025-10-18 19:54:22,"London, UK",0,0
5229,C016,2349.54,2025-10-18 20:00:42,"New York, US",0,0
4402,C000,925.96,2025-10-18 20:01:45,"London, UK",0,0
6245,C023,982.97,2025-10-18 20:02:56,"New York, US",0,1
7400,C032,381.01,2025-10-18 20:03:54,"Warszawa, PL",0,0
1555,C064,46.13,2025-10-18 20:09:18,"Kraków, PL",0,0
4403,C095,41.47,2025-10-18 20:10:05,"Kraków, PL",0,0
8512,C054,168.77,2025-10-18 20:19:20,"Kraków, PL",0,1
3775,C016,36.66,2025-10-18 20:27:04,"Warszawa, PL",0,0
4140,C006,137.83,2025-10-18 20:28:14,"Warszawa, PL",0,1
3846,C056,243.49,2025-10-18 20:32:27,"New York, US",0,0
3621,C054,94.6,2025-10-18 20:38:02,"Kraków, PL",0,0
6129,C075,180.64,2025-10-18 20:40:08,"London, UK",0,0
1771,C048,88.49,2025-10-18 20:41:08,"London, UK",0,0
6103,C019,164.78,2025-10-18 20:46:28,"Kraków, PL",0,0
5044,C055,4291.36,2025-10-18 20:47:49,"New York, US",0,1
2130,C087,8366.69,2025-10-18 20:48:28,"Kraków, PL",0,0
3538,C007,172.33,2025-10-18 20:54:57,"New York, US",0,0
3526,C024,186.29,2025-10-18 20:58:06,"New York, US",0,0
8290,C074,1462.43,2025-10-18 21:01:52,"Warszawa, PL",0,0
1022,C017,304.8,2025-10-18 21:07:17,"London, UK",0,0
3111,C087,1072.01,2025-10-18 21:07:17,"London, UK",0,1
9293,C081,313.29,2025-10-18 21:11:01,"Kraków, PL",0,1
3151,C057,154.56,2025-10-18 21:21:33,"New York, US",0,0
3410,C007,172.2,2025-10-18 21:22:10,"Kraków, PL",0,0
4713,C084,2995.13,2025-10-18 21:25:17,"London, UK",0,1
5658,C069,659.17,2025-10-18 21:30:05,"New York, US",0,0
885,C084,430.73,2025-10-18 21:32:47,"New York, US",0,0
626,C031,320.09,2025-10-18 21:40:15,"London, UK",0,0
7923,C080,1874.43,2025-10-18 21:53:18,"London, UK",0,0
7499,C095,1380.73,2025-10-18 21:57:19,"London, UK",0,0
451,C077,13749.83,2025-10-18 22:08:19,"Kraków, PL",0,0
4008,C025,14816.77,2025-10-18 22:09:10,"Warszawa, PL",0,0
8866,C066,2443.55,2025-10-18 22:10:08,"Kraków, PL",0,0
1817,C072,113.4,2025-10-18 22:10:27,"Warszawa, PL",0,0
5049,C074,67.39,2025-10-18 22:16:09,"Kraków, PL",0,0
8563,C051,193.63,2025-10-18 22:17:50,"New York, US",0,1
981,C055,796.73,2025-10-18 22:18:50,"New York, US",0,0
9112,C074,108.74,2025-10-18 22:24:32,"London, UK",0,0
7010,C021,742.98,2025-10-18 22:25:00,"Kraków, PL",0,0
5785,C086,85.29,2025-10-18 22:29:03,"Kraków, PL",0,0
1851,C089,1931.07,2025-10-18 23:01:23,"London, UK",0,1
9990,C029,63.52,2025-10-18 23:10:16,"Warszawa, PL",0,0
3265,C080,94.91,2025-10-18 23:10:19,"Kraków, PL",0,0
6479,C009,73.19,2025-10-18 23:10:46,"Warszawa, PL",0,0
4002,C057,254.53,2025-10-18 23:15:26,"London, UK",0,0
9827,C062,209.45,2025-10-18 23:16:35,"Warszawa, PL",0,0
1510,C053,2328.31,2025-10-18 23:17:32,"London, UK",0,0
8974,C029,3206.65,2025-10-18 23:21:16,"London, UK",0,0
3565,C051,966.93,2025-10-18 23:23:02,"London, UK",0,0
5879,C030,470.62,2025-10-18 23:23:12,"Warszawa, PL",0,0
9279,C011,472.09,2025-10-18 23:23:31,"Kraków, PL",0,0
7528,C016,97.75,2025-10-18 23:23:40,"Warszawa, PL",0,0
9763,C069,4374.55,2025-10-18 23:30:37,"London, UK",0,0
7591,C064,23.21,2025-10-18 23:31:21,"Kraków, PL",0,0
1801,C096,18.15,2025-10-18 23:35:05,"Warszawa, PL",0,0
6006,C011,642.56,2025-10-18 23:37:28,"Kraków, PL",0,0
4751,C071,578.03,2025-10-18 23:38:14,"Warszawa, PL",0,0
4319,C026,55.92,2025-10-18 23:45:53,"New York, US",0,0
121,C036,459.41,2025-10-18 23:46:09,"Warszawa, PL",0,0
6440,C026,236.09,2025-10-18 23:53:46,"London, UK",0,0
631,C030,36.4,2025-10-18 23:55:24,"New York, US",0,0
5764,C050,966.05,2025-10-18 23:58:13,"New York, US",0,0
3312,C070,211.38,2025-10-18 23:59:40,"Kraków, PL",0,0
4929,C008,466.28,2025-10-19 00:08:54,"Warszawa, PL",0,0
7781,C094,228.58,2025-10-19 00:10:01,"New York, US",0,0
8387,C039,905.27,2025-10-19 00:14:56,"New York, US",0,0
5326,C078,330.95,2025-10-19 00:17:12,"Kraków, PL",0,0
787,C079,407.42,2025-10-19 00:17:21,"London, UK",0,0
7281,C063,20418.42,2025-10-19 00:18:00,"Kraków, PL",0,0
8623,C023,1783.42,2025-10-19 00:29:41,"New York, US",0,0
6829,C038,20.02,2025-10-19 00:32:38,"New York, US",0,0
6601,C053,135.29,2025-10-19 00:36:28,"New York, US",0,0
4214,C048,348.4,2025-10-19 00:42:43,"Warszawa, PL",0,0
3711,C000,435.7,2025-10-19 00:51:49,"New York, US",0,0
4807,C077,184.09,2025-10-19 00:52:40,"Warszawa, PL",0,0
7607,C014,431.3,2025-10-19 00:53:12,"Kraków, PL",0,0
6215,C003,153.39,2025-10-19 01:01:31,"Kraków, PL",0,1
3255,C067,3579.56,2025-10-19 01:04:15,"New York, US",0,0
1420,C045,239.21,2025-10-19 01:05:44,"New York, US",0,0
7304,C068,5579.92,2025-10-19 01:08:31,"London, UK",0,0
7135,C074,14.08,2025-10-19 01:08:46,"Kraków, PL",0,0
1887,C063,134.4,2025-10-19 01:08:47,"London, UK",0,0
3726,C034,67.22,2025-10-19 01:11:00,"London, UK",0,0
7654,C093,7818.31,2025-10-19 01:15:58,"London, UK",0,0
7482,C010,272.23,2025-10-19 01:16:21,"London, UK",0,0
6631,C069,325.02,2025-10-19 01:17:28,"Kraków, PL",0,0
9709,C019,2677.66,2025-10-19 01:26:22,"Warszawa, PL",0,0
7507,C006,962.35,2025-10-19 01:30:51,"Kraków, PL",0,0
6264,C079,488.43,2025-10-19 01:35:52,"Kraków, PL",0,0
6224,C036,347.51,2025-10-19 01:37:09,"Warszawa, PL",0,0
3232,C023,2231.82,2025-10-19 01:38:15,"London, UK",0,0
5196,C000,42.11,2025-10-19 01:41:11,"Warszawa, PL",0,0
3864,C078,1270.7,2025-10-19 01:43:39,"Kraków, PL",0,0
1043,C015,24280.89,2025-10-19 01:49:57,"London, UK",0,0
4507,C044,464.74,2025-10-19 01:52:26,"London, UK",0,0
7627,C069,214.04,2025-10-19 01:52:31,"London, UK",0,0
6009,C016,2155.34,2025-10-19 02:11:01,"London, UK",0,0
9541,C009,1124.54,2025-10-19 02:12:52,"New York, US",0,0
5923,C099,808.22,2025-10-19 02:14:08,"Kraków, PL",0,0
5106,C096,549.4,2025-10-19 02:14:12,"Kraków, PL",0,0
4786,C033,2099.96,2025-10-19 02:19:14,"Kraków, PL",0,0
4776,C051,353.45,2025-10-19 02:19:42,"Warszawa, PL",0,0
3123,C057,623.35,2025-10-19 02:22:02,"London, UK",0,0
6163,C061,622.21,2025-10-19 02:25:24,"Kraków, PL",0,0
6563,C043,764.08,2025-10-19 02:28:46,"London, UK",0,0
1844,C070,3685.25,2025-10-19 02:40:00,"Warszawa, PL",0,0
1415,C028,267.29,2025-10-19 02:42:49,"New York, US",0,0
7399,C025,222.25,2025-10-19 02:43:06,"New York, US",0,0
5349,C022,161.24,2025-10-19 02:53:01,"Kraków, PL",0,1
1408,C082,321.56,2025-10-19 02:53:50,"Warszawa, PL",0,1
601,C072,290.87,2025-10-19 03:02:00,"Kraków, PL",0,0
4670,C019,380.21,2025-10-19 03:16:08,"Kraków, PL",0,0
1522,C050,171.41,2025-10-19 03:16:36,"Warszawa, PL",0,0
6497,C017,169.01,2025-10-19 03:17:12,"London, UK",0,0
8125,C078,765.12,2025-10-19 03:26:11,"Kraków, PL",0,0
6984,C072,172.78,2025-10-19 03:27:09,"New York, US",0,0
9849,C013,131.63,2025-10-19 03:27:24,"London, UK",0,0
9552,C061,849.48,2025-10-19 03:41:14,"London, UK",0,1
2991,C018,3219.65,2025-10-19 03:44:15,"Warszawa, PL",0,0
9862,C036,2503.19,2025-10-19 03:46:35,"Kraków, PL",0,0
2206,C056,231.29,2025-10-19 03:48:12,"Kraków, PL",0,0
5966,C060,77.77,2025-10-19 03:55:15,"London, UK",0,0
1080,C092,806.39,2025-10-19 03:59:07,"London, UK",0,0
8154,C078,153.89,2025-10-19 04:01:55,"London, UK",0,0
4304,C053,939.43,2025-10-19 04:07:12,"Kraków, PL",0,0
6990,C071,461.18,2025-10-19 04:13:20,"Warszawa, PL",0,1
9001,C023,667.22,2025-10-19 04:14:36,"Kraków, PL",0,0
2207,C055,1141.86,2025-10-19 04:22:55,"Warszawa, PL",0,0
1298,C049,68.07,2025-10-19 04:24:40,"New York, US",0,0
5542,C063,470.84,2025-10-19 04:25:50,"Warszawa, PL",0,0
1638,C042,123.33,2025-10-19 04:29:58,"Kraków, PL",0,0
5107,C040,509.47,2025-10-19 04:33:33,"Warszawa, PL",0,0
8306,C055,513.98,2025-10-19 04:36:05,"London, UK",0,0
1587,C061,9666.46,2025-10-19 04:40:03,"Warszawa, PL",0,0
1886,C082,615.63,2025-10-19 04:46:33,"Kraków, PL",0,0
4919,C067,62.12,2025-10-19 04:46:38,"Warszawa, PL",0,0
7935,C079,344.28,2025-10-19 04:55:22,"New York, US",0,0
1946,C029,359.43,2025-10-19 04:56:53,"Kraków, PL",0,0
2569,C059,94.88,2025-10-19 05:02:37,"Warszawa, PL",0,0
7895,C007,278.06,2025-10-19 05:10:43,"Kraków, PL",0,0
7164,C014,341.42,2025-10-19 05:17:07,"New York, US",0,0
803,C031,322.95,2025-10-19 05:17:49,"New York, US",0,0
2216,C045,1952.65,2025-10-19 05:18:52,"New York, US",0,0
5688,C077,64.93,2025-10-19 05:18:58,"Warszawa, PL",0,0
8252,C046,260.8,2025-10-19 05:21:04,"Warszawa, PL",0,0
2521,C055,7.25,2025-10-19 05:28:06,"Warszawa, PL",0,0
6206,C070,76.71,2025-10-19 05:28:48,"London, UK",0,0
862,C084,419.4,2025-10-19 05:30:54,"Kraków, PL",0,0
6751,C091,3146.25,2025-10-19 05:33:12,"London, UK",0,0
9640,C002,589.68,2025-10-19 05:39:55,"Kraków, PL",0,1
4283,C098,74.42,2025-10-19 05:42:27,"Kraków, PL",0,0
9885,C084,139.18,2025-10-19 05:51:38,"Warszawa, PL",0,0
1749,C019,441.0,2025-10-19 05:52:44,"New York, US",0,0
9622,C030,1105.94,2025-10-19 06:03:22,"New York, US",0,1
776,C072,172.35,2025-10-19 06:05:36,"Kraków, PL",0,0
4528,C030,235.58,2025-10-19 06:07:14,"New York, US",0,0
6236,C014,7902.57,2025-10-19 06:22:03,"Kraków, PL",0,0
4601,C011,53.42,2025-10-19 06:25:57,"New York, US",0,1
4240,C022,47.42,2025-10-19 06:26:45,"Warszawa, PL",0,1
533,C087,908.19,2025-10-19 06:35:56,"Warszawa, PL",0,0
3484,C018,513.75,2025-10-19 06:37:03,"New York, US",0,0
7695,C024,4087.87,2025-10-19 06:47:44,"London, UK",1,0
4379,C058,44.76,2025-10-19 06:49:23,"London, UK",0,0
8385,C081,2216.03,2025-10-19 06:49:42,"London, UK",0,0
584,C072,44.35,2025-10-19 06:50:48,"Kraków, PL",0,0
2346,C062,555.08,2025-10-19 06:51:29,"Kraków, PL",0,0
5269,C033,833.65,2025-10-19 06:51:58,"New York, US",0,0
8183,C073,566.26,2025-10-19 06:52:47,"London, UK",0,0
5042,C018,1149.87,2025-10-19 07:01:16,"New York, US",0,1
2681,C020,908.85,2025-10-19 07:05:43,"New York, US",0,0
6489,C034,287.21,2025-10-19 07:07:03,"London, UK",0,0
9418,C011,9962.89,2025-10-19 07:12:18,"London, UK",0,0
3633,C037,3658.08,2025-10-19 07:19:57,"London, UK",0,0
9913,C020,113.77,2025-10-19 07:27:24,"London, UK",0,0
7526,C075,6630.35,2025-10-19 07:32:21,"London, UK",0,0
3158,C082,2631.71,2025-10-19 07:33:33,"New York, US",0,0
3254,C038,1866.29,2025-10-19 07:36:10,"New York, US",0,0
8773,C091,42584.43,2025-10-19 07:39:23,"Kraków, PL",0,0
5293,C091,142.02,2025-10-19 07:42:28,"Warszawa, PL",0,0
8691,C093,4214.13,2025-10-19 07:47:11,"Kraków, PL",0,0
9659,C013,990.77,2025-10-19 07:48:11,"New York, US",0,0
1728,C017,1604.73,2025-10-19 07:51:31,"Warszawa, PL",0,0
3369,C047,232.04,2025-10-19 07:53:53,"Warszawa, PL",0,0
9014,C077,708.71,2025-10-19 07:57:27,"New York, US",0,0
6436,C049,121.95,2025-10-19 07:58:12,"Kraków, PL",0,0
1374,C029,2999.29,2025-10-19 08:07:16,"Warszawa, PL",0,0
4911,C042,403.77,2025-10-19 08:08:27,"London, UK",0,0
3371,C000,483.71,2025-10-19 08:17:03,"Warszawa, PL",0,1
7909,C026,13958.59,2025-10-19 08:19:34,"New York, US",0,0
7030,C021,48.7,2025-10-19 08:32:41,"Warszawa, PL",0,0
7029,C007,424.86,2025-10-19 08:34:59,"Kraków, PL",0,0
3193,C018,1986.27,2025-10-19 08:37:55,"London, UK",0,0
1982,C053,105.04,2025-10-19 08:40:55,"London, UK",0,1
737,C094,338.56,2025-10-19 08:52:06,"Warszawa, PL",0,1
9505,C022,37.32,2025-10-19 08:53:00,"New York, US",0,0
8443,C072,174.33,2025-10-19 08:57:22,"London, UK",0,0
2111,C055,1178.28,2025-10-19 09:03:22,"Warszawa, PL",0,0
9022,C063,510.93,2025-10-19 09:16:04,"Kraków, PL",0,0
1789,C023,294.1,2025-10-19 09:17:04,"Warszawa, PL",0,0
9619,C044,860.69,2025-10-19 09:18:54,"Kraków, PL",0,0
499,C027,422.76,2025-10-19 09:19:54,"Kraków, PL",0,0
6561,C093,746.68,2025-10-19 09:20:38,"Kraków, PL",0,0
3899,C049,15247.25,2025-10-19 09:23:44,"Kraków, PL",0,0
6849,C023,162.91,2025-10-19 09:41:13,"Warszawa, PL",0,0
2159,C046,1003.04,2025-10-19 09:46:00,"Kraków, PL",0,0
9379,C073,70.94,2025-10-19 09:52:39,"Kraków, PL",0,0
5751,C090,225.77,2025-10-19 09:57:39,"New York, US",0,0
5438,C085,322.77,2025-10-19 09:59:20,"New York, US",0,0
1419,C081,608.42,2025-10-19 10:04:25,"Warszawa, PL",0,0
7442,C035,999.47,2025-10-19 10:04:53,"Warszawa, PL",0,0
4276,C058,244.06,2025-10-19 10:08:20,"Warszawa, PL",0,0
950,C080,1238.33,2025-10-19 10:10:00,"New York, US",0,0
8056,C065,2228.35,2025-10-19 10:18:13,"New York, US",0,0
2646,C033,474.97,2025-10-19 10:22:15,"New York, US",0,0
1276,C034,262.68,2025-10-19 10:24:40,"New York, US",0,0
7719,C068,582.58,2025-10-19 10:27:59,"London, UK",0,0
4821,C023,7.4,2025-10-19 10:29:53,"Kraków, PL",0,0
8430,C041,113.0,2025-10-19 10:32:35,"New York, US",0,0
9102,C083,2095.52,2025-10-19 10:41:34,"New York, US",0,0
6725,C023,216.66,2025-10-19 10:48:44,"Kraków, PL",0,0
8740,C031,328.39,2025-10-19 10:49:49,"London, UK",0,0
5446,C002,8.76,2025-10-19 10:51:35,"Kraków, PL",0,1
3324,C049,1523.02,2025-10-19 10:58:39,"Warszawa, PL",0,0
316,C097,83.81,2025-10-19 11:02:11,"Warszawa, PL",0,1
860,C074,2363.89,2025-10-19 11:04:38,"New York, US",0,0
6740,C030,840.33,2025-10-19 11:23:06,"London, UK",0,0
8291,C083,68.48,2025-10-19 11:24:46,"Kraków, PL",0,0
9810,C061,26.75,2025-10-19 11:25:45,"New York, US",0,0
2371,C053,114.6,2025-10-19 11:26:21,"Warszawa, PL",0,0
9835,C086,528.26,2025-10-19 11:27:08,"Kraków, PL",0,0
5405,C030,273.15,2025-10-19 11:39:19,"London, UK",0,0
8618,C042,37.64,2025-10-19 11:53:59,"Kraków, PL",0,0
5627,C014,1314.65,2025-10-19 11:55:02,"New York, US",0,0
449,C001,516.59,2025-10-19 12:03:27,"Warszawa, PL",0,1
6313,C048,661.31,2025-10-19 12:05:12,"New York, US",0,0
1572,C014,327.49,2025-10-19 12:05:19,"New York, US",0,0
6573,C072,39.36,2025-10-19 12:16:47,"Warszawa, PL",0,0
2413,C051,97.97,2025-10-19 12:22:30,"Kraków, PL",0,0
3080,C019,102.25,2025-10-19 12:27:38,"Warszawa, PL",0,1
8182,C067,11451.27,2025-10-19 12:28:05,"Warszawa, PL",0,0
3133,C066,102699.11,2025-10-19 12:31:19,"New York, US",0,1
6374,C077,211.57,2025-10-19 12:33:08,"London, UK",0,1
3029,C030,942.37,2025-10-19 12:40:13,"New York, US",0,0
5354,C086,182.97,2025-10-19 12:44:19,"Warszawa, PL",0,0
8551,C087,186.77,2025-10-19 12:48:09,"Warszawa, PL",0,0
6097,C090,136.07,2025-10-19 12:54:08,"New York, US",0,1
6148,C034,939.82,2025-10-19 12:58:33,"Kraków, PL",0,0
780,C061,58.75,2025-10-19 13:13:51,"Kraków, PL",0,0
897,C020,1320.06,2025-10-19 13:14:29,"Warszawa, PL",0,0
3758,C034,1575.72,2025-10-19 13:21:23,"London, UK",0,0
904,C095,1659.23,2025-10-19 13:22:42,"Kraków, PL",0,0
3540,C019,986.82,2025-10-19 13:24:46,"Warszawa, PL",0,0
4791,C027,283.81,2025-10-19 13:28:09,"Warszawa, PL",0,0
1033,C021,6675.5,2025-10-19 13:28:38,"Warszawa, PL",0,0
613,C023,361.45,2025-10-19 13:31:43,"New York, US",0,0
364,C059,637.42,2025-10-19 13:32:23,"Kraków, PL",0,0
211,C006,1389.02,2025-10-19 13:42:59,"Kraków, PL",1,0
408,C085,2099.74,2025-10-19 13:47:14,"Kraków, PL",0,0
9335,C088,181.19,2025-10-19 13:48:22,"Kraków, PL",0,1
1962,C068,85.32,2025-10-19 13:51:54,"New York, US",0,0
5162,C098,752.43,2025-10-19 13:58:42,"Warszawa, PL",0,0
2601,C051,1345.59,2025-10-19 14:02:10,"London, UK",0,0
2934,C070,1026.69,2025-10-19 14:10:11,"Kraków, PL",0,0
5744,C042,164.23,2025-10-19 14:12:10,"New York, US",0,0
4029,C045,1849.27,2025-10-19 14:17:30,"London, UK",0,1
5423,C063,49.18,2025-10-19 14:17:49,"New York, US",0,0
1411,C031,13679.89,2025-10-19 14:19:32,"London, UK",0,0
1238,C082,2440.35,2025-10-19 14:33:58,"New York, US",0,0
8581,C083,557.29,2025-10-19 14:43:34,"Kraków, PL",1,1
5369,C007,831.45,2025-10-19 14:47:02,"New York, US",0,0
4155,C005,851.45,2025-10-19 14:47:52,"New York, US",0,0
117,C011,1290.03,2025-10-19 14:48:17,"Kraków, PL",0,0
281,C069,248.54,2025-10-19 14:49:24,"London, UK",0,1
2864,C030,320.05,2025-10-19 14:51:31,"London, UK",0,0
1621,C036,4470.74,2025-10-19 14:59:26,"Warszawa, PL",0,0
9721,C014,553.97,2025-10-19 15:10:16,"Warszawa, PL",0,0
2462,C080,1852.36,2025-10-19 15:12:19,"New York, US",0,1
3771,C010,86.75,2025-10-19 15:14:46,"Kraków, PL",0,0
6970,C090,932.76,2025-10-19 15:16:32,"Kraków, PL",0,1
2366,C020,1202.84,2025-10-19 15:17:40,"London, UK",0,0
3850,C037,3996.42,2025-10-19 15:26:58,"Warszawa, PL",0,0
9240,C030,837.83,2025-10-19 15:38:25,"New York, US",0,0
7412,C064,308.07,2025-10-19 15:38:28,"Kraków, PL",0,0
1854,C083,450.02,2025-10-19 15:44:00,"Warszawa, PL",0,0
7978,C066,566.76,2025-10-19 15:45:01,"New York, US",0,0
340,C033,9964.66,2025-10-19 15:53:29,"London, UK",0,0
1349,C043,554.86,2025-10-19 16:05:17,"Warszawa, PL",0,0
8883,C055,757.83,2025-10-19 16:07:48,"New York, US",0,0
5872,C062,20.19,2025-10-19 16:13:57,"London, UK",0,0
7834,C024,2430.29,2025-10-19 16:21:34,"Warszawa, PL",0,0
3553,C000,1394.97,2025-10-19 16:24:11,"New York, US",0,0
2297,C078,8.33,2025-10-19 16:25:54,"Warszawa, PL",0,0
5892,C091,5127.41,2025-10-19 16:26:56,"London, UK",0,0
8353,C097,52.96,2025-10-19 16:28:47,"Warszawa, PL",0,0
3048,C035,2273.46,2025-10-19 16:34:56,"New York, US",0,0
4877,C012,1407.15,2025-10-19 16:37:33,"London, UK",0,0
3129,C076,1202.76,2025-10-19 16:43:07,"New York, US",0,0
165,C086,29979.32,2025-10-19 16:47:10,"Warszawa, PL",0,0
5804,C000,74.08,2025-10-19 16:53:27,"London, UK",0,0
9538,C048,57.07,2025-10-19 16:54:21,"New York, US",0,0
3358,C044,199.57,2025-10-19 17:02:39,"Kraków, PL",0,0
7757,C004,533.71,2025-10-19 17:04:09,"Warszawa, PL",0,0
2795,C037,1161.89,2025-10-19 17:04:51,"London, UK",0,0
3743,C074,1321.38,2025-10-19 17:07:41,"Warszawa, PL",0,0
6128,C046,97.47,2025-10-19 17:12:52,"New York, US",0,0
893,C086,117.8,2025-10-19 17:14:15,"Kraków, PL",0,0
192,C048,104.86,2025-10-19 17:18:22,"New York, US",0,0
6081,C084,239.55,2025-10-19 17:19:34,"Kraków, PL",0,0
7950,C052,657.05,2025-10-19 17:19:47,"London, UK",0,0
5156,C064,98.83,2025-10-19 17:20:36,"Warszawa, PL",0,0
5659,C002,3599.7,2025-10-19 17:26:02,"Warszawa, PL",0,1
2578,C043,822.46,2025-10-19 17:26:13,"Warszawa, PL",1,0
9292,C004,1357.98,2025-10-19 17:28:42,"New York, US",0,0
2989,C046,1538.58,2025-10-19 17:37:10,"New York, US",0,0
4409,C063,604.68,2025-10-19 17:39:12,"New York, US",0,0
3263,C098,2796.15,2025-10-19 17:45:00,"Kraków, PL",0,0
4221,C084,5016.09,2025-10-19 17:47:38,"New York, US",0,0
1912,C000,713.1,2025-10-19 17:49:33,"New York, US",0,0
589,C002,258.26,2025-10-19 17:50:32,"London, UK",0,0
4740,C094,5239.59,2025-10-19 17:58:15,"London, UK",0,0
915,C063,8563.72,2025-10-19 18:01:00,"Warszawa, PL",0,0
7521,C034,424.73,2025-10-19 18:08:38,"Kraków, PL",0,0
8481,C015,66.05,2025-10-19 18:09:10,"Kraków, PL",0,0
984,C094,1077.45,2025-10-19 18:09:23,"New York, US",0,0
5411,C075,859.31,2025-10-19 18:15:00,"London, UK",0,1
2961,C008,403.81,2025-10-19 18:17:37,"Warszawa, PL",0,0
9879,C080,3026.06,2025-10-19 18:20:49,"New York, US",0,0
9153,C043,86.35,2025-10-19 18:21:45,"New York, US",0,0
1842,C012,264.41,2025-10-19 18:23:54,"London, UK",0,0
7681,C019,69.58,2025-10-19 18:34:28,"New York, US",0,0
8770,C058,997.93,2025-10-19 18:42:39,"Kraków, PL",0,1
3550,C089,86.15,2025-10-19 18:44:54,"Kraków, PL",1,0
9999,C053,494.84,2025-10-19 18:53:06,"Warszawa, PL",1,0
4662,C040,2225.54,2025-10-19 18:54:58,"Warszawa, PL",0,0
2109,C038,207.41,2025-10-19 18:55:02,"London, UK",0,0
2452,C004,892.76,2025-10-19 18:55:45,"London, UK",0,1
5328,C036,150.54,2025-10-19 18:59:37,"Warszawa, PL",0,0
28,C007,340.41,2025-10-19 19:06:24,"London, UK",0,0
7707,C023,394.19,2025-10-19 19:06:43,"Warszawa, PL",0,0
847,C042,118.69,2025-10-19 19:08:44,"Kraków, PL",0,0
7763,C043,4333.92,2025-10-19 19:16:46,"Kraków, PL",0,0
6019,C098,52.03,2025-10-19 19:18:33,"Warszawa, PL",0,0
3829,C090,266.59,2025-10-19 19:24:05,"Kraków, PL",0,0
5885,C093,2203.18,2025-10-19 19:27:29,"London, UK",0,0
9848,C089,858.21,2025-10-19 19:28:29,"Warszawa, PL",0,0
14,C032,112.46,2025-10-19 19:33:04,"Warszawa, PL",0,0
1594,C069,906.72,2025-10-19 19:37:46,"Warszawa, PL",0,0
9864,C063,765.38,2025-10-19 19:40:24,"Warszawa, PL",0,0
1545,C010,455.29,2025-10-19 19:42:54,"Kraków, PL",0,0
1182,C046,308.92,2025-10-19 19:43:15,"London, UK",0,0
9394,C026,79.41,2025-10-19 19:45:43,"Warszawa, PL",0,0
8963,C087,466.84,2025-10-19 19:50:50,"London, UK",0,0
1660,C098,6778.79,2025-10-19 19:51:00,"New York, US",0,0
9207,C046,1624.0,2025-10-19 20:01:48,"Kraków, PL",0,0
7039,C015,1261.96,2025-10-19 20:02:46,"Warszawa, PL",0,0
2153,C089,80.78,2025-10-19 20:02:56,"London, UK",0,0
4308,C030,341.95,2025-10-19 20:09:41,"Kraków, PL",0,1
1183,C075,1165.56,2025-10-19 20:14:33,"Warszawa, PL",0,0
5780,C015,143.54,2025-10-19 20:25:31,"Kraków, PL",0,0
3246,C024,2076.29,2025-10-19 20:32:22,"Kraków, PL",0,0
8877,C060,267.86,2025-10-19 20:41:33,"New York, US",0,1
89,C093,871.37,2025-10-19 20:44:55,"Warszawa, PL",0,0
8495,C024,298.7,2025-10-19 20:46:09,"New York, US",0,0
2519,C034,610.5,2025-10-19 20:47:46,"New York, US",0,0
7790,C090,3537.93,2025-10-19 20:49:02,"Kraków, PL",0,0
6930,C046,4842.51,2025-10-19 21:05:10,"Warszawa, PL",0,0
4564,C022,2318.23,2025-10-19 21:21:24,"Kraków, PL",0,1
236,C079,401.61,2025-10-19 21:26:26,"Kraków, PL",0,0
2667,C001,98.77,2025-10-19 21:44:25,"Warszawa, PL",1,0
6001,C093,510.3,2025-10-19 21:48:20,"New York, US",0,0
568,C000,69.09,2025-10-19 21:52:51,"New York, US",0,0
2628,C023,1018.34,2025-10-19 21:54:49,"Kraków, PL",0,0
7408,C023,3270.63,2025-10-19 21:56:13,"Warszawa, PL",1,0
5194,C082,376.74,2025-10-19 22:02:16,"Warszawa, PL",0,0
6055,C004,244.27,2025-10-19 22:05:59,"New York, US",0,0
6152,C094,897.35,2025-10-19 22:09:44,"Kraków, PL",0,0
7808,C015,863.13,2025-10-19 22:15:10,"Kraków, PL",0,0
652,C010,503.48,2025-10-19 22:20:24,"London, UK",0,0
8606,C062,593.9,2025-10-19 22:24:37,"Warszawa, PL",0,0
1472,C094,171.93,2025-10-19 22:28:52,"Warszawa, PL",0,0
2598,C092,216.41,2025-10-19 22:34:47,"Kraków, PL",0,0
4489,C020,1209.05,2025-10-19 22:38:13,"New York, US",0,1
6166,C029,542.98,2025-10-19 23:00:59,"London, UK",0,0
9565,C024,284.95,2025-10-19 23:34:20,"Kraków, PL",0,0
5443,C001,2293.71,2025-10-19 23:39:58,"Kraków, PL",0,0
7054,C086,102.29,2025-10-19 23:42:22,"London, UK",0,0
5941,C040,13.97,2025-10-19 23:47:29,"Kraków, PL",0,1
8921,C032,1583.83,2025-10-19 23:49:47,"Warszawa, PL",0,0
3059,C042,7833.78,2025-10-19 23:57:22,"Warszawa, PL",0,0
1683,C040,6213.59,2025-10-20 00:01:22,"New York, US",0,0
491,C075,204.24,2025-10-20 00:03:50,"Kraków, PL",0,0
537,C048,121.34,2025-10-20 00:06:29,"London, UK",1,1
8739,C095,99.61,2025-10-20 00:07:37,"Warszawa, PL",0,0
6629,C057,417.21,2025-10-20 00:10:01,"New York, US",0,1
8807,C013,1376.87,2025-10-20 00:10:05,"Warszawa, PL",0,0
8218,C022,820.49,2025-10-20 00:10:38,"London, UK",0,0
4757,C031,604.39,2025-10-20 00:14:56,"Kraków, PL",0,0
2688,C077,1320.71,2025-10-20 00:19:07,"Warszawa, PL",0,0
2218,C001,1212.1,2025-10-20 00:19:34,"New York, US",0,0
4077,C094,5511.53,2025-10-20 00:23:16,"New York, US",0,0
3214,C078,481.64,2025-10-20 00:27:29,"London, UK",0,0
2955,C068,1785.43,2025-10-20 00:28:44,"New York, US",0,0
4947,C033,33.41,2025-10-20 00:30:35,"Kraków, PL",0,0
3094,C091,746.72,2025-10-20 00:34:46,"Kraków, PL",0,0
759,C096,32460.07,2025-10-20 00:36:49,"New York, US",0,0
2018,C043,669.96,2025-10-20 00:37:12,"London, UK",0,0
5270,C048,97.04,2025-10-20 00:40:17,"Warszawa, PL",0,0
9830,C033,1781.56,2025-10-20 00:55:39,"Kraków, PL",0,0
751,C092,121.58,2025-10-20 01:00:33,"London, UK",0,0
5313,C017,1048.47,2025-10-20 01:06:56,"New York, US",0,0
4068,C026,165.31,2025-10-20 01:15:16,"Warszawa, PL",0,0
1285,C033,7.4,2025-10-20 01:15:59,"Warszawa, PL",0,0
9173,C018,938.61,2025-10-20 01:22:02,"London, UK",0,0
9310,C086,2708.5,2025-10-20 01:23:46,"New York, US",0,0
2770,C058,2067.09,2025-10-20 01:27:41,"Warszawa, PL",0,0
7387,C022,138.5,2025-10-20 01:28:14,"Warszawa, PL",0,0
4819,C073,495.86,2025-10-20 01:28:28,"London, UK",0,0
9713,C040,2869.56,2025-10-20 01:43:38,"New York, US",0,0
6448,C097,281.61,2025-10-20 01:46:04,"Kraków, PL",0,0
3946,C029,543.4,2025-10-20 01:47:40,"Kraków, PL",0,0
2691,C016,579.76,2025-10-20 01:51:28,"London, UK",0,0
1444,C093,130.24,2025-10-20 01:53:03,"Kraków, PL",0,0
970,C019,1370.07,2025-10-20 02:04:02,"New York, US",1,0
9624,C061,18842.86,2025-10-20 02:08:12,"Warszawa, PL",0,0
460,C022,153.87,2025-10-20 02:14:30,"New York, US",0,0
2262,C037,953.23,2025-10-20 02:19:17,"Kraków, PL",0,0
9851,C057,8028.92,2025-10-20 02:21:09,"Warszawa, PL",0,0
6478,C079,465.03,2025-10-20 02:22:11,"Warszawa, PL",0,0
1506,C097,102.09,2025-10-20 02:22:32,"London, UK",0,0
3922,C064,113.91,2025-10-20 02:28:09,"New York, US",0,0
7612,C072,2735.13,2025-10-20 02:30:48,"Kraków, PL",0,1
5817,C031,555.26,2025-10-20 02:31:24,"Warszawa, PL",0,1
5416,C046,39.6,2025-10-20 02:33:07,"Kraków, PL",0,0
7150,C023,601.85,2025-10-20 02:36:55,"Kraków, PL",0,0
7264,C068,425.09,2025-10-20 02:37:15,"London, UK",0,1
9817,C016,395.48,2025-10-20 02:42:33,"Warszawa, PL",0,0
6843,C032,1176.87,2025-10-20 02:56:46,"New York, US",0,0
186,C021,1610.26,2025-10-20 02:57:02,"Warszawa, PL",0,0
4772,C052,653.7,2025-10-20 02:57:19,"New York, US",0,0
4518,C035,103.9,2025-10-20 02:59:38,"London, UK",0,0
6549,C052,122.03,2025-10-20 03:03:02,"New York, US",0,0
4099,C033,1226.73,2025-10-20 03:15:56,"Kraków, PL",0,0
8870,C091,444.37,2025-10-20 03:17:29,"Warszawa, PL",0,0
6506,C002,7088.16,2025-10-20 03:17:52,"Warszawa, PL",0,0
7564,C078,3025.45,2025-10-20 03:27:02,"Kraków, PL",0,0
815,C034,144.9,2025-10-20 03:30:10,"London, UK",0,0
3991,C083,1573.6,2025-10-20 03:30:38,"New York, US",0,0
993,C054,257.56,2025-10-20 03:31:30,"London, UK",0,0
2603,C083,142.49,2025-10-20 03:33:48,"New York, US",0,1
8320,C031,4872.56,2025-10-20 03:34:17,"London, UK",0,0
3213,C046,36.14,2025-10-20 03:38:28,"New York, US",0,0
1079,C049,57.17,2025-10-20 03:39:04,"Kraków, PL",1,0
6973,C023,28.88,2025-10-20 03:41:11,"London, UK",0,0
5476,C045,382.27,2025-10-20 03:44:18,"London, UK",0,1
6332,C021,558.2,2025-10-20 03:50:13,"New York, US",0,0
9564,C043,57.5,2025-10-20 03:56:26,"New York, US",0,1
8673,C028,1174.3,2025-10-20 04:07:44,"Kraków, PL",0,0
4960,C088,86.99,2025-10-20 04:08:19,"London, UK",0,0
3294,C033,96.28,2025-10-20 04:10:22,"London, UK",0,0
3983,C021,806.63,2025-10-20 04:12:25,"Warszawa, PL",0,0
292,C082,2103.68,2025-10-20 04:17:12,"Kraków, PL",0,1
7240,C087,362.55,2025-10-20 04:17:45,"London, UK",0,0
1173,C024,1505.56,2025-10-20 04:31:25,"London, UK",0,0
6481,C086,332.09,2025-10-20 04:34:58,"Kraków, PL",0,1
4485,C025,44.98,2025-10-20 04:37:02,"New York, US",0,0
2178,C053,265.3,2025-10-20 04:39:51,"Kraków, PL",0,0
938,C037,115.97,2025-10-20 04:44:31,"London, UK",0,0
9482,C082,807.1,2025-10-20 04:48:58,"New York, US",0,0
6310,C051,2673.19,2025-10-20 04:49:57,"Kraków, PL",0,0
1554,C038,387.89,2025-10-20 04:51:06,"Warszawa, PL",0,0
1977,C035,1863.9,2025-10-20 05:01:38,"Kraków, PL",1,0
1635,C016,104.23,2025-10-20 05:02:31,"Kraków, PL",0,0
6556,C006,254.17,2025-10-20 05:03:22,"Warszawa, PL",0,0
6951,C098,820.79,2025-10-20 05:26:34,"Warszawa, PL",0,0
8704,C075,13.68,2025-10-20 05:28:09,"New York, US",0,1
6838,C021,1928.59,2025-10-20 05:32:51,"Warszawa, PL",0,0
2063,C037,6925.26,2025-10-20 05:40:07,"Warszawa, PL",0,0
4925,C015,40.61,2025-10-20 05:49:46,"London, UK",0,0
3572,C076,27.8,2025-10-20 06:05:45,"Kraków, PL",0,0
9348,C074,71.39,2025-10-20 06:14:07,"London, UK",0,0
9789,C068,145.65,2025-10-20 06:17:54,"Warszawa, PL",0,0
7904,C097,94.25,2025-10-20 06:19:04,"Warszawa, PL",0,0
9975,C006,16536.59,2025-10-20 06:25:01,"London, UK",0,1
9985,C010,393.02,2025-10-20 06:25:43,"London, UK",0,0
2635,C066,1071.78,2025-10-20 06:29:27,"New York, US",0,0
949,C098,176.18,2025-10-20 06:29:55,"Kraków, PL",0,0
7747,C060,761.58,2025-10-20 06:33:45,"New York, US",0,1
7168,C063,631.85,2025-10-20 06:36:45,"Warszawa, PL",0,0
5854,C046,211.47,2025-10-20 06:37:02,"London, UK",0,0
659,C038,2248.07,2025-10-20 06:40:57,"New York, US",0,0
921,C012,96.41,2025-10-20 06:47:31,"London, UK",0,0
9491,C017,153.83,2025-10-20 06:50:11,"New York, US",0,0
1075,C002,1297.34,2025-10-20 06:55:42,"Kraków, PL",0,0
6409,C091,204.28,2025-10-20 06:57:48,"New York, US",0,0
2450,C053,28.59,2025-10-20 07:06:24,"New York, US",0,0
1997,C090,2949.34,2025-10-20 07:09:17,"Warszawa, PL",0,0
4498,C031,161.16,2025-10-20 07:10:09,"Kraków, PL",0,0
2909,C055,526.86,2025-10-20 07:21:06,"Kraków, PL",0,1
2020,C006,677.46,2025-10-20 07:21:38,"New York, US",0,0
3519,C078,195.52,2025-10-20 07:28:46,"London, UK",0,1
5015,C083,54.16,2025-10-20 07:30:38,"New York, US",0,0
6457,C010,187.32,2025-10-20 07:31:25,"London, UK",0,0
618,C058,2808.66,2025-10-20 07:32:05,"London, UK",0,0
8785,C061,338.47,2025-10-20 07:33:12,"Warszawa, PL",0,0
5448,C096,670.21,2025-10-20 07:34:46,"Kraków, PL",0,0
6233,C084,1821.16,2025-10-20 07:36:50,"New York, US",0,0
978,C075,1039.19,2025-10-20 07:37:25,"Warszawa, PL",0,0
3860,C058,779.59,2025-10-20 07:44:58,"New York, US",0,1
4914,C073,276.68,2025-10-20 07:49:29,"London, UK",0,0
8531,C027,1199.91,2025-10-20 07:52:56,"Warszawa, PL",0,0
8550,C034,74.54,2025-10-20 07:54:41,"Warszawa, PL",0,0
1212,C065,1193.78,2025-10-20 07:54:55,"Warszawa, PL",0,0
2097,C054,1062.17,2025-10-20 07:55:43,"Kraków, PL",0,0
5189,C041,124.27,2025-10-20 07:59:44,"New York, US",0,0
1146,C032,1790.21,2025-10-20 08:08:27,"Warszawa, PL",1,0
6454,C060,2404.77,2025-10-20 08:10:37,"Kraków, PL",0,0
4617,C071,79.28,2025-10-20 08:14:31,"Warszawa, PL",0,0
3395,C005,671.43,2025-10-20 08:14:50,"New York, US",1,1
477,C078,403.37,2025-10-20 08:20:47,"Kraków, PL",0,0
7845,C096,2090.8,2025-10-20 08:28:00,"Kraków, PL",0,0
5715,C006,236.99,2025-10-20 08:29:41,"London, UK",0,0
9252,C038,77.86,2025-10-20 08:34:13,"Kraków, PL",0,0
4942,C002,4273.74,2025-10-20 08:42:03,"Warszawa, PL",0,0
6560,C047,301.62,2025-10-20 08:55:48,"New York, US",0,0
5372,C081,393.07,2025-10-20 09:00:16,"London, UK",0,0
1052,C048,94.87,2025-10-20 09:10:10,"Warszawa, PL",0,0
2022,C086,83.58,2025-10-20 09:12:14,"Warszawa, PL",0,0
4859,C038,608.82,2025-10-20 09:14:39,"Warszawa, PL",0,0
2836,C026,126.7,2025-10-20 09:27:02,"Kraków, PL",0,0
2418,C072,543.59,2025-10-20 09:43:14,"Warszawa, PL",1,0
8819,C015,849.77,2025-10-20 09:48:00,"New York, US",0,0
2636,C022,406.98,2025-10-20 09:49:50,"New York, US",0,0
7159,C053,423.74,2025-10-20 09:50:29,"London, UK",0,0
6175,C012,582.89,2025-10-20 09:52:31,"London, UK",0,0
6667,C007,8.53,2025-10-20 09:55:53,"Kraków, PL",0,0
1174,C009,337.12,2025-10-20 09:58:00,"Kraków, PL",0,0
3635,C086,469.85,2025-10-20 10:05:10,"New York, US",0,0
8743,C076,323.27,2025-10-20 10:10:19,"Kraków, PL",0,0
628,C029,405.79,2025-10-20 10:13:44,"Warszawa, PL",0,0
4652,C063,35.28,2025-10-20 10:15:45,"Warszawa, PL",0,0
1266,C075,593.71,2025-10-20 10:25:17,"Warszawa, PL",0,0
4440,C062,180.78,2025-10-20 10:25:56,"Kraków, PL",0,0
3345,C022,325.1,2025-10-20 10:26:14,"Kraków, PL",0,0
1653,C011,53.65,2025-10-20 10:31:59,"Kraków, PL",0,0
476,C093,2388.21,2025-10-20 10:35:34,"Kraków, PL",0,0
4992,C039,5.59,2025-10-20 10:36:28,"New York, US",0,0
9952,C030,753.91,2025-10-20 10:36:35,"Warszawa, PL",0,1
9873,C096,3608.03,2025-10-20 10:37:51,"New York, US",0,0
6783,C036,21.87,2025-10-20 10:39:44,"New York, US",1,0
6800,C051,733.52,2025-10-20 10:45:23,"Warszawa, PL",0,0
4967,C044,485.35,2025-10-20 10:45:37,"Kraków, PL",0,0
1580,C014,90.7,2025-10-20 10:47:05,"Kraków, PL",0,0
7967,C067,211.95,2025-10-20 10:51:38,"Kraków, PL",0,0
4174,C021,869.79,2025-10-20 11:12:25,"Kraków, PL",0,0
2488,C081,2013.76,2025-10-20 11:18:37,"London, UK",0,0
8366,C061,146.12,2025-10-20 11:18:50,"London, UK",0,0
7261,C098,6708.94,2025-10-20 11:21:52,"Kraków, PL",0,0
3813,C046,725.89,2025-10-20 11:24:05,"New York, US",0,1
1274,C025,209.83,2025-10-20 11:25:50,"Kraków, PL",0,0
2984,C014,2657.97,2025-10-20 11:26:34,"New York, US",0,0
3492,C025,470.96,2025-10-20 11:31:44,"New York, US",0,0
2012,C074,14.85,2025-10-20 11:38:14,"New York, US",0,0
7117,C004,181.9,2025-10-20 11:38:27,"New York, US",0,0
7340,C028,1749.56,2025-10-20 11:38:46,"London, UK",0,0
7405,C011,1253.07,2025-10-20 11:39:23,"London, UK",0,0
376,C056,80.19,2025-10-20 11:41:01,"Kraków, PL",0,0
5894,C076,431.67,2025-10-20 11:47:56,"Warszawa, PL",0,0
6141,C055,455.41,2025-10-20 12:01:16,"London, UK",0,0
2356,C025,37.59,2025-10-20 12:12:48,"Kraków, PL",0,0
363,C093,266.1,2025-10-20 12:13:02,"New York, US",0,0
4817,C055,2797.85,2025-10-20 12:13:49,"Kraków, PL",0,0
6585,C001,92.58,2025-10-20 12:14:05,"Warszawa, PL",0,0
5296,C033,1886.76,2025-10-20 12:18:56,"London, UK",0,0
8271,C044,101.8,2025-10-20 12:21:54,"New York, US",0,0
8455,C090,460.84,2025-10-20 12:30:18,"New York, US",0,0
582,C030,857.99,2025-10-20 12:41:37,"New York, US",0,0
3898,C047,70.24,2025-10-20 12:48:11,"London, UK",0,0
6232,C014,25.48,2025-10-20 12:51:53,"New York, US",0,0
7930,C041,1268.72,2025-10-20 13:00:34,"Kraków, PL",0,0
7401,C097,214.7,2025-10-20 13:06:18,"London, UK",0,0
864,C093,1693.59,2025-10-20 13:06:51,"London, UK",0,0
3498,C000,3323.45,2025-10-20 13:12:46,"London, UK",0,0
241,C042,1364.24,2025-10-20 13:18:23,"New York, US",0,0
5591,C000,29.99,2025-10-20 13:23:05,"Warszawa, PL",0,0
4459,C014,2016.88,2025-10-20 13:26:51,"Warszawa, PL",0,1
5255,C009,412.21,2025-10-20 13:30:35,"Kraków, PL",0,0
2848,C030,72.35,2025-10-20 13:31:48,"New York, US",0,0
3670,C060,59.42,2025-10-20 13:33:16,"Warszawa, PL",0,0
9490,C067,573.47,2025-10-20 13:40:00,"London, UK",0,0
1003,C002,1024.83,2025-10-20 13:46:39,"Warszawa, PL",0,0
1310,C021,2989.81,2025-10-20 13:48:00,"New York, US",0,0
7390,C022,1592.11,2025-10-20 13:48:00,"London, UK",0,0
757,C028,2137.92,2025-10-20 13:49:45,"New York, US",1,0
4237,C041,73.76,2025-10-20 13:53:38,"Kraków, PL",0,0
5526,C016,6937.63,2025-10-20 13:54:05,"London, UK",0,0
4769,C095,197.19,2025-10-20 13:57:14,"London, UK",0,0
2469,C051,825.93,2025-10-20 13:59:27,"Warszawa, PL",0,0
2767,C003,1051.45,2025-10-20 14:01:23,"London, UK",0,0
5914,C047,1582.62,2025-10-20 14:12:56,"New York, US",0,0
1796,C022,638.37,2025-10-20 14:14:04,"New York, US",0,0
8272,C000,397.86,2025-10-20 14:16:36,"Warszawa, PL",0,0
5616,C024,320.43,2025-10-20 14:18:54,"Warszawa, PL",0,0
1790,C064,423.57,2025-10-20 14:20:07,"Kraków, PL",0,0
4855,C082,155.94,2025-10-20 14:29:55,"London, UK",0,0
248,C046,73.01,2025-10-20 14:43:46,"Kraków, PL",0,0
7291,C017,805.84,2025-10-20 14:48:02,"New York, US",0,0
9627,C009,131.89,2025-10-20 14:56:39,"London, UK",0,1
95,C065,407.85,2025-10-20 14:59:13,"Kraków, PL",0,0
5206,C026,4130.29,2025-10-20 15:00:35,"Kraków, PL",0,1
2199,C000,125.67,2025-10-20 15:03:43,"Kraków, PL",0,0
7242,C081,752.33,2025-10-20 15:06:53,"New York, US",0,0
4405,C075,120.55,2025-10-20 15:13:31,"New York, US",0,0
9746,C010,592.22,2025-10-20 15:13:47,"London, UK",0,1
8867,C030,3495.34,2025-10-20 15:22:36,"New York, US",0,0
9847,C023,2302.53,2025-10-20 15:25:26,"London, UK",0,0
6932,C090,18.76,2025-10-20 15:29:05,"London, UK",0,0
8273,C064,348.43,2025-10-20 15:31:33,"Warszawa, PL",0,0
5940,C033,37.57,2025-10-20 15:31:47,"New York, US",0,0
146,C062,162.34,2025-10-20 15:36:55,"London, UK",0,0
6503,C000,615.64,2025-10-20 15:41:53,"Kraków, PL",0,0
6514,C034,4703.93,2025-10-20 15:48:19,"Warszawa, PL",0,1
4693,C008,2470.12,2025-10-20 15:57:37,"Warszawa, PL",0,0
4265,C025,652.86,2025-10-20 16:01:40,"London, UK",0,0
375,C072,193.29,2025-10-20 16:12:42,"London, UK",0,0
111,C015,200.01,2025-10-20 16:12:55,"Warszawa, PL",0,0
9136,C029,131.23,2025-10-20 16:13:16,"Kraków, PL",0,0
258,C006,18.87,2025-10-20 16:22:20,"New York, US",0,0
6817,C012,330.69,2025-10-20 16:24:13,"Kraków, PL",0,0
6092,C087,450.8,2025-10-20 16:24:43,"Warszawa, PL",0,0
7929,C036,234.72,2025-10-20 16:32:44,"London, UK",0,0
7677,C016,19.9,2025-10-20 16:33:10,"New York, US",0,0
7626,C081,308.89,2025-10-20 16:33:41,"London, UK",0,1
8297,C052,222.55,2025-10-20 16:34:19,"Warszawa, PL",0,0
7151,C014,2839.25,2025-10-20 16:37:02,"Kraków, PL",0,0
7600,C095,170.22,2025-10-20 16:37:34,"Kraków, PL",0,0
3915,C052,70.67,2025-10-20 16:42:23,"London, UK",0,1
5952,C052,67.81,2025-10-20 16:46:12,"Warszawa, PL",0,0
5954,C067,309.29,2025-10-20 16:49:35,"Warszawa, PL",0,0
2139,C043,57.73,2025-10-20 16:51:36,"New York, US",0,0
6997,C021,522.85,2025-10-20 16:52:36,"Kraków, PL",0,0
9223,C019,349.1,2025-10-20 17:01:45,"Warszawa, PL",0,0
7741,C078,2577.88,2025-10-20 17:09:50,"London, UK",0,0
1192,C087,1371.66,2025-10-20 17:11:22,"New York, US",0,0
2692,C086,4917.22,2025-10-20 17:12:18,"Warszawa, PL",0,0
2073,C014,141.28,2025-10-20 17:15:36,"London, UK",1,1
4223,C060,1562.67,2025-10-20 17:46:18,"Kraków, PL",0,0
2677,C062,1832.47,2025-10-20 17:46:42,"Warszawa, PL",0,0
6996,C076,2842.09,2025-10-20 17:47:28,"Warszawa, PL",0,0
5187,C069,182.67,2025-10-20 17:56:37,"New York, US",0,0
2803,C007,1283.64,2025-10-20 18:03:00,"London, UK",0,0
4389,C060,452.64,2025-10-20 18:07:17,"Kraków, PL",0,0
4982,C026,172.37,2025-10-20 18:24:53,"New York, US",0,0
4334,C053,458.52,2025-10-20 18:30:26,"New York, US",0,0
2577,C091,175.28,2025-10-20 18:32:33,"Warszawa, PL",0,0
4088,C030,909.64,2025-10-20 18:43:14,"London, UK",0,1
9880,C085,482.01,2025-10-20 18:51:30,"Kraków, PL",0,0
377,C030,94.82,2025-10-20 19:06:40,"New York, US",0,0
7797,C035,256.17,2025-10-20 19:16:58,"Warszawa, PL",0,0
8109,C046,11473.44,2025-10-20 19:29:27,"Warszawa, PL",0,0
5077,C077,2025.52,2025-10-20 19:30:29,"New York, US",0,0
1721,C032,38.9,2025-10-20 19:31:50,"New York, US",0,0
4930,C053,211.09,2025-10-20 19:35:05,"Kraków, PL",0,0
1281,C098,922.99,2025-10-20 19:35:36,"Kraków, PL",0,0
8276,C067,58.33,2025-10-20 19:35:42,"Warszawa, PL",0,0
8776,C083,329.93,2025-10-20 19:35:56,"London, UK",0,0
926,C016,137.49,2025-10-20 19:38:27,"Kraków, PL",1,0
7705,C096,163.83,2025-10-20 19:40:11,"Warszawa, PL",0,0
5087,C023,112.85,2025-10-20 19:40:22,"Kraków, PL",0,0
7570,C073,66.3,2025-10-20 19:42:16,"Warszawa, PL",0,0
6828,C093,5656.42,2025-10-20 19:42:31,"New York, US",0,0
2105,C052,462.57,2025-10-20 19:42:53,"London, UK",0,0
3676,C036,89.27,2025-10-20 19:43:06,"New York, US",0,0
1101,C056,276.12,2025-10-20 19:45:25,"Warszawa, PL",0,0
4553,C075,89.72,2025-10-20 19:46:37,"London, UK",0,0
4650,C051,79.89,2025-10-20 19:57:25,"Warszawa, PL",0,1
8503,C093,19.96,2025-10-20 20:03:56,"London, UK",0,1
4416,C096,1417.42,2025-10-20 20:04:06,"Kraków, PL",0,0
3858,C007,447.71,2025-10-20 20:05:12,"London, UK",0,0
4332,C062,244.54,2025-10-20 20:07:56,"London, UK",0,0
3618,C043,34.5,2025-10-20 20:11:55,"New York, US",0,0
6723,C098,2323.77,2025-10-20 20:24:26,"Kraków, PL",0,0
4470,C006,801.89,2025-10-20 20:26:27,"Warszawa, PL",0,0
3737,C002,927.81,2025-10-20 20:31:36,"New York, US",0,0
7434,C050,200.7,2025-10-20 20:31:37,"London, UK",0,0
1172,C040,365.02,2025-10-20 20:45:50,"Warszawa, PL",0,0
421,C004,317.87,2025-10-20 20:47:29,"Kraków, PL",1,0
5386,C018,209.08,2025-10-20 20:47:52,"Warszawa, PL",0,0
2361,C040,206.9,2025-10-20 20:48:55,"New York, US",0,0
9361,C055,225.61,2025-10-20 20:55:57,"Kraków, PL",0,0
5551,C086,474.24,2025-10-20 21:09:58,"New York, US",0,0
5319,C054,1041.02,2025-10-20 21:10:20,"Warszawa, PL",0,0
6246,C080,1489.4,2025-10-20 21:28:05,"Warszawa, PL",0,0
7483,C013,342.71,2025-10-20 21:51:43,"Kraków, PL",1,0
7106,C068,1950.74,2025-10-20 22:01:09,"Warszawa, PL",0,0
4723,C002,352.05,2025-10-20 22:04:46,"Kraków, PL",0,0
6422,C055,175.68,2025-10-20 22:09:39,"Kraków, PL",0,0
2591,C052,1309.78,2025-10-20 22:11:44,"Warszawa, PL",0,0
11,C011,2529.1,2025-10-20 22:12:42,"London, UK",0,0
7897,C029,49.68,2025-10-20 22:32:03,"Warszawa, PL",0,0
6317,C026,72.14,2025-10-20 22:45:25,"London, UK",0,0
990,C097,245.11,2025-10-20 22:45:36,"London, UK",0,0
9920,C086,423.99,2025-10-20 22:48:53,"New York, US",1,0
2714,C065,148.97,2025-10-20 22:51:18,"New York, US",0,0
7058,C060,334.17,2025-10-20 22:55:14,"Kraków, PL",0,0
8035,C070,487.07,2025-10-20 23:00:54,"Warszawa, PL",0,0
4936,C069,626.55,2025-10-20 23:04:13,"London, UK",0,0
8573,C081,47.39,2025-10-20 23:05:20,"Warszawa, PL",0,0
9901,C084,38.44,2025-10-20 23:09:24,"New York, US",0,0
6381,C026,1841.67,2025-10-20 23:18:57,"Kraków, PL",0,0
1437,C020,487.95,2025-10-20 23:23:58,"New York, US",0,0
1577,C092,93.19,2025-10-20 23:39:44,"Kraków, PL",0,1
6459,C007,13.51,2025-10-20 23:40:07,"New York, US",0,0
9812,C016,630.28,2025-10-20 23:50:42,"Kraków, PL",0,0
8777,C055,492.66,2025-10-20 23:53:24,"New York, US",0,0
966,C043,366.06,2025-10-20 23:53:55,"Kraków, PL",0,0
4081,C037,4690.25,2025-10-20 23:56:19,"Warszawa, PL",0,0
4352,C024,237.32,2025-10-21 00:00:35,"New York, US",0,0
6411,C064,1176.31,2025-10-21 00:02:52,"New York, US",0,0
9788,C068,349.46,2025-10-21 00:08:14,"Kraków, PL",0,0
7778,C068,278.58,2025-10-21 00:21:08,"Kraków, PL",0,0
5490,C033,209.73,2025-10-21 00:21:12,"Kraków, PL",0,0
6935,C071,2223.92,2025-10-21 00:21:44,"Warszawa, PL",0,0
9696,C098,147.13,2025-10-21 00:22:53,"New York, US",0,0
4493,C029,348.37,2025-10-21 00:23:11,"London, UK",0,0
9269,C027,1315.38,2025-10-21 00:24:52,"New York, US",0,0
131,C028,161.52,2025-10-21 00:39:41,"Warszawa, PL",0,0
6251,C084,246.35,2025-10-21 00:42:03,"New York, US",0,0
6931,C076,1198.52,2025-10-21 00:49:08,"London, UK",0,0
6836,C085,1822.52,2025-10-21 00:49:53,"Warszawa, PL",0,0
7535,C060,649.57,2025-10-21 00:50:10,"Warszawa, PL",0,0
1989,C031,549.62,2025-10-21 00:58:22,"Warszawa, PL",0,0
1435,C021,132.65,2025-10-21 01:09:10,"Warszawa, PL",0,0
8709,C007,1040.41,2025-10-21 01:09:20,"London, UK",0,0
1185,C055,197.61,2025-10-21 01:13:21,"Warszawa, PL",0,0
8147,C033,18.7,2025-10-21 01:17:20,"Kraków, PL",0,0
6359,C022,228.52,2025-10-21 01:19:04,"New York, US",0,0
8247,C037,262.52,2025-10-21 01:20:21,"Warszawa, PL",0,0
2723,C020,1071.2,2025-10-21 01:22:40,"London, UK",0,0
7866,C060,531.51,2025-10-21 01:29:19,"New York, US",0,0
2448,C017,169.18,2025-10-21 01:31:33,"Kraków, PL",1,0
9892,C045,118.17,2025-10-21 01:31:42,"Kraków, PL",0,0
8450,C053,317.9,2025-10-21 01:33:32,"Warszawa, PL",0,0
1716,C039,960.27,2025-10-21 01:34:50,"London, UK",0,0
5430,C031,91.67,2025-10-21 01:36:48,"Warszawa, PL",0,0
101,C040,50.95,2025-10-21 01:36:56,"Warszawa, PL",0,0
7096,C069,2541.0,2025-10-21 01:43:22,"New York, US",0,0
9206,C046,15.88,2025-10-21 01:44:40,"Warszawa, PL",0,0
7345,C010,312.29,2025-10-21 01:45:58,"New York, US",0,0
6787,C005,249.16,2025-10-21 01:47:28,"New York, US",0,0
1259,C057,498.53,2025-10-21 01:48:51,"Kraków, PL",0,0
1426,C079,100.91,2025-10-21 01:49:41,"Kraków, PL",0,0
5053,C005,40.83,2025-10-21 01:52:28,"New York, US",0,0
29,C021,179.28,2025-10-21 01:53:34,"New York, US",0,0
7047,C036,774.96,2025-10-21 01:54:02,"New York, US",0,1
2674,C018,416.98,2025-10-21 01:57:02,"Kraków, PL",0,1
314,C007,199.17,2025-10-21 01:59:58,"London, UK",0,0
541,C002,239.81,2025-10-21 02:00:48,"Warszawa, PL",0,0
4866,C044,2181.5,2025-10-21 02:06:26,"New York, US",0,0
6557,C065,4674.14,2025-10-21 02:13:39,"Kraków, PL",0,1
8850,C095,472.84,2025-10-21 02:16:01,"London, UK",0,1
6075,C049,453.9,2025-10-21 02:19:04,"Warszawa, PL",0,0
7972,C018,404.03,2025-10-21 02:19:40,"New York, US",0,0
8803,C068,147.36,2025-10-21 02:19:57,"New York, US",0,0
8906,C090,194.09,2025-10-21 02:21:02,"Warszawa, PL",0,0
9432,C086,122.2,2025-10-21 02:25:25,"London, UK",0,0
7146,C097,1518.53,2025-10-21 02:31:11,"New York, US",0,0
5032,C058,4244.91,2025-10-21 02:31:19,"New York, US",0,0
8674,C007,234.19,2025-10-21 02:32:50,"Kraków, PL",0,0
8553,C039,1007.32,2025-10-21 02:33:02,"New York, US",0,1
8662,C032,1599.95,2025-10-21 02:34:01,"Kraków, PL",0,0
4412,C041,376.72,2025-10-21 02:35:07,"London, UK",0,0
6967,C097,1468.01,2025-10-21 02:35:38,"Kraków, PL",0,0
9093,C070,15.93,2025-10-21 02:39:00,"New York, US",0,0
2835,C008,1560.89,2025-10-21 02:43:39,"Warszawa, PL",0,0
1565,C018,2047.14,2025-10-21 02:51:00,"New York, US",0,0
6717,C022,166.34,2025-10-21 02:52:24,"Warszawa, PL",0,0
8630,C012,38.56,2025-10-21 03:06:20,"New York, US",0,0
6650,C076,1838.78,2025-10-21 03:10:07,"Warszawa, PL",0,0
5301,C000,398.01,2025-10-21 03:19:03,"Warszawa, PL",0,0
2023,C086,346.21,2025-10-21 03:21:00,"London, UK",0,1
5811,C062,865.62,2025-10-21 03:30:40,"New York, US",0,0
9795,C037,176.13,2025-10-21 03:35:07,"London, UK",0,0
3477,C009,601.82,2025-10-21 03:36:56,"London, UK",0,0
9918,C028,613.51,2025-10-21 03:48:24,"New York, US",0,0
8861,C047,33.06,2025-10-21 03:52:20,"New York, US",0,0
8067,C083,2174.03,2025-10-21 03:52:28,"Warszawa, PL",0,1
334,C047,3021.45,2025-10-21 04:04:50,"Kraków, PL",0,0
1068,C064,278.05,2025-10-21 04:16:13,"London, UK",0,0
6309,C023,21384.7,2025-10-21 04:21:23,"Kraków, PL",0,0
4401,C022,268.21,2025-10-21 04:25:33,"New York, US",0,0
1219,C059,737.59,2025-10-21 04:29:28,"New York, US",0,0
4536,C097,4833.42,2025-10-21 04:42:57,"London, UK",1,0
3987,C045,597.45,2025-10-21 04:44:46,"Warszawa, PL",0,0
4092,C051,508.8,2025-10-21 04:51:35,"Warszawa, PL",0,0
5028,C006,314.75,2025-10-21 04:53:02,"London, UK",0,1
7359,C012,295.26,2025-10-21 04:59:24,"London, UK",0,1
6098,C082,891.94,2025-10-21 05:03:31,"Kraków, PL",0,0
4345,C007,1366.21,2025-10-21 05:07:08,"Kraków, PL",0,0
5170,C017,176.11,2025-10-21 05:16:14,"Warszawa, PL",0,1
6673,C053,90.37,2025-10-21 05:17:10,"London, UK",0,0
3362,C014,369.35,2025-10-21 05:20:21,"London, UK",0,0
5226,C066,760.18,2025-10-21 05:20:58,"Kraków, PL",0,0
4756,C042,99.06,2025-10-21 05:26:55,"Kraków, PL",1,0
9138,C056,6351.66,2025-10-21 05:28:29,"Kraków, PL",0,0
8392,C009,45.45,2025-10-21 05:31:26,"New York, US",1,0
4937,C022,655.43,2025-10-21 05:36:29,"London, UK",0,0
5936,C005,1217.4,2025-10-21 05:37:31,"Kraków, PL",0,0
9895,C035,85.81,2025-10-21 05:42:05,"London, UK",0,0
5629,C079,54.99,2025-10-21 05:45:42,"London, UK",0,0
2951,C056,388.01,2025-10-21 05:48:12,"London, UK",0,1
2952,C019,81.52,2025-10-21 05:50:40,"New York, US",0,0
6014,C050,1385.31,2025-10-21 05:57:23,"New York, US",0,1
6934,C042,807.32,2025-10-21 06:03:56,"London, UK",0,1
8130,C076,240.53,2025-10-21 06:06:58,"New York, US",0,0
6062,C061,42.73,2025-10-21 06:15:25,"New York, US",0,0
1107,C048,37.42,2025-10-21 06:22:02,"London, UK",0,0
9079,C089,1112.56,2025-10-21 06:26:12,"Kraków, PL",0,0
969,C010,50.3,2025-10-21 06:26:41,"New York, US",0,0
3746,C000,2076.93,2025-10-21 06:28:41,"London, UK",0,0
5322,C006,370.62,2025-10-21 06:36:18,"London, UK",0,0
2888,C074,3629.57,2025-10-21 06:43:37,"London, UK",0,0
3582,C095,384.29,2025-10-21 06:44:07,"Kraków, PL",0,0
4663,C026,100.31,2025-10-21 06:45:46,"New York, US",0,0
5993,C037,4316.89,2025-10-21 06:47:59,"Kraków, PL",0,0
7676,C082,251.2,2025-10-21 06:52:14,"New York, US",0,0
1055,C030,291.56,2025-10-21 06:58:29,"Warszawa, PL",0,0
242,C048,553.95,2025-10-21 07:06:26,"Kraków, PL",1,0
8655,C030,1943.57,2025-10-21 07:08:19,"London, UK",0,0
1063,C084,245.22,2025-10-21 07:14:41,"Warszawa, PL",0,0
125,C040,108.96,2025-10-21 07:25:01,"Warszawa, PL",0,0
2860,C039,81.53,2025-10-21 07:29:13,"New York, US",0,0
1534,C064,913.51,2025-10-21 07:29:49,"London, UK",0,1
7425,C014,692.96,2025-10-21 07:31:29,"Kraków, PL",0,0
6782,C010,567.48,2025-10-21 07:32:03,"New York, US",0,0
5380,C028,3396.08,2025-10-21 07:37:41,"London, UK",0,0
9118,C057,404.23,2025-10-21 07:38:20,"Kraków, PL",0,0
509,C063,385.0,2025-10-21 07:39:24,"Kraków, PL",0,0
2322,C089,545.29,2025-10-21 07:39:57,"Warszawa, PL",0,0
168,C073,1048.33,2025-10-21 07:41:54,"London, UK",0,0
5158,C022,73.43,2025-10-21 07:44:19,"Kraków, PL",0,0
2329,C036,196.88,2025-10-21 07:52:52,"Warszawa, PL",0,0
3357,C077,1041.48,2025-10-21 07:56:58,"London, UK",0,0
1311,C097,651.74,2025-10-21 07:57:14,"London, UK",1,0
7131,C074,1158.02,2025-10-21 08:00:23,"Warszawa, PL",0,0
230,C061,934.82,2025-10-21 08:04:34,"New York, US",0,0
4356,C083,120.83,2025-10-21 08:09:38,"New York, US",0,0
107,C076,831.22,2025-10-21 08:10:20,"Kraków, PL",0,0
9615,C011,1329.22,2025-10-21 08:13:09,"New York, US",0,0
2624,C028,664.66,2025-10-21 08:14:15,"New York, US",0,0
6452,C057,581.81,2025-10-21 08:14:19,"Warszawa, PL",0,0
149,C030,88.18,2025-10-21 08:21:16,"Kraków, PL",0,0
7391,C055,11.99,2025-10-21 08:28:31,"Kraków, PL",0,0
845,C093,1573.02,2025-10-21 08:35:13,"New York, US",0,0
2375,C016,574.89,2025-10-21 08:36:49,"London, UK",0,0
4479,C074,94.07,2025-10-21 08:43:25,"Kraków, PL",0,0
250,C097,2222.96,2025-10-21 08:43:38,"Warszawa, PL",0,0
7480,C070,99.9,2025-10-21 08:44:28,"London, UK",0,0
7674,C014,63.95,2025-10-21 08:54:18,"New York, US",0,0
6940,C051,317.24,2025-10-21 08:55:56,"Warszawa, PL",0,0
1588,C023,73.29,2025-10-21 08:56:39,"Warszawa, PL",0,0
2914,C031,95.92,2025-10-21 09:00:16,"London, UK",0,0
1605,C032,1140.56,2025-10-21 09:02:26,"Kraków, PL",0,0
4540,C088,183.93,2025-10-21 09:03:31,"London, UK",0,0
484,C021,1411.84,2025-10-21 09:04:00,"Warszawa, PL",0,0
5410,C084,230.77,2025-10-21 09:05:43,"London, UK",0,0
5183,C058,357.73,2025-10-21 09:06:45,"New York, US",0,0
1041,C036,750.72,2025-10-21 09:18:27,"London, UK",0,0
7493,C044,81.04,2025-10-21 09:19:41,"Warszawa, PL",0,0
2703,C028,1061.74,2025-10-21 09:21:28,"Kraków, PL",0,0
3344,C025,2289.73,2025-10-21 09:29:41,"New York, US",0,0
5774,C000,1895.29,2025-10-21 09:39:18,"Warszawa, PL",0,0
1548,C073,3149.16,2025-10-21 09:41:39,"New York, US",0,0
7056,C086,107.11,2025-10-21 09:45:36,"Warszawa, PL",0,0
3057,C027,289.58,2025-10-21 09:45:52,"London, UK",0,0
8135,C057,408.62,2025-10-21 09:52:49,"New York, US",0,0
7001,C047,158.42,2025-10-21 09:59:30,"Kraków, PL",0,0
4787,C015,124.1,2025-10-21 10:04:07,"London, UK",0,0
6018,C058,565.42,2025-10-21 10:22:07,"London, UK",0,0
792,C005,16357.65,2025-10-21 10:25:34,"Kraków, PL",0,0
4586,C013,65.97,2025-10-21 10:34:02,"Kraków, PL",0,1
7815,C094,482.03,2025-10-21 10:34:14,"New York, US",0,0
1838,C053,7256.75,2025-10-21 10:34:51,"New York, US",0,1
5390,C073,6259.31,2025-10-21 10:40:46,"Kraków, PL",0,0
3978,C026,243.25,2025-10-21 10:42:29,"New York, US",0,0
8022,C083,54.71,2025-10-21 10:49:51,"Kraków, PL",0,0
3996,C041,2443.85,2025-10-21 10:50:03,"New York, US",0,1
3586,C072,73.48,2025-10-21 10:50:26,"Kraków, PL",0,0
3376,C075,725.11,2025-10-21 10:51:32,"New York, US",0,0
4641,C044,316.42,2025-10-21 10:54:18,"Warszawa, PL",0,0
6281,C007,440.0,2025-10-21 10:59:57,"New York, US",0,0
8342,C089,146.98,2025-10-21 11:04:24,"Warszawa, PL",0,0
5728,C027,865.39,2025-10-21 11:12:36,"New York, US",0,0
2719,C019,4544.66,2025-10-21 11:14:13,"London, UK",0,0
7017,C021,306.16,2025-10-21 11:33:55,"London, UK",0,0
80,C062,130.09,2025-10-21 11:35:06,"Warszawa, PL",0,0
4404,C013,32.63,2025-10-21 11:35:36,"Warszawa, PL",0,0
1702,C024,96.61,2025-10-21 11:39:18,"Warszawa, PL",0,0
1919,C035,5638.32,2025-10-21 11:42:11,"Warszawa, PL",0,0
300,C046,1075.19,2025-10-21 11:42:27,"Warszawa, PL",0,0
4539,C086,849.73,2025-10-21 11:46:35,"Kraków, PL",0,0
2472,C062,1903.37,2025-10-21 11:47:15,"London, UK",0,0
4344,C067,2958.62,2025-10-21 11:47:47,"London, UK",0,0
7575,C027,2206.02,2025-10-21 11:51:16,"New York, US",0,0
5260,C020,1054.63,2025-10-21 11:51:40,"Warszawa, PL",0,0
136,C098,1046.13,2025-10-21 11:52:50,"New York, US",0,0
9644,C045,494.2,2025-10-21 11:52:55,"Kraków, PL",0,0
4705,C013,503.54,2025-10-21 11:53:40,"Warszawa, PL",0,0
8675,C084,89.76,2025-10-21 11:55:12,"New York, US",0,0
4629,C017,161.75,2025-10-21 11:57:36,"Warszawa, PL",0,0
9695,C015,2106.99,2025-10-21 12:06:34,"London, UK",0,0
6525,C088,3936.85,2025-10-21 12:14:51,"Warszawa, PL",0,0
2280,C014,154.91,2025-10-21 12:25:24,"New York, US",0,0
8547,C057,39.6,2025-10-21 12:42:55,"Warszawa, PL",0,0
5133,C054,72.09,2025-10-21 12:44:11,"Warszawa, PL",0,0
3528,C035,4852.33,2025-10-21 12:51:48,"Warszawa, PL",0,0
275,C085,311.71,2025-10-21 13:16:30,"Kraków, PL",0,0
4527,C077,478.44,2025-10-21 13:25:39,"London, UK",0,0
2906,C099,201.57,2025-10-21 13:28:20,"Kraków, PL",0,0
8592,C012,829.9,2025-10-21 13:29:01,"Kraków, PL",0,0
8250,C078,97.03,2025-10-21 13:29:57,"London, UK",0,0
2143,C009,42.54,2025-10-21 13:30:08,"London, UK",0,0
2977,C079,7931.1,2025-10-21 13:33:19,"London, UK",0,0
7889,C012,31.71,2025-10-21 13:34:22,"Warszawa, PL",0,1
9995,C076,9557.16,2025-10-21 13:36:04,"Warszawa, PL",0,0
3325,C026,206.33,2025-10-21 13:45:46,"London, UK",0,0
8589,C093,272.64,2025-10-21 13:47:40,"London, UK",0,0
4978,C063,951.67,2025-10-21 13:55:07,"Kraków, PL",0,1
8019,C017,774.15,2025-10-21 13:59:53,"Warszawa, PL",0,0
7545,C093,66.18,2025-10-21 14:07:53,"Warszawa, PL",0,0
9561,C069,332.38,2025-10-21 14:10:03,"Kraków, PL",0,1
191,C000,201.27,2025-10-21 14:12:45,"Warszawa, PL",0,0
5056,C080,33.67,2025-10-21 14:14:52,"Kraków, PL",0,1
8244,C026,151.45,2025-10-21 14:20:15,"Kraków, PL",0,0
7356,C031,79.44,2025-10-21 14:22:49,"Warszawa, PL",0,0
4680,C098,333.32,2025-10-21 14:24:39,"Kraków, PL",0,0
8277,C021,713.81,2025-10-21 14:30:19,"Kraków, PL",0,0
866,C002,374.22,2025-10-21 14:36:59,"Kraków, PL",0,0
7011,C005,35.89,2025-10-21 14:38:00,"Warszawa, PL",0,1
1873,C036,276.09,2025-10-21 14:56:07,"Warszawa, PL",0,0
2593,C099,4708.22,2025-10-21 14:56:36,"New York, US",0,0
9399,C019,972.54,2025-10-21 14:57:37,"New York, US",0,0
32,C053,2594.45,2025-10-21 14:58:04,"New York, US",0,1
2585,C024,234.94,2025-10-21 15:00:19,"London, UK",0,0
2060,C077,442.73,2025-10-21 15:09:09,"London, UK",0,0
5898,C061,272.73,2025-10-21 15:14:29,"Warszawa, PL",0,0
320,C033,11.94,2025-10-21 15:22:46,"London, UK",0,0
332,C040,1568.9,2025-10-21 15:27:16,"Kraków, PL",0,0
6134,C044,692.54,2025-10-21 15:39:48,"Kraków, PL",0,0
4706,C048,1222.14,2025-10-21 15:40:00,"New York, US",0,0
182,C075,5159.05,2025-10-21 15:42:39,"London, UK",0,0
7592,C089,156.49,2025-10-21 15:55:28,"London, UK",0,1
753,C063,55.32,2025-10-21 16:03:38,"London, UK",0,0
5708,C072,1552.15,2025-10-21 16:15:43,"Kraków, PL",0,0
5287,C076,7162.85,2025-10-21 16:35:40,"Warszawa, PL",0,0
9139,C059,1143.72,2025-10-21 16:43:05,"London, UK",0,0
5283,C062,3931.16,2025-10-21 16:47:08,"London, UK",0,0
9144,C072,1997.55,2025-10-21 16:48:12,"Warszawa, PL",0,0
9177,C015,113.54,2025-10-21 17:01:01,"Warszawa, PL",0,0
2551,C032,4127.4,2025-10-21 17:01:02,"New York, US",0,0
6853,C067,1400.99,2025-10-21 17:02:58,"Warszawa, PL",1,0
562,C048,159.56,2025-10-21 17:12:21,"New York, US",0,0
8301,C017,1459.61,2025-10-21 17:12:35,"Kraków, PL",0,0
1025,C050,1628.06,2025-10-21 17:35:44,"London, UK",1,0
7061,C038,889.31,2025-10-21 17:44:05,"London, UK",0,0
4105,C084,179.48,2025-10-21 17:48:04,"New York, US",1,0
8904,C002,299.07,2025-10-21 17:50:27,"Kraków, PL",0,0
1377,C042,20.24,2025-10-21 17:54:17,"Warszawa, PL",0,0
468,C023,97.77,2025-10-21 17:56:44,"New York, US",0,0
8118,C015,140.54,2025-10-21 18:01:20,"New York, US",0,0
9984,C027,441.05,2025-10-21 18:02:28,"London, UK",0,0
2430,C028,238.75,2025-10-21 18:11:51,"Kraków, PL",0,0
4444,C019,718.44,2025-10-21 18:14:18,"London, UK",0,0
3367,C032,64.06,2025-10-21 18:15:14,"Warszawa, PL",0,1
7093,C098,161.61,2025-10-21 18:15:19,"New York, US",0,0
9943,C031,6523.26,2025-10-21 18:20:37,"Kraków, PL",0,0
7943,C047,4918.62,2025-10-21 18:21:21,"Warszawa, PL",0,0
8326,C054,228.5,2025-10-21 18:25:31,"Kraków, PL",0,0
9148,C071,261.33,2025-10-21 18:28:46,"Kraków, PL",0,0
3170,C072,453.56,2025-10-21 18:50:39,"New York, US",0,0
9125,C018,1061.73,2025-10-21 19:00:10,"Warszawa, PL",0,0
7635,C025,329.67,2025-10-21 19:00:29,"Warszawa, PL",0,0
7120,C006,109.06,2025-10-21 19:05:04,"Kraków, PL",0,0
8054,C036,231.43,2025-10-21 19:09:49,"London, UK",0,0
3180,C001,495.87,2025-10-21 19:13:46,"Kraków, PL",0,0
5129,C073,742.44,2025-10-21 19:26:44,"Warszawa, PL",0,1
2045,C032,24.55,2025-10-21 19:28:50,"Kraków, PL",0,0
4872,C014,121.12,2025-10-21 19:32:52,"Kraków, PL",0,0
6308,C074,790.61,2025-10-21 19:34:57,"New York, US",0,0
6676,C096,466.81,2025-10-21 19:40:56,"London, UK",0,0
6701,C030,99.37,2025-10-21 19:42:00,"Kraków, PL",0,0
3639,C092,270.94,2025-10-21 19:42:01,"New York, US",0,0
8628,C013,510.86,2025-10-21 19:42:43,"Kraków, PL",0,0
2484,C030,2632.32,2025-10-21 19:44:52,"Kraków, PL",0,0
4557,C093,72.96,2025-10-21 19:45:58,"London, UK",0,0
3547,C054,36.17,2025-10-21 19:47:46,"Warszawa, PL",0,0
8151,C081,399.63,2025-10-21 19:50:34,"London, UK",0,0
1284,C058,1039.43,2025-10-21 19:54:08,"New York, US",0,0
943,C007,49.94,2025-10-21 19:54:47,"London, UK",0,0
1611,C078,665.9,2025-10-21 19:56:55,"Warszawa, PL",0,0
3069,C095,146.36,2025-10-21 20:13:43,"London, UK",0,0
6713,C095,3742.02,2025-10-21 20:21:06,"Kraków, PL",0,0
7584,C051,200.41,2025-10-21 20:22:31,"New York, US",0,0
9174,C002,145.17,2025-10-21 20:23:27,"London, UK",0,0
1040,C022,163.51,2025-10-21 20:28:29,"New York, US",0,0
5755,C016,690.28,2025-10-21 20:29:03,"New York, US",0,0
5119,C091,9731.99,2025-10-21 20:49:25,"Warszawa, PL",0,1
727,C005,1345.57,2025-10-21 20:50:06,"New York, US",0,0
5912,C007,4.49,2025-10-21 20:52:01,"New York, US",0,0
291,C035,422.57,2025-10-21 21:06:32,"New York, US",0,0
3976,C048,155.22,2025-10-21 21:12:15,"Warszawa, PL",0,0
4347,C032,1335.49,2025-10-21 21:20:14,"London, UK",0,0
932,C015,314.17,2025-10-21 21:26:21,"Warszawa, PL",0,0
9983,C060,209.0,2025-10-21 21:30:55,"New York, US",0,0
9796,C088,324.02,2025-10-21 21:31:11,"Kraków, PL",0,0
389,C056,313.15,2025-10-21 21:50:32,"Warszawa, PL",0,0
7478,C025,456.79,2025-10-21 21:57:57,"Kraków, PL",0,0
4563,C046,167.01,2025-10-21 22:04:01,"Kraków, PL",0,0
6941,C039,362.03,2025-10-21 22:06:15,"London, UK",0,0
2087,C068,176.79,2025-10-21 22:06:15,"New York, US",0,0
5238,C002,231.49,2025-10-21 22:07:36,"London, UK",0,0
4486,C060,755.15,2025-10-21 22:15:45,"Warszawa, PL",0,0
9339,C060,279.25,2025-10-21 22:17:35,"London, UK",0,1
2875,C043,908.14,2025-10-21 22:18:39,"New York, US",0,0
5862,C017,98.35,2025-10-21 22:23:19,"Kraków, PL",0,0
9447,C070,23.22,2025-10-21 22:26:05,"Warszawa, PL",0,0
2650,C064,299.61,2025-10-21 22:42:52,"Kraków, PL",0,0
7319,C055,1431.96,2025-10-21 22:47:19,"Warszawa, PL",0,0
5314,C036,537.39,2025-10-21 22:50:17,"Kraków, PL",0,0
5623,C043,845.77,2025-10-21 22:54:46,"New York, US",0,0
6231,C000,16.12,2025-10-21 22:59:00,"New York, US",0,1
3385,C014,1161.99,2025-10-21 22:59:41,"New York, US",0,1
3398,C095,52.1,2025-10-21 23:01:09,"London, UK",0,0
888,C037,18454.63,2025-10-21 23:12:16,"New York, US",0,0
4016,C094,13907.59,2025-10-21 23:13:55,"Kraków, PL",0,0
4571,C057,409.83,2025-10-21 23:14:48,"Kraków, PL",0,0
9926,C047,746.85,2025-10-21 23:15:20,"New York, US",0,0
6330,C096,782.78,2025-10-21 23:23:00,"London, UK",0,0
1672,C082,252.62,2025-10-21 23:27:09,"Warszawa, PL",0,1
6960,C044,236.93,2025-10-21 23:27:35,"Warszawa, PL",0,0
2393,C004,2981.29,2025-10-21 23:30:17,"Warszawa, PL",0,0
2128,C020,516.64,2025-10-21 23:30:22,"New York, US",0,0
8345,C078,494.86,2025-10-21 23:35:40,"New York, US",0,0
1297,C086,2584.04,2025-10-21 23:42:09,"London, UK",0,0
6804,C066,139.36,2025-10-21 23:43:58,"Kraków, PL",0,0
7457,C070,997.49,2025-10-21 23:45:14,"Warszawa, PL",0,0
3032,C037,67.01,2025-10-21 23:46:32,"London, UK",0,1
3939,C020,1762.77,2025-10-21 23:56:26,"Warszawa, PL",0,0
2072,C035,4515.62,2025-10-22 00:12:18,"London, UK",0,0
8935,C044,427.01,2025-10-22 00:34:20,"Warszawa, PL",0,0
9808,C071,150.8,2025-10-22 00:39:01,"Warszawa, PL",0,0
7554,C051,964.54,2025-10-22 00:41:15,"Kraków, PL",0,0
4307,C022,54.77,2025-10-22 00:47:43,"Kraków, PL",0,0
9832,C076,138.04,2025-10-22 00:48:56,"New York, US",0,0
9959,C048,160.93,2025-10-22 00:53:20,"Warszawa, PL",0,0
7970,C063,1327.54,2025-10-22 00:55:10,"London, UK",0,0
729,C048,81.56,2025-10-22 00:56:57,"Kraków, PL",0,0
9690,C001,1957.27,2025-10-22 00:57:34,"Warszawa, PL",0,0
4292,C089,424.5,2025-10-22 01:05:23,"Kraków, PL",0,0
5045,C073,775.6,2025-10-22 01:06:12,"Kraków, PL",0,0
7352,C075,3799.39,2025-10-22 01:11:10,"Kraków, PL",0,0
4305,C052,7378.26,2025-10-22 01:11:25,"Warszawa, PL",0,0
2295,C068,1928.05,2025-10-22 01:13:40,"London, UK",0,1
9925,C069,245.42,2025-10-22 01:16:40,"Warszawa, PL",0,0
1471,C064,3349.17,2025-10-22 01:18:51,"Warszawa, PL",0,1
3530,C058,3807.3,2025-10-22 01:20:29,"London, UK",0,0
2796,C026,281.42,2025-10-22 01:24:27,"Warszawa, PL",0,0
9346,C030,218.49,2025-10-22 01:26:49,"New York, US",0,0
9611,C032,202.75,2025-10-22 01:36:47,"Kraków, PL",0,0
5722,C035,17.68,2025-10-22 01:37:45,"New York, US",0,0
1102,C056,85.85,2025-10-22 01:38:06,"New York, US",0,0
351,C092,85.88,2025-10-22 01:47:54,"Kraków, PL",0,0
6262,C018,445.3,2025-10-22 01:50:59,"Kraków, PL",0,0
9369,C042,642.43,2025-10-22 01:54:52,"London, UK",0,0
8585,C083,52.94,2025-10-22 01:59:05,"London, UK",0,0
8793,C048,1595.4,2025-10-22 01:59:10,"Warszawa, PL",0,0
1901,C041,82.32,2025-10-22 02:10:13,"London, UK",0,0
5737,C004,116.08,2025-10-22 02:12:22,"Warszawa, PL",0,0
7498,C086,257.79,2025-10-22 02:16:06,"New York, US",0,0
771,C073,346.24,2025-10-22 02:20:16,"Warszawa, PL",0,1
2235,C097,2129.37,2025-10-22 02:36:47,"Kraków, PL",0,0
7188,C069,107.99,2025-10-22 02:37:10,"Kraków, PL",0,0
2044,C066,210.09,2025-10-22 02:37:35,"London, UK",0,0
5168,C089,48.62,2025-10-22 02:51:10,"Warszawa, PL",0,0
2800,C091,1762.81,2025-10-22 02:59:52,"New York, US",0,0
2229,C037,281.35,2025-10-22 03:00:42,"New York, US",0,0
5612,C059,671.76,2025-10-22 03:04:47,"New York, US",0,0
7673,C029,223.04,2025-10-22 03:09:07,"Kraków, PL",0,0
2746,C053,872.6,2025-10-22 03:12:43,"London, UK",0,0
2083,C020,515.93,2025-10-22 03:14:43,"London, UK",0,1
8818,C034,687.35,2025-10-22 03:19:21,"Warszawa, PL",0,0
1371,C013,140.33,2025-10-22 03:27:39,"Warszawa, PL",0,0
227,C038,80.71,2025-10-22 03:29:31,"Warszawa, PL",0,1
6456,C067,695.89,2025-10-22 03:29:50,"New York, US",0,0
6322,C087,51.45,2025-10-22 03:30:06,"Warszawa, PL",0,1
6977,C079,2472.81,2025-10-22 03:33:06,"New York, US",0,0
9196,C054,2285.83,2025-10-22 03:38:09,"New York, US",0,0
8766,C044,4002.05,2025-10-22 03:41:12,"London, UK",0,0
872,C045,242.63,2025-10-22 03:45:09,"New York, US",0,1
7636,C007,2151.74,2025-10-22 03:48:49,"Kraków, PL",0,0
6539,C023,225.67,2025-10-22 03:50:02,"New York, US",0,0
2112,C073,3034.27,2025-10-22 03:51:57,"London, UK",0,0
5149,C040,855.19,2025-10-22 03:53:42,"Warszawa, PL",0,0
5773,C053,277.8,2025-10-22 03:56:25,"London, UK",0,0
9774,C052,478.59,2025-10-22 04:03:27,"New York, US",0,0
3004,C095,237.89,2025-10-22 04:05:30,"London, UK",0,0
9181,C031,1004.74,2025-10-22 04:11:38,"Kraków, PL",0,1
5091,C020,331.35,2025-10-22 04:25:33,"Warszawa, PL",0,0
162,C004,212.77,2025-10-22 04:26:04,"London, UK",0,0
8702,C039,461.29,2025-10-22 04:27:47,"Warszawa, PL",0,0
2007,C022,165.35,2025-10-22 04:27:51,"London, UK",0,0
1547,C097,485.02,2025-10-22 04:29:56,"New York, US",0,0
907,C081,2971.15,2025-10-22 04:36:44,"Kraków, PL",0,0
4625,C092,30.47,2025-10-22 04:40:30,"Kraków, PL",0,0
5626,C068,834.3,2025-10-22 04:49:29,"London, UK",0,0
3767,C084,229.92,2025-10-22 04:55:53,"London, UK",0,0
5833,C089,73.49,2025-10-22 04:56:20,"New York, US",0,0
7053,C035,843.36,2025-10-22 04:57:35,"London, UK",0,0
5172,C043,385.16,2025-10-22 05:00:48,"Warszawa, PL",0,0
8483,C004,83.12,2025-10-22 05:04:48,"New York, US",0,0
565,C031,1131.87,2025-10-22 05:14:28,"London, UK",0,0
6049,C007,378.38,2025-10-22 05:16:02,"Warszawa, PL",0,0
7622,C005,120.42,2025-10-22 05:18:12,"Warszawa, PL",0,0
2394,C085,596.32,2025-10-22 05:22:58,"Warszawa, PL",0,0
9405,C025,692.07,2025-10-22 05:27:18,"Warszawa, PL",0,0
1400,C056,107.24,2025-10-22 05:48:23,"London, UK",0,0
116,C015,827.57,2025-10-22 05:52:00,"Warszawa, PL",0,0
7216,C010,102.11,2025-10-22 05:52:15,"London, UK",0,0
7601,C080,547.69,2025-10-22 05:53:26,"London, UK",0,0
9242,C018,419.63,2025-10-22 05:55:27,"Kraków, PL",0,0
8911,C047,309.96,2025-10-22 05:57:56,"Warszawa, PL",0,1
6402,C019,130.61,2025-10-22 06:01:00,"New York, US",0,0
9003,C043,1214.87,2025-10-22 06:01:03,"London, UK",0,0
9736,C099,187.57,2025-10-22 06:03:38,"Kraków, PL",0,0
8949,C080,484.71,2025-10-22 06:12:41,"New York, US",0,0
4213,C041,694.84,2025-10-22 06:22:17,"Warszawa, PL",0,0
3002,C056,2335.32,2025-10-22 06:26:30,"New York, US",0,0
9433,C091,1271.1,2025-10-22 06:42:01,"Kraków, PL",0,0
1509,C091,1330.29,2025-10-22 06:48:51,"London, UK",0,0
5456,C042,7181.21,2025-10-22 06:55:40,"New York, US",0,0
2058,C083,148.8,2025-10-22 07:00:09,"Warszawa, PL",0,0
8042,C064,4092.51,2025-10-22 07:00:44,"Kraków, PL",0,1
2586,C009,471.89,2025-10-22 07:03:18,"New York, US",0,0
674,C035,315.7,2025-10-22 07:06:44,"Kraków, PL",0,0
70,C094,89.85,2025-10-22 07:07:47,"Kraków, PL",0,0
6455,C077,1991.86,2025-10-22 07:12:03,"London, UK",0,1
725,C092,685.83,2025-10-22 07:14:33,"Warszawa, PL",0,0
138,C034,44.55,2025-10-22 07:17:02,"London, UK",0,0
4588,C051,1325.71,2025-10-22 07:19:04,"London, UK",0,0
3419,C006,12.2,2025-10-22 07:22:00,"New York, US",0,0
7202,C015,111.5,2025-10-22 07:24:01,"New York, US",0,0
5726,C075,155.85,2025-10-22 07:24:09,"London, UK",0,0
518,C028,225.38,2025-10-22 07:28:07,"New York, US",0,0
8091,C011,225.31,2025-10-22 07:30:52,"Kraków, PL",0,0
8955,C023,59.81,2025-10-22 07:34:17,"London, UK",0,0
5468,C098,377.37,2025-10-22 07:35:06,"Kraków, PL",0,0
8564,C047,28.47,2025-10-22 07:36:41,"New York, US",0,0
6976,C047,1072.51,2025-10-22 07:41:00,"London, UK",0,1
5550,C098,3374.36,2025-10-22 07:44:26,"London, UK",0,0
7172,C066,230.01,2025-10-22 07:46:37,"New York, US",0,0
7963,C072,620.41,2025-10-22 07:47:31,"London, UK",0,0
5977,C033,311.61,2025-10-22 07:54:19,"Warszawa, PL",0,0
8975,C058,632.53,2025-10-22 07:55:22,"New York, US",0,0
1671,C057,2066.04,2025-10-22 07:56:01,"Warszawa, PL",0,0
1456,C037,256.03,2025-10-22 08:00:14,"Warszawa, PL",0,0
7113,C000,210.65,2025-10-22 08:02:57,"Kraków, PL",0,0
113,C050,322.87,2025-10-22 08:03:51,"London, UK",0,0
1990,C063,821.8,2025-10-22 08:04:44,"Warszawa, PL",0,0
5155,C030,254.75,2025-10-22 08:06:45,"Warszawa, PL",0,0
4367,C019,330.07,2025-10-22 08:08:39,"London, UK",0,0
4323,C031,82.68,2025-10-22 08:12:44,"Kraków, PL",0,0
667,C089,95.11,2025-10-22 08:16:41,"Warszawa, PL",1,0
3603,C025,798.98,2025-10-22 08:29:18,"Warszawa, PL",0,0
8994,C045,204.12,2025-10-22 08:34:42,"London, UK",0,0
9665,C030,87.0,2025-10-22 08:35:24,"New York, US",0,1
767,C048,82.89,2025-10-22 08:36:01,"Warszawa, PL",0,0
8159,C090,2128.91,2025-10-22 08:42:24,"Kraków, PL",0,0
51,C035,1149.88,2025-10-22 08:42:48,"New York, US",0,0
9409,C037,190.77,2025-10-22 08:45:00,"Warszawa, PL",0,0
8437,C015,4511.95,2025-10-22 08:46:46,"Kraków, PL",0,0
7769,C047,694.63,2025-10-22 08:47:08,"Warszawa, PL",0,0
2483,C005,2667.72,2025-10-22 08:50:44,"Kraków, PL",0,0
3239,C047,30.4,2025-10-22 09:01:21,"New York, US",0,0
1794,C012,7.42,2025-10-22 09:09:00,"Kraków, PL",0,0
8986,C079,2272.77,2025-10-22 09:11:17,"Warszawa, PL",0,0
6564,C086,26.09,2025-10-22 09:11:42,"London, UK",0,0
8449,C091,1413.26,2025-10-22 09:13:11,"Kraków, PL",0,0
5449,C047,711.61,2025-10-22 09:15:36,"Warszawa, PL",0,0
2686,C027,557.32,2025-10-22 09:16:35,"Kraków, PL",0,0
3766,C062,172.45,2025-10-22 09:24:47,"New York, US",0,0
2308,C025,977.28,2025-10-22 09:24:49,"Warszawa, PL",0,0
1039,C057,479.54,2025-10-22 09:32:06,"Warszawa, PL",0,0
8871,C086,136.17,2025-10-22 09:35:58,"Warszawa, PL",0,0
5462,C004,255.84,2025-10-22 09:40:08,"London, UK",0,1
3575,C025,525.9,2025-10-22 09:40:47,"New York, US",0,0
7789,C021,248.05,2025-10-22 09:40:48,"Warszawa, PL",0,0
8188,C073,1099.26,2025-10-22 09:48:36,"Kraków, PL",0,0
4545,C047,1951.14,2025-10-22 09:51:13,"New York, US",0,0
8108,C070,145.18,2025-10-22 10:00:43,"New York, US",0,0
2771,C033,1222.3,2025-10-22 10:06:42,"Kraków, PL",0,0
4134,C066,114.8,2025-10-22 10:10:07,"New York, US",0,0
4348,C069,4069.12,2025-10-22 10:25:03,"Kraków, PL",0,0
2532,C029,935.66,2025-10-22 10:27:26,"Kraków, PL",0,0
569,C022,171.2,2025-10-22 10:28:27,"Kraków, PL",0,1
7900,C086,53.21,2025-10-22 10:32:13,"London, UK",1,0
733,C029,159.62,2025-10-22 10:32:35,"Warszawa, PL",0,1
547,C031,82.1,2025-10-22 10:35:00,"New York, US",0,1
7266,C004,260.93,2025-10-22 10:35:03,"Warszawa, PL",0,0
4789,C016,131.81,2025-10-22 10:37:14,"Warszawa, PL",0,0
807,C073,16952.75,2025-10-22 10:43:11,"New York, US",0,0
8687,C049,123.67,2025-10-22 10:45:44,"Kraków, PL",0,0
5082,C062,354.01,2025-10-22 10:47:46,"Warszawa, PL",0,0
8928,C065,120.85,2025-10-22 10:51:04,"Warszawa, PL",0,0
1505,C047,370.9,2025-10-22 10:51:33,"New York, US",0,0
553,C043,66.13,2025-10-22 10:54:46,"Warszawa, PL",0,0
8927,C058,701.83,2025-10-22 10:58:12,"London, UK",0,0
5060,C077,118.99,2025-10-22 10:58:44,"Kraków, PL",0,0
3233,C041,585.66,2025-10-22 11:03:12,"New York, US",0,0
4898,C040,427.19,2025-10-22 11:06:27,"New York, US",0,0
5547,C071,59.47,2025-10-22 11:12:26,"New York, US",0,0
1662,C094,452.84,2025-10-22 11:25:51,"Warszawa, PL",0,0
5888,C032,378.29,2025-10-22 11:30:06,"Kraków, PL",0,1
6483,C031,146.95,2025-10-22 11:31:52,"Kraków, PL",0,0
3919,C034,50.49,2025-10-22 11:33:47,"Warszawa, PL",0,0
9843,C054,232.81,2025-10-22 11:36:23,"Kraków, PL",0,0
4956,C035,1789.11,2025-10-22 11:43:23,"Warszawa, PL",0,0
507,C039,1820.13,2025-10-22 11:53:17,"London, UK",0,0
3807,C038,245.71,2025-10-22 11:57:21,"Warszawa, PL",0,0
3931,C087,1008.29,2025-10-22 11:58:17,"London, UK",0,0
5471,C042,1118.83,2025-10-22 12:00:11,"Kraków, PL",0,0
7865,C066,168.13,2025-10-22 12:06:35,"Kraków, PL",0,0
9343,C077,167.28,2025-10-22 12:21:53,"London, UK",0,0
6837,C035,69.4,2025-10-22 12:28:44,"London, UK",0,0
8460,C014,20.39,2025-10-22 12:41:05,"London, UK",0,0
9599,C080,205.74,2025-10-22 12:49:00,"Kraków, PL",0,0
2212,C096,209.12,2025-10-22 12:53:19,"London, UK",0,0
6944,C004,36.42,2025-10-22 12:59:05,"London, UK",0,0
5582,C009,495.25,2025-10-22 13:02:40,"London, UK",0,0
7562,C046,1283.82,2025-10-22 13:02:50,"Kraków, PL",0,0
7572,C027,1518.71,2025-10-22 13:03:00,"London, UK",0,0
8303,C019,428.15,2025-10-22 13:11:42,"Kraków, PL",0,0
4210,C080,52.3,2025-10-22 13:12:26,"Kraków, PL",0,0
5304,C018,421.34,2025-10-22 13:18:08,"New York, US",0,0
9190,C015,175.49,2025-10-22 13:21:14,"Warszawa, PL",0,0
4113,C019,16532.02,2025-10-22 13:27:30,"London, UK",0,0
9133,C074,8849.44,2025-10-22 13:28:10,"Warszawa, PL",0,0
924,C005,187.47,2025-10-22 13:28:26,"Kraków, PL",0,0
3808,C095,900.29,2025-10-22 13:28:51,"Warszawa, PL",0,0
9260,C056,906.81,2025-10-22 13:29:46,"London, UK",0,1
524,C085,450.86,2025-10-22 13:44:00,"London, UK",0,0
9132,C000,394.32,2025-10-22 13:46:22,"London, UK",0,0
5853,C015,171.59,2025-10-22 13:48:32,"Warszawa, PL",0,0
4548,C025,643.05,2025-10-22 13:49:32,"Kraków, PL",0,0
6025,C062,1100.87,2025-10-22 13:49:41,"London, UK",0,0
4460,C075,121.55,2025-10-22 13:50:02,"Warszawa, PL",0,0
3601,C004,3724.06,2025-10-22 13:54:44,"Warszawa, PL",0,0
4204,C071,416.17,2025-10-22 13:57:34,"New York, US",0,0
7700,C049,1230.44,2025-10-22 14:04:50,"Warszawa, PL",0,1
5233,C023,1329.18,2025-10-22 14:05:11,"New York, US",0,1
9420,C037,68.63,2025-10-22 14:05:17,"Kraków, PL",0,0
9365,C030,282.68,2025-10-22 14:06:35,"Warszawa, PL",0,0
8278,C094,444.45,2025-10-22 14:09:58,"London, UK",0,0
6912,C003,896.58,2025-10-22 14:11:23,"New York, US",0,0
8473,C048,1636.75,2025-10-22 14:13:08,"London, UK",0,0
8119,C014,1199.43,2025-10-22 14:16:46,"New York, US",0,0
1601,C073,191.6,2025-10-22 14:17:33,"New York, US",0,0
4999,C094,225.95,2025-10-22 14:17:42,"New York, US",0,0
6531,C083,216.18,2025-10-22 14:20:08,"London, UK",0,0
1756,C006,274.59,2025-10-22 14:23:59,"London, UK",0,0
5275,C066,278.21,2025-10-22 14:26:56,"Warszawa, PL",0,0
2321,C030,207.18,2025-10-22 14:31:15,"New York, US",0,0
9772,C036,108.83,2025-10-22 14:36:58,"New York, US",0,0
6891,C026,363.65,2025-10-22 14:40:39,"Kraków, PL",0,0
6971,C008,549.56,2025-10-22 14:44:05,"New York, US",0,0
1492,C054,1600.73,2025-10-22 14:44:14,"Warszawa, PL",0,0
9470,C005,247.79,2025-10-22 14:45:38,"London, UK",0,0
5821,C027,278.89,2025-10-22 14:47:15,"Warszawa, PL",0,1
5769,C065,831.65,2025-10-22 14:51:03,"New York, US",0,0
8868,C059,858.98,2025-10-22 14:53:03,"Kraków, PL",0,0
2811,C070,624.52,2025-10-22 14:53:37,"London, UK",0,0
5436,C003,174.25,2025-10-22 14:56:30,"New York, US",0,0
7538,C023,1029.37,2025-10-22 14:58:35,"New York, US",0,0
307,C021,275.07,2025-10-22 15:00:20,"London, UK",0,0
3904,C048,37.95,2025-10-22 15:05:47,"London, UK",0,0
5216,C036,3896.93,2025-10-22 15:07:30,"London, UK",0,0
9154,C024,802.22,2025-10-22 15:11:48,"Kraków, PL",0,0
6363,C023,376.18,2025-10-22 15:13:04,"New York, US",0,0
1432,C000,230.63,2025-10-22 15:13:09,"New York, US",0,0
1881,C062,7216.36,2025-10-22 15:18:35,"New York, US",0,0
1606,C060,14.1,2025-10-22 15:21:57,"London, UK",0,1
3710,C085,1420.55,2025-10-22 15:29:48,"London, UK",0,0
7987,C056,62.62,2025-10-22 15:38:18,"Kraków, PL",0,0
159,C099,1841.11,2025-10-22 15:38:36,"London, UK",0,0
5406,C045,50.09,2025-10-22 15:41:58,"Kraków, PL",0,0
610,C061,306.05,2025-10-22 15:47:44,"London, UK",0,0
1335,C035,89.06,2025-10-22 15:47:49,"Kraków, PL",0,0
4983,C076,2313.53,2025-10-22 15:55:13,"London, UK",0,0
3995,C084,38.18,2025-10-22 16:00:27,"Kraków, PL",0,0
7826,C091,281.32,2025-10-22 16:07:28,"Kraków, PL",0,0
2887,C098,4811.88,2025-10-22 16:14:54,"New York, US",0,1
7309,C029,1841.86,2025-10-22 16:15:39,"London, UK",0,0
7003,C028,366.38,2025-10-22 16:23:03,"London, UK",0,0
3338,C098,1775.02,2025-10-22 16:29:00,"Warszawa, PL",0,0
7431,C076,1871.62,2025-10-22 16:31:07,"Warszawa, PL",0,0
9992,C066,138.32,2025-10-22 16:32:39,"New York, US",1,0
8821,C098,66.86,2025-10-22 16:41:51,"London, UK",0,0
707,C065,347.14,2025-10-22 16:41:54,"Kraków, PL",0,0
5976,C056,9561.94,2025-10-22 16:58:28,"New York, US",0,1
6026,C047,1214.21,2025-10-22 17:07:02,"Warszawa, PL",0,0
758,C095,62.6,2025-10-22 17:15:30,"New York, US",0,0
1562,C022,51.99,2025-10-22 17:22:52,"London, UK",0,0
2736,C078,396.0,2025-10-22 17:29:05,"Warszawa, PL",0,0
6504,C005,129.62,2025-10-22 17:33:20,"New York, US",0,0
1501,C074,266.63,2025-10-22 17:33:32,"Kraków, PL",0,0
1424,C025,487.32,2025-10-22 17:34:54,"Warszawa, PL",0,0
3857,C011,131.2,2025-10-22 17:35:47,"Kraków, PL",0,0
7,C050,690.92,2025-10-22 17:41:42,"London, UK",0,0
8720,C029,279.07,2025-10-22 17:58:36,"New York, US",0,0
5371,C032,350.16,2025-10-22 18:01:18,"London, UK",0,0
7446,C023,2069.56,2025-10-22 18:05:22,"Kraków, PL",0,0
4255,C091,301.78,2025-10-22 18:16:59,"Warszawa, PL",0,0
7581,C054,619.32,2025-10-22 18:18:45,"Warszawa, PL",0,0
9120,C052,1262.55,2025-10-22 18:18:48,"Kraków, PL",0,0
8632,C058,226.91,2025-10-22 18:28:48,"New York, US",0,1
661,C022,209.89,2025-10-22 18:32:55,"Kraków, PL",0,1
5281,C029,736.73,2025-10-22 18:46:58,"London, UK",0,0
6089,C026,163.71,2025-10-22 18:48:13,"Warszawa, PL",0,0
7336,C051,586.17,2025-10-22 18:56:55,"Kraków, PL",0,0
8011,C092,1394.66,2025-10-22 18:58:26,"Kraków, PL",0,0
7380,C000,846.25,2025-10-22 18:59:41,"New York, US",0,0
4417,C059,531.39,2025-10-22 19:01:20,"Kraków, PL",0,0
7955,C007,78.62,2025-10-22 19:10:00,"New York, US",0,0
4589,C081,216.69,2025-10-22 19:10:27,"New York, US",0,0
3718,C074,228.88,2025-10-22 19:10:48,"Warszawa, PL",0,0
1087,C060,169.12,2025-10-22 19:11:05,"Kraków, PL",0,0
1768,C063,108.5,2025-10-22 19:11:08,"Warszawa, PL",0,0
2925,C012,1279.01,2025-10-22 19:12:09,"London, UK",0,0
3539,C015,48.73,2025-10-22 19:13:20,"London, UK",1,0
9178,C045,3304.01,2025-10-22 19:17:45,"Warszawa, PL",0,0
6762,C009,233.68,2025-10-22 19:25:00,"Warszawa, PL",0,0
2154,C039,245.85,2025-10-22 19:27:54,"Warszawa, PL",0,0
387,C004,104.28,2025-10-22 19:32:39,"New York, US",0,1
9513,C025,205.05,2025-10-22 19:32:48,"New York, US",0,0
5256,C025,3095.66,2025-10-22 19:32:52,"Warszawa, PL",1,0
7234,C005,13865.79,2025-10-22 19:37:34,"London, UK",0,1
6555,C037,7.78,2025-10-22 19:41:53,"London, UK",0,0
7988,C063,162.03,2025-10-22 19:48:05,"Warszawa, PL",0,0
3406,C030,5050.04,2025-10-22 19:51:33,"Warszawa, PL",0,0
330,C030,632.52,2025-10-22 19:59:58,"Warszawa, PL",0,0
3026,C070,360.04,2025-10-22 20:01:18,"Kraków, PL",0,0
9146,C088,310.89,2025-10-22 20:17:28,"New York, US",0,0
253,C050,2889.46,2025-10-22 20:18:14,"Kraków, PL",0,0
5509,C095,1741.51,2025-10-22 20:18:18,"Warszawa, PL",0,0
810,C063,30.4,2025-10-22 20:23:52,"New York, US",0,0
6024,C031,418.94,2025-10-22 20:34:57,"London, UK",0,0
3185,C058,70.15,2025-10-22 20:41:54,"Warszawa, PL",0,0
9060,C004,3470.83,2025-10-22 21:06:00,"London, UK",0,0
9687,C017,36.57,2025-10-22 21:11:05,"New York, US",0,0
4492,C073,1538.21,2025-10-22 21:13:47,"London, UK",0,0
851,C069,1549.19,2025-10-22 21:13:57,"Warszawa, PL",0,1
7558,C068,2641.06,2025-10-22 21:16:47,"Kraków, PL",0,0
5566,C094,1722.82,2025-10-22 21:25:02,"London, UK",0,0
3427,C061,119.9,2025-10-22 21:40:02,"New York, US",0,0
9438,C047,275.0,2025-10-22 21:40:13,"New York, US",0,1
3620,C027,1378.2,2025-10-22 21:40:28,"Warszawa, PL",0,0
889,C093,211.71,2025-10-22 21:45:10,"London, UK",0,1
74,C068,246.76,2025-10-22 22:03:05,"London, UK",0,0
4153,C099,2078.51,2025-10-22 22:03:35,"Kraków, PL",0,0
595,C070,112.41,2025-10-22 22:12:34,"New York, US",0,0
8352,C025,1727.52,2025-10-22 22:17:15,"Kraków, PL",0,0
6109,C069,2397.47,2025-10-22 22:17:42,"Warszawa, PL",0,0
1497,C014,129.39,2025-10-22 22:20:10,"Kraków, PL",0,0
348,C038,685.69,2025-10-22 22:20:10,"Warszawa, PL",0,0
362,C069,151.4,2025-10-22 22:22:38,"London, UK",0,0
1530,C092,504.42,2025-10-22 22:38:32,"Kraków, PL",0,0
6594,C009,492.54,2025-10-22 22:47:06,"New York, US",0,0
7843,C010,72.76,2025-10-22 22:48:03,"Warszawa, PL",0,0
1327,C087,452.71,2025-10-22 22:49:39,"London, UK",0,0
4593,C039,3172.19,2025-10-22 22:50:33,"Kraków, PL",0,0
9169,C095,518.2,2025-10-22 22:55:32,"Kraków, PL",0,0
3144,C027,102.31,2025-10-22 22:55:54,"Warszawa, PL",0,0
7179,C061,71.13,2025-10-22 23:03:45,"London, UK",0,0
7749,C098,77.16,2025-10-22 23:03:54,"Kraków, PL",0,0
7603,C024,196.33,2025-10-22 23:05:52,"New York, US",0,0
9262,C081,154.69,2025-10-22 23:08:00,"Warszawa, PL",0,0
400,C044,357.47,2025-10-22 23:10:03,"Warszawa, PL",0,0
3890,C006,612.7,2025-10-22 23:16:05,"Kraków, PL",0,0
9264,C043,24.03,2025-10-22 23:16:13,"Warszawa, PL",0,0
6542,C064,84.89,2025-10-22 23:16:55,"New York, US",0,0
246,C061,780.0,2025-10-22 23:17:05,"New York, US",0,0
3285,C038,9.66,2025-10-22 23:35:08,"Kraków, PL",0,0
5537,C004,7689.1,2025-10-22 23:42:35,"London, UK",0,0
7666,C063,215.74,2025-10-22 23:42:40,"Warszawa, PL",0,0
8806,C009,135.7,2025-10-22 23:45:54,"London, UK",0,1
820,C094,226.7,2025-10-22 23:48:46,"New York, US",0,0
9801,C078,683.07,2025-10-22 23:51:08,"Kraków, PL",0,0
6404,C014,11620.29,2025-10-22 23:56:04,"Warszawa, PL",0,1
9613,C058,186.16,2025-10-22 23:57:45,"Kraków, PL",0,0
4441,C035,10993.57,2025-10-22 23:59:58,"Warszawa, PL",0,1
8614,C065,169.54,2025-10-23 00:05:20,"Kraków, PL",0,0
606,C006,483.15,2025-10-23 00:05:25,"Warszawa, PL",0,0
8761,C011,725.48,2025-10-23 00:06:27,"London, UK",0,0
5946,C012,180.36,2025-10-23 00:10:01,"London, UK",0,0
7124,C076,3275.95,2025-10-23 00:14:27,"New York, US",0,0
4497,C066,4543.92,2025-10-23 00:14:33,"New York, US",0,0
7334,C052,54.89,2025-10-23 00:20:33,"London, UK",0,0
4366,C092,21.69,2025-10-23 00:28:22,"London, UK",0,0
7611,C058,350.29,2025-10-23 00:32:38,"London, UK",0,0
2255,C026,239.38,2025-10-23 00:37:57,"Warszawa, PL",0,0
3088,C056,420.94,2025-10-23 00:40:21,"New York, US",0,0
333,C078,357.09,2025-10-23 00:40:32,"Warszawa, PL",0,0
6277,C004,540.44,2025-10-23 00:40:33,"Warszawa, PL",0,0
3876,C022,963.04,2025-10-23 00:44:03,"Kraków, PL",0,1
99,C027,694.8,2025-10-23 00:48:15,"London, UK",0,0
9334,C037,18.01,2025-10-23 00:54:29,"London, UK",0,1
1658,C060,1784.31,2025-10-23 00:58:22,"London, UK",0,0
2407,C058,36.9,2025-10-23 00:59:36,"London, UK",0,0
4520,C076,1004.6,2025-10-23 01:06:54,"Warszawa, PL",0,0
2363,C014,29.89,2025-10-23 01:08:07,"Kraków, PL",0,0
5482,C054,255.04,2025-10-23 01:09:31,"New York, US",0,0
3174,C032,1190.61,2025-10-23 01:13:00,"Warszawa, PL",0,0
1596,C033,4606.27,2025-10-23 01:15:43,"London, UK",0,1
9454,C048,69.04,2025-10-23 01:18:08,"Kraków, PL",0,0
4623,C092,495.51,2025-10-23 01:18:35,"London, UK",0,0
5701,C071,142.89,2025-10-23 01:23:29,"Kraków, PL",0,0
4090,C095,27.92,2025-10-23 01:27:33,"New York, US",0,0
5716,C043,760.37,2025-10-23 01:28:30,"Kraków, PL",0,0
9597,C045,1955.51,2025-10-23 01:32:43,"New York, US",0,0
5820,C068,2125.57,2025-10-23 01:33:44,"New York, US",0,0
2844,C014,559.92,2025-10-23 01:36:00,"Warszawa, PL",0,0
2166,C087,64.78,2025-10-23 01:39:17,"Warszawa, PL",1,0
1021,C045,609.67,2025-10-23 01:41:38,"New York, US",0,1
7228,C058,178.24,2025-10-23 01:49:01,"New York, US",0,0
9614,C061,10110.62,2025-10-23 01:55:07,"New York, US",0,0
8129,C040,418.57,2025-10-23 01:58:01,"Kraków, PL",0,0
5073,C080,23.95,2025-10-23 02:13:39,"Kraków, PL",0,0
1392,C038,244.24,2025-10-23 02:17:29,"London, UK",0,0
5618,C044,77.27,2025-10-23 02:21:19,"New York, US",1,0
4760,C068,172.43,2025-10-23 02:21:54,"London, UK",0,0
9080,C030,993.67,2025-10-23 02:24:53,"New York, US",0,0
5574,C035,232.04,2025-10-23 02:32:31,"New York, US",0,1
9324,C020,491.93,2025-10-23 02:38:31,"New York, US",0,0
919,C012,1425.1,2025-10-23 02:39:17,"New York, US",0,0
4610,C045,855.44,2025-10-23 02:41:44,"New York, US",0,0
7034,C091,648.75,2025-10-23 02:45:15,"Kraków, PL",0,0
6863,C049,1740.91,2025-10-23 02:48:00,"New York, US",0,0
9834,C056,41.24,2025-10-23 02:51:00,"Warszawa, PL",1,0
8689,C042,23.28,2025-10-23 02:52:15,"Kraków, PL",0,0
6350,C083,356.25,2025-10-23 03:03:45,"London, UK",0,0
6588,C096,107.73,2025-10-23 03:05:00,"London, UK",0,0
5575,C072,3671.79,2025-10-23 03:05:47,"Warszawa, PL",0,0
1315,C088,965.92,2025-10-23 03:06:27,"Kraków, PL",0,0
3600,C013,37.91,2025-10-23 03:07:00,"New York, US",0,0
9367,C005,594.66,2025-10-23 03:09:25,"Kraków, PL",0,0
5096,C086,300.51,2025-10-23 03:28:51,"New York, US",0,1
2873,C095,147.44,2025-10-23 03:30:47,"Kraków, PL",0,0
3622,C005,97.34,2025-10-23 03:32:53,"Kraków, PL",0,0
9374,C065,147.31,2025-10-23 03:36:47,"New York, US",0,0
3326,C099,6403.46,2025-10-23 03:39:53,"Kraków, PL",0,0
5579,C062,108.37,2025-10-23 03:42:24,"Kraków, PL",0,0
3727,C028,75.16,2025-10-23 03:46:37,"Warszawa, PL",0,0
3049,C098,42.38,2025-10-23 03:47:58,"New York, US",0,0
4638,C011,1482.0,2025-10-23 03:49:33,"London, UK",0,0
5734,C080,614.95,2025-10-23 03:49:52,"Kraków, PL",0,0
4682,C034,24036.26,2025-10-23 03:58:12,"London, UK",0,0
1766,C071,2515.44,2025-10-23 04:02:45,"New York, US",0,0
8530,C041,527.29,2025-10-23 04:05:34,"Warszawa, PL",1,0
9968,C023,240.64,2025-10-23 04:13:55,"New York, US",0,0
2115,C041,199.1,2025-10-23 04:16:31,"London, UK",0,0
7750,C026,1904.76,2025-10-23 04:17:37,"Warszawa, PL",0,0
2529,C043,856.01,2025-10-23 04:25:39,"Kraków, PL",0,0
5338,C057,2159.64,2025-10-23 04:28:11,"Kraków, PL",0,0
179,C068,210.25,2025-10-23 04:28:39,"London, UK",0,0
44,C095,288.46,2025-10-23 04:37:48,"London, UK",0,0
4066,C075,405.5,2025-10-23 04:38:31,"New York, US",0,1
65,C062,1717.58,2025-10-23 04:38:40,"New York, US",0,0
2536,C033,1133.31,2025-10-23 05:05:28,"New York, US",0,0
6417,C089,74.37,2025-10-23 05:07:00,"Warszawa, PL",0,0
128,C018,39.62,2025-10-23 05:09:10,"New York, US",0,0
9296,C030,398.41,2025-10-23 05:15:21,"New York, US",0,0
4,C012,118.19,2025-10-23 05:23:20,"Warszawa, PL",0,0
7915,C069,239.34,2025-10-23 05:33:02,"New York, US",0,0
8944,C024,2776.52,2025-10-23 05:40:50,"Kraków, PL",0,0
7170,C077,359.86,2025-10-23 05:43:23,"New York, US",0,0
2401,C032,440.7,2025-10-23 05:46:33,"Warszawa, PL",0,0
8187,C047,15.2,2025-10-23 05:49:04,"London, UK",0,0
5703,C091,728.86,2025-10-23 05:59:21,"New York, US",0,0
5812,C056,1738.75,2025-10-23 06:16:27,"Warszawa, PL",0,0
1787,C072,37.15,2025-10-23 06:21:48,"Warszawa, PL",0,0
3280,C062,416.67,2025-10-23 06:27:24,"London, UK",0,0
9710,C034,1225.63,2025-10-23 06:33:41,"Warszawa, PL",0,1
7063,C094,167.06,2025-10-23 06:33:54,"London, UK",0,0
7667,C069,54.11,2025-10-23 06:36:10,"London, UK",0,0
9820,C019,5374.84,2025-10-23 06:45:14,"London, UK",0,0
7169,C040,21326.67,2025-10-23 06:50:03,"New York, US",0,0
9976,C064,557.01,2025-10-23 06:58:09,"Warszawa, PL",0,0
6992,C019,1658.56,2025-10-23 07:01:30,"Warszawa, PL",0,0
636,C038,149.26,2025-10-23 07:02:06,"New York, US",0,0
9833,C095,218.19,2025-10-23 07:06:30,"Kraków, PL",0,0
5080,C086,446.38,2025-10-23 07:08:26,"Kraków, PL",0,0
1770,C030,935.96,2025-10-23 07:10:23,"Kraków, PL",0,0
1979,C053,545.47,2025-10-23 07:11:08,"New York, US",0,0
3003,C053,36.69,2025-10-23 07:14:30,"Kraków, PL",0,0
7571,C005,1097.13,2025-10-23 07:14:59,"Warszawa, PL",0,0
6791,C037,307.96,2025-10-23 07:25:35,"Kraków, PL",0,0
4784,C035,2436.12,2025-10-23 07:31:11,"London, UK",0,0
8092,C098,1744.38,2025-10-23 07:37:44,"Warszawa, PL",0,0
6386,C048,16.59,2025-10-23 07:47:00,"Warszawa, PL",0,0
9231,C077,370.37,2025-10-23 07:55:32,"New York, US",0,0
9944,C080,128.65,2025-10-23 07:56:31,"London, UK",0,0
1617,C087,176.73,2025-10-23 08:10:32,"London, UK",0,0
288,C018,2078.7,2025-10-23 08:14:40,"London, UK",0,0
4415,C080,1218.28,2025-10-23 08:20:00,"Warszawa, PL",0,0
8918,C047,480.97,2025-10-23 08:23:26,"Kraków, PL",0,0
9007,C074,741.44,2025-10-23 08:27:25,"Kraków, PL",0,0
1893,C031,99.7,2025-10-23 08:27:29,"Kraków, PL",0,0
7437,C005,73.8,2025-10-23 08:33:51,"London, UK",0,0
2880,C087,1691.71,2025-10-23 08:39:25,"Warszawa, PL",1,0
8814,C036,33.41,2025-10-23 08:39:38,"London, UK",0,0
2333,C092,1344.18,2025-10-23 08:54:11,"Warszawa, PL",0,0
502,C081,221.94,2025-10-23 08:56:34,"New York, US",0,0
1849,C051,854.02,2025-10-23 08:59:22,"Warszawa, PL",0,1
3952,C085,8975.33,2025-10-23 08:59:46,"New York, US",0,0
3752,C065,266.65,2025-10-23 09:04:52,"New York, US",0,0
794,C028,1764.27,2025-10-23 09:07:56,"New York, US",0,1
2193,C086,101.15,2025-10-23 09:17:05,"Kraków, PL",0,0
8926,C009,254.56,2025-10-23 09:19:35,"Warszawa, PL",0,0
8221,C074,466.54,2025-10-23 09:31:33,"London, UK",0,0
552,C040,303.83,2025-10-23 09:32:52,"London, UK",0,1
1239,C019,246.14,2025-10-23 09:33:03,"London, UK",0,1
8701,C082,226.81,2025-10-23 09:46:27,"New York, US",0,0
8519,C070,11.35,2025-10-23 09:47:53,"Kraków, PL",0,0
6826,C035,97.92,2025-10-23 09:50:07,"Kraków, PL",0,0
8171,C005,175.96,2025-10-23 09:55:31,"New York, US",0,0
9383,C081,44.72,2025-10-23 09:59:16,"London, UK",0,0
6653,C053,4402.29,2025-10-23 10:03:55,"London, UK",0,1
2351,C014,69.36,2025-10-23 10:04:45,"Kraków, PL",0,0
6911,C033,169.0,2025-10-23 10:07:50,"Kraków, PL",0,0
1969,C066,1984.86,2025-10-23 10:10:09,"New York, US",0,0
8610,C091,566.22,2025-10-23 10:10:41,"Warszawa, PL",0,1
2343,C008,597.64,2025-10-23 10:31:56,"Warszawa, PL",0,0
3831,C056,566.6,2025-10-23 10:35:39,"New York, US",0,0
3277,C062,1214.89,2025-10-23 10:39:54,"New York, US",0,1
2683,C088,250.46,2025-10-23 10:44:47,"New York, US",0,0
1129,C093,93.0,2025-10-23 10:45:17,"London, UK",0,0
5797,C078,5931.09,2025-10-23 10:45:49,"London, UK",0,0
4033,C023,443.46,2025-10-23 10:48:39,"London, UK",0,0
1952,C097,1514.8,2025-10-23 10:48:47,"Kraków, PL",0,0
9967,C057,153.9,2025-10-23 10:50:27,"London, UK",0,0
4981,C060,47.92,2025-10-23 10:54:57,"Kraków, PL",0,0
4730,C077,3757.98,2025-10-23 11:00:46,"Warszawa, PL",0,0
664,C000,54.39,2025-10-23 11:04:36,"London, UK",0,0
1482,C009,588.78,2025-10-23 11:13:05,"London, UK",0,0
6385,C018,579.8,2025-10-23 11:13:45,"London, UK",0,0
5720,C018,10048.55,2025-10-23 11:19:06,"Warszawa, PL",0,0
5915,C037,2586.12,2025-10-23 11:24:53,"London, UK",0,0
883,C096,2738.36,2025-10-23 11:26:58,"London, UK",0,0
2214,C024,418.71,2025-10-23 11:27:19,"Kraków, PL",0,0
8764,C035,256.16,2025-10-23 11:32:22,"New York, US",0,0
2697,C054,62.94,2025-10-23 11:35:07,"New York, US",0,0
6799,C038,460.79,2025-10-23 11:35:33,"London, UK",0,0
573,C059,6.46,2025-10-23 11:40:00,"Kraków, PL",0,0
6333,C050,4571.29,2025-10-23 11:52:07,"New York, US",0,1
4328,C020,8330.68,2025-10-23 11:53:41,"London, UK",0,0
4012,C001,971.46,2025-10-23 11:56:50,"Kraków, PL",0,0
9669,C021,325.31,2025-10-23 12:01:48,"Kraków, PL",0,0
82,C026,562.54,2025-10-23 12:02:14,"Warszawa, PL",0,1
6415,C048,278.44,2025-10-23 12:05:00,"London, UK",0,0
3902,C023,554.14,2025-10-23 12:08:09,"London, UK",0,0
104,C080,78.33,2025-10-23 12:10:14,"Warszawa, PL",0,0
1968,C097,299.57,2025-10-23 12:12:23,"Warszawa, PL",0,0
8023,C063,1175.15,2025-10-23 12:18:10,"London, UK",0,0
3084,C061,1108.16,2025-10-23 12:29:36,"Warszawa, PL",0,1
1054,C016,726.11,2025-10-23 12:32:39,"Warszawa, PL",0,1
4048,C056,521.65,2025-10-23 12:33:31,"London, UK",0,0
2574,C029,624.74,2025-10-23 12:35:21,"London, UK",0,0
9584,C038,289.64,2025-10-23 12:38:31,"Kraków, PL",0,0
8556,C047,4822.77,2025-10-23 12:46:20,"Kraków, PL",0,0
5696,C064,13.31,2025-10-23 12:47:27,"New York, US",0,0
2665,C067,299.47,2025-10-23 12:47:49,"London, UK",0,0
2144,C054,346.04,2025-10-23 12:48:16,"New York, US",0,1
2891,C067,359.8,2025-10-23 12:55:25,"London, UK",0,0
1954,C017,156.61,2025-10-23 12:55:31,"New York, US",0,0
4386,C067,40.94,2025-10-23 13:00:40,"London, UK",1,1
6507,C043,1119.0,2025-10-23 13:14:51,"Warszawa, PL",0,0
989,C035,261.11,2025-10-23 13:16:45,"London, UK",0,1
5632,C016,96.17,2025-10-23 13:17:41,"Kraków, PL",0,0
6798,C067,236.72,2025-10-23 13:24:37,"New York, US",0,0
5289,C020,1044.61,2025-10-23 13:26:04,"London, UK",0,0
2693,C047,26.98,2025-10-23 13:30:44,"New York, US",0,1
1533,C011,278.37,2025-10-23 13:31:38,"London, UK",0,0
2913,C020,149.57,2025-10-23 13:33:22,"London, UK",0,0
3571,C028,222.34,2025-10-23 13:46:05,"New York, US",0,0
2034,C009,1442.62,2025-10-23 13:47:15,"Kraków, PL",0,0
6104,C080,217.95,2025-10-23 13:58:17,"New York, US",0,1
4994,C092,37.23,2025-10-23 14:00:25,"London, UK",0,0
9163,C046,175.18,2025-10-23 14:06:21,"Warszawa, PL",0,0
1189,C043,412.03,2025-10-23 14:09:09,"New York, US",0,0
7157,C005,82.44,2025-10-23 14:09:57,"Warszawa, PL",0,0
3022,C079,526.36,2025-10-23 14:10:30,"London, UK",0,0
4841,C093,1003.68,2025-10-23 14:15:59,"Warszawa, PL",0,1
4603,C051,35.03,2025-10-23 14:19:30,"London, UK",0,0
8533,C011,1515.59,2025-10-23 14:21:41,"New York, US",0,0
5668,C034,35.6,2025-10-23 14:27:10,"London, UK",0,0
6157,C052,7706.41,2025-10-23 14:29:31,"New York, US",0,1
1197,C058,4218.3,2025-10-23 14:34:22,"London, UK",0,0
2420,C039,1637.69,2025-10-23 14:38:00,"Warszawa, PL",0,0
9362,C085,7.82,2025-10-23 14:38:33,"Kraków, PL",0,0
20,C013,496.09,2025-10-23 14:49:56,"London, UK",0,0
5057,C031,77.67,2025-10-23 14:59:12,"Warszawa, PL",1,1
9626,C047,2235.1,2025-10-23 15:02:14,"London, UK",0,0
1568,C076,443.77,2025-10-23 15:06:12,"New York, US",0,0
9366,C031,222.47,2025-10-23 15:19:26,"London, UK",0,0
4847,C026,287.37,2025-10-23 15:20:12,"Warszawa, PL",0,0
6888,C090,718.19,2025-10-23 15:28:59,"New York, US",0,0
3924,C002,3435.33,2025-10-23 15:38:36,"New York, US",0,0
6408,C047,82.69,2025-10-23 15:41:24,"Kraków, PL",0,1
9784,C086,7239.19,2025-10-23 15:45:49,"Warszawa, PL",0,0
5466,C082,1073.16,2025-10-23 15:47:15,"New York, US",0,0
62,C035,2005.04,2025-10-23 15:52:48,"Warszawa, PL",0,1
2561,C097,1242.96,2025-10-23 16:00:02,"New York, US",0,0
5474,C009,36.22,2025-10-23 16:00:14,"Kraków, PL",0,0
7463,C093,2634.1,2025-10-23 16:00:59,"New York, US",0,0
2392,C057,174.41,2025-10-23 16:04:51,"London, UK",0,0
635,C063,584.98,2025-10-23 16:05:56,"London, UK",0,0
9471,C036,698.4,2025-10-23 16:12:15,"New York, US",0,0
5619,C012,151.2,2025-10-23 16:14:35,"Warszawa, PL",0,0
8901,C085,251.42,2025-10-23 16:15:24,"Warszawa, PL",0,0
4926,C050,237.61,2025-10-23 16:15:38,"London, UK",0,1
7631,C043,1095.04,2025-10-23 16:20:24,"New York, US",0,0
4075,C096,1254.63,2025-10-23 16:29:32,"Warszawa, PL",0,0
8648,C009,168.46,2025-10-23 16:34:42,"Kraków, PL",0,0
5510,C020,3818.99,2025-10-23 16:45:05,"Warszawa, PL",0,0
8569,C063,7.48,2025-10-23 16:52:12,"London, UK",0,0
2162,C016,1970.48,2025-10-23 16:53:06,"Warszawa, PL",0,0
323,C040,630.05,2025-10-23 16:53:54,"New York, US",0,0
3759,C047,5633.11,2025-10-23 16:54:40,"Warszawa, PL",0,0
5021,C052,505.28,2025-10-23 16:55:01,"Kraków, PL",1,0
6686,C035,104.46,2025-10-23 16:55:26,"London, UK",0,0
2870,C022,448.35,2025-10-23 16:59:00,"Warszawa, PL",0,0
603,C044,150.06,2025-10-23 17:01:48,"Kraków, PL",0,0
384,C015,5412.72,2025-10-23 17:06:16,"New York, US",0,0
4523,C063,164.72,2025-10-23 17:06:39,"New York, US",0,0
2252,C056,606.3,2025-10-23 17:09:34,"New York, US",0,0
7178,C041,491.99,2025-10-23 17:11:08,"London, UK",0,1
6999,C090,457.16,2025-10-23 17:12:02,"New York, US",0,0
301,C054,203.93,2025-10-23 17:15:22,"Warszawa, PL",0,0
4393,C056,49.4,2025-10-23 17:19:50,"New York, US",0,0
7402,C068,1419.55,2025-10-23 17:27:48,"London, UK",0,0
8020,C001,343.13,2025-10-23 17:28:40,"Kraków, PL",0,0
7007,C084,4618.01,2025-10-23 17:30:00,"New York, US",0,0
3734,C075,73.98,2025-10-23 17:37:10,"London, UK",0,0
6214,C055,32.13,2025-10-23 17:40:47,"Kraków, PL",0,0
7349,C071,161.82,2025-10-23 17:45:00,"Kraków, PL",0,1
9429,C038,833.05,2025-10-23 17:49:07,"Kraków, PL",0,0
7328,C079,257.82,2025-10-23 17:50:42,"Warszawa, PL",0,0
9395,C075,241.57,2025-10-23 17:51:00,"Kraków, PL",0,1
7215,C037,73.07,2025-10-23 17:52:00,"Kraków, PL",0,0
4435,C000,5713.86,2025-10-23 17:54:26,"New York, US",0,0
2341,C087,3449.08,2025-10-23 17:55:17,"New York, US",0,0
6862,C028,93.35,2025-10-23 18:03:40,"Warszawa, PL",0,1
2505,C011,42.25,2025-10-23 18:06:55,"Warszawa, PL",0,0
7809,C050,62.14,2025-10-23 18:08:36,"Warszawa, PL",0,0
4496,C089,155.66,2025-10-23 18:09:03,"Warszawa, PL",0,0
5792,C072,483.09,2025-10-23 18:15:00,"London, UK",0,0
2712,C026,81.07,2025-10-23 18:18:42,"Warszawa, PL",0,0
7817,C015,674.81,2025-10-23 18:24:29,"London, UK",0,0
8620,C090,1051.0,2025-10-23 18:27:35,"New York, US",0,0
3784,C070,1061.62,2025-10-23 18:47:11,"Kraków, PL",0,0
6784,C017,300.38,2025-10-23 18:55:35,"Kraków, PL",0,0
6446,C041,2013.01,2025-10-23 18:58:51,"Kraków, PL",0,0
773,C022,620.01,2025-10-23 19:00:30,"New York, US",0,0
9666,C003,942.01,2025-10-23 19:02:15,"New York, US",0,0
9221,C073,3355.61,2025-10-23 19:02:42,"London, UK",0,0
5865,C019,23.95,2025-10-23 19:06:14,"London, UK",0,0
3889,C025,225.33,2025-10-23 19:16:56,"New York, US",0,0
1050,C018,238.79,2025-10-23 19:20:02,"London, UK",0,0
598,C023,102.11,2025-10-23 19:22:25,"Warszawa, PL",0,0
9300,C083,186.13,2025-10-23 19:23:28,"Kraków, PL",0,0
2843,C068,103.88,2025-10-23 19:25:44,"New York, US",0,0
8053,C092,403.03,2025-10-23 19:26:25,"New York, US",0,0
4644,C017,130.49,2025-10-23 19:37:22,"Warszawa, PL",0,0
7842,C008,11.36,2025-10-23 19:43:19,"London, UK",0,0
5558,C006,2472.16,2025-10-23 19:44:04,"London, UK",0,0
378,C049,598.32,2025-10-23 19:48:30,"London, UK",0,0
8672,C004,196.03,2025-10-23 19:58:13,"Kraków, PL",0,1
6752,C006,45.48,2025-10-23 20:02:19,"Kraków, PL",0,0
4481,C049,72.63,2025-10-23 20:03:51,"New York, US",0,0
8640,C046,2742.64,2025-10-23 20:11:39,"London, UK",0,0
7893,C025,219.83,2025-10-23 20:12:11,"New York, US",0,0
9802,C015,462.72,2025-10-23 20:15:25,"Warszawa, PL",0,0
3168,C019,40.69,2025-10-23 20:17:22,"New York, US",0,0
4501,C030,1320.04,2025-10-23 20:21:15,"Warszawa, PL",0,0
4700,C070,4322.94,2025-10-23 20:21:25,"Kraków, PL",0,0
3411,C072,30.12,2025-10-23 20:22:50,"London, UK",0,0
2265,C040,350.31,2025-10-23 20:23:43,"Kraków, PL",0,0
2379,C039,196.59,2025-10-23 20:23:44,"New York, US",0,0
1960,C006,101.74,2025-10-23 20:30:49,"New York, US",0,0
2791,C095,7691.2,2025-10-23 20:33:33,"New York, US",0,0
4039,C078,990.25,2025-10-23 20:35:56,"Kraków, PL",0,1
7248,C093,4768.84,2025-10-23 20:41:34,"Kraków, PL",0,0
748,C016,353.63,2025-10-23 20:43:41,"London, UK",0,0
1718,C026,623.22,2025-10-23 20:45:03,"New York, US",0,0
1775,C098,671.67,2025-10-23 20:47:14,"New York, US",0,1
5826,C082,685.13,2025-10-23 20:58:01,"London, UK",0,0
1164,C001,101.73,2025-10-23 21:12:16,"New York, US",0,0
3917,C068,289.51,2025-10-23 21:16:30,"Warszawa, PL",0,0
108,C067,210.56,2025-10-23 21:35:27,"New York, US",0,0
7664,C040,106.94,2025-10-23 21:43:07,"Warszawa, PL",0,0
6914,C067,137.87,2025-10-23 21:45:17,"New York, US",0,0
2570,C072,2632.79,2025-10-23 21:46:08,"London, UK",0,0
8432,C046,1477.42,2025-10-23 21:48:09,"New York, US",0,0
9654,C072,16105.18,2025-10-23 21:58:49,"Warszawa, PL",0,0
3789,C022,897.28,2025-10-23 22:01:43,"Warszawa, PL",0,0
6638,C095,171.31,2025-10-23 22:10:44,"Warszawa, PL",0,0
2202,C053,134.5,2025-10-23 22:17:08,"New York, US",0,0
7755,C061,148.64,2025-10-23 22:21:50,"London, UK",0,0
8820,C074,498.55,2025-10-23 22:24:30,"Warszawa, PL",0,0
7782,C034,2765.19,2025-10-23 22:26:07,"New York, US",0,1
3569,C092,266.08,2025-10-23 22:27:47,"Warszawa, PL",0,0
558,C058,48.78,2025-10-23 22:29:58,"Kraków, PL",0,0
5605,C065,541.28,2025-10-23 22:42:08,"London, UK",0,0
5973,C039,440.12,2025-10-23 22:46:12,"New York, US",0,0
3907,C055,297.77,2025-10-23 22:48:41,"Warszawa, PL",0,0
2618,C076,85.56,2025-10-23 22:49:37,"Kraków, PL",0,0
5312,C097,1262.03,2025-10-23 23:11:52,"London, UK",0,0
7165,C061,4096.07,2025-10-23 23:16:30,"London, UK",0,0
112,C034,104.6,2025-10-23 23:17:33,"Warszawa, PL",0,0
7383,C003,800.67,2025-10-23 23:22:09,"Warszawa, PL",0,0
3567,C080,267.26,2025-10-23 23:22:31,"New York, US",0,0
869,C033,61.36,2025-10-23 23:23:55,"Warszawa, PL",0,0
627,C086,282.04,2025-10-23 23:23:57,"Kraków, PL",0,0
7713,C069,29.91,2025-10-23 23:33:59,"New York, US",0,0
9963,C036,13218.94,2025-10-23 23:36:47,"London, UK",0,0
268,C082,86.16,2025-10-23 23:43:08,"London, UK",0,0
3790,C066,136.48,2025-10-23 23:45:06,"London, UK",0,0
8298,C069,109.6,2025-10-23 23:51:16,"New York, US",0,0
3494,C098,1168.95,2025-10-23 23:54:27,"New York, US",0,0
1897,C044,785.26,2025-10-23 23:55:35,"Kraków, PL",0,0
1552,C025,149.42,2025-10-24 00:05:16,"New York, US",0,0
8653,C094,3367.66,2025-10-24 00:09:06,"Kraków, PL",0,0
7472,C052,26.5,2025-10-24 00:09:49,"Warszawa, PL",0,1
2985,C086,4289.81,2025-10-24 00:10:04,"Warszawa, PL",0,0
2196,C074,49.08,2025-10-24 00:16:00,"London, UK",0,0
3499,C089,86.5,2025-10-24 00:25:07,"Kraków, PL",0,0
9187,C040,179.46,2025-10-24 00:29:05,"Warszawa, PL",0,0
8566,C095,7301.86,2025-10-24 00:34:43,"New York, US",0,0
3248,C034,192.49,2025-10-24 00:36:38,"Warszawa, PL",0,0
1544,C018,7.02,2025-10-24 00:40:44,"Kraków, PL",0,0
8571,C065,30.08,2025-10-24 00:43:21,"Warszawa, PL",0,0
7392,C021,730.38,2025-10-24 00:49:34,"London, UK",0,0
4873,C063,346.66,2025-10-24 00:53:27,"New York, US",0,0
5038,C025,25.81,2025-10-24 01:02:28,"New York, US",0,0
3015,C072,242.55,2025-10-24 01:05:17,"Kraków, PL",0,0
4913,C037,233.46,2025-10-24 01:09:22,"Warszawa, PL",0,0
9430,C081,193.85,2025-10-24 01:13:20,"Warszawa, PL",0,0
7776,C077,9.67,2025-10-24 01:19:43,"Kraków, PL",0,0
8875,C026,86.8,2025-10-24 01:29:21,"New York, US",0,1
739,C071,8495.27,2025-10-24 01:33:20,"Kraków, PL",0,0
8749,C007,162.98,2025-10-24 01:44:19,"New York, US",0,0
3776,C056,241.57,2025-10-24 01:55:16,"New York, US",0,0
7551,C014,299.42,2025-10-24 01:58:00,"Warszawa, PL",0,0
6147,C026,87.41,2025-10-24 01:58:28,"London, UK",0,0
3524,C013,2469.69,2025-10-24 01:59:13,"Kraków, PL",0,0
6220,C064,1288.66,2025-10-24 01:59:17,"New York, US",0,0
2861,C051,87.77,2025-10-24 02:27:19,"Kraków, PL",0,0
7280,C002,359.46,2025-10-24 02:28:54,"Warszawa, PL",0,1
9463,C062,261.86,2025-10-24 02:29:56,"London, UK",0,0
5041,C008,366.92,2025-10-24 02:33:14,"Kraków, PL",0,1
4219,C077,3179.37,2025-10-24 02:36:36,"New York, US",0,0
5791,C040,622.99,2025-10-24 02:37:00,"New York, US",0,1
4129,C007,584.72,2025-10-24 02:49:21,"Warszawa, PL",0,0
7321,C007,220.14,2025-10-24 02:53:02,"Kraków, PL",0,0
5251,C059,463.87,2025-10-24 02:55:05,"New York, US",0,0
8264,C092,450.16,2025-10-24 02:55:55,"Kraków, PL",0,0
6554,C048,9562.34,2025-10-24 02:56:38,"Warszawa, PL",0,0
4858,C098,178.31,2025-10-24 03:00:30,"London, UK",0,0
9532,C051,159.8,2025-10-24 03:17:32,"Kraków, PL",0,0
1357,C045,430.94,2025-10-24 03:29:20,"London, UK",0,0
1188,C042,296.31,2025-10-24 03:47:49,"Warszawa, PL",0,0
7632,C043,243.43,2025-10-24 03:55:28,"Kraków, PL",0,0
4845,C091,352.15,2025-10-24 03:58:17,"Kraków, PL",0,1
6747,C046,530.36,2025-10-24 04:10:23,"New York, US",0,0
416,C020,2520.86,2025-10-24 04:11:17,"Warszawa, PL",0,0
8233,C027,5573.71,2025-10-24 04:12:23,"Kraków, PL",0,0
85,C042,127.0,2025-10-24 04:15:25,"New York, US",0,1
6369,C068,447.39,2025-10-24 04:16:25,"London, UK",0,0
9156,C073,1158.1,2025-10-24 04:27:23,"Warszawa, PL",0,0
4993,C076,308.6,2025-10-24 04:33:10,"Warszawa, PL",0,0
2246,C029,130.16,2025-10-24 04:34:48,"Kraków, PL",0,0
1053,C071,86.59,2025-10-24 04:35:05,"Kraków, PL",0,0
9297,C084,157.3,2025-10-24 04:48:43,"Kraków, PL",0,0
2738,C078,309.48,2025-10-24 04:58:14,"Kraków, PL",0,0
5742,C041,1323.96,2025-10-24 05:15:47,"Warszawa, PL",0,1
999,C067,393.9,2025-10-24 05:19:24,"New York, US",0,0
3420,C096,92.95,2025-10-24 05:29:07,"Warszawa, PL",0,0
2849,C069,506.72,2025-10-24 05:31:03,"Warszawa, PL",0,0
7316,C093,205.23,2025-10-24 05:44:16,"New York, US",0,1
392,C013,131.43,2025-10-24 05:47:16,"London, UK",0,0
8341,C026,208.0,2025-10-24 05:58:41,"New York, US",0,1
1550,C050,1843.87,2025-10-24 06:13:08,"Warszawa, PL",0,0
4446,C001,3860.85,2025-10-24 06:22:51,"Warszawa, PL",0,0
6178,C076,630.52,2025-10-24 06:25:26,"Warszawa, PL",0,0
1598,C070,698.11,2025-10-24 06:27:26,"Warszawa, PL",0,1
3476,C099,2186.26,2025-10-24 06:27:29,"New York, US",0,1
6624,C043,292.25,2025-10-24 06:31:10,"London, UK",0,0
5346,C027,283.57,2025-10-24 06:32:31,"London, UK",0,0
9664,C078,580.85,2025-10-24 06:39:07,"Warszawa, PL",0,0
8588,C011,263.15,2025-10-24 06:46:27,"Warszawa, PL",0,0
4839,C027,190.16,2025-10-24 06:46:59,"New York, US",0,0
9623,C065,215.88,2025-10-24 06:53:04,"Warszawa, PL",0,1
5781,C009,745.83,2025-10-24 06:57:35,"Kraków, PL",0,1
3692,C087,804.14,2025-10-24 06:57:45,"London, UK",0,0
7403,C066,72.39,2025-10-24 07:04:16,"Warszawa, PL",0,0
9932,C056,40.78,2025-10-24 07:06:19,"New York, US",0,0
7454,C026,286.45,2025-10-24 07:12:40,"Warszawa, PL",0,0
480,C015,1268.64,2025-10-24 07:19:33,"New York, US",0,1
6179,C051,37.5,2025-10-24 07:22:21,"Kraków, PL",0,1
2513,C043,488.8,2025-10-24 07:31:59,"Kraków, PL",0,0
8602,C088,521.84,2025-10-24 07:36:05,"Warszawa, PL",0,0
1,C053,421.49,2025-10-24 07:43:00,"Kraków, PL",0,0
8985,C066,242.55,2025-10-24 07:49:34,"Warszawa, PL",0,0
3548,C059,16.28,2025-10-24 07:50:23,"Warszawa, PL",0,0
6184,C051,6201.06,2025-10-24 07:50:26,"Kraków, PL",0,0
4378,C034,44.93,2025-10-24 07:52:14,"New York, US",0,0
8488,C039,453.08,2025-10-24 07:56:25,"London, UK",0,0
1903,C046,2360.23,2025-10-24 07:56:31,"New York, US",0,0
5956,C000,107.59,2025-10-24 08:00:25,"New York, US",0,0
5339,C061,845.03,2025-10-24 08:01:52,"Kraków, PL",0,0
2912,C056,3721.52,2025-10-24 08:10:32,"London, UK",0,0
1511,C048,1645.43,2025-10-24 08:24:54,"Kraków, PL",0,1
6575,C005,453.82,2025-10-24 08:38:26,"Kraków, PL",0,0
681,C015,31.57,2025-10-24 08:41:38,"London, UK",0,0
2307,C048,91.68,2025-10-24 08:41:44,"Warszawa, PL",0,0
3155,C095,76.95,2025-10-24 08:48:02,"London, UK",0,0
4499,C011,279.71,2025-10-24 08:49:25,"Kraków, PL",0,0
2680,C069,195.82,2025-10-24 09:00:15,"New York, US",0,0
7598,C049,152.32,2025-10-24 09:02:32,"Kraków, PL",0,1
9218,C007,161.86,2025-10-24 09:10:36,"New York, US",0,0
4382,C099,1397.86,2025-10-24 09:11:16,"London, UK",0,0
3730,C074,152.18,2025-10-24 09:14:20,"New York, US",0,0
1007,C001,121.22,2025-10-24 09:15:35,"New York, US",0,0
3845,C031,2182.81,2025-10-24 09:16:27,"Kraków, PL",1,0
371,C028,144.37,2025-10-24 09:22:20,"New York, US",0,0
930,C031,869.34,2025-10-24 09:23:41,"Warszawa, PL",0,0
7949,C056,143.02,2025-10-24 09:26:18,"London, UK",0,0
7404,C000,155.39,2025-10-24 09:27:38,"New York, US",0,0
450,C088,135.5,2025-10-24 09:30:26,"London, UK",0,0
6959,C047,38.57,2025-10-24 09:31:39,"New York, US",0,0
2277,C018,106.67,2025-10-24 09:32:47,"Kraków, PL",0,0
3953,C075,176.3,2025-10-24 09:33:15,"Kraków, PL",0,0
5823,C026,490.88,2025-10-24 09:38:43,"London, UK",0,0
2788,C048,996.06,2025-10-24 09:40:36,"Kraków, PL",0,0
6875,C006,124.03,2025-10-24 09:46:23,"Warszawa, PL",1,0
2559,C066,1033.25,2025-10-24 09:52:28,"Kraków, PL",0,0
614,C051,3201.75,2025-10-24 10:01:43,"Kraków, PL",0,0
9844,C044,1502.28,2025-10-24 10:04:54,"New York, US",0,0
7548,C095,25.08,2025-10-24 10:07:26,"London, UK",0,0
3105,C009,2765.46,2025-10-24 10:13:31,"Warszawa, PL",0,1
482,C024,95.15,2025-10-24 10:14:07,"Kraków, PL",0,0
1364,C061,398.56,2025-10-24 10:19:06,"Warszawa, PL",0,0
8593,C067,65.06,2025-10-24 10:23:27,"Warszawa, PL",0,0
305,C052,606.44,2025-10-24 10:27:00,"Warszawa, PL",0,0
7331,C087,752.24,2025-10-24 10:29:30,"London, UK",0,0
1948,C074,572.61,2025-10-24 10:29:43,"London, UK",0,1
5962,C059,47.66,2025-10-24 10:29:44,"London, UK",0,0
6150,C036,1796.04,2025-10-24 10:35:10,"Kraków, PL",0,0
2473,C019,623.53,2025-10-24 10:57:14,"New York, US",0,0
3438,C003,330.52,2025-10-24 10:58:37,"Kraków, PL",0,0
3228,C039,3350.89,2025-10-24 11:05:01,"Kraków, PL",0,0
4042,C013,922.28,2025-10-24 11:08:00,"New York, US",0,0
2806,C025,23.08,2025-10-24 11:09:16,"Warszawa, PL",0,0
3034,C056,505.65,2025-10-24 11:15:49,"London, UK",0,1
6703,C098,827.12,2025-10-24 11:19:13,"Kraków, PL",0,0
2099,C029,17.78,2025-10-24 11:22:50,"Warszawa, PL",0,0
8006,C034,1367.62,2025-10-24 11:25:57,"New York, US",0,0
6299,C043,669.99,2025-10-24 11:26:32,"New York, US",1,0
4799,C025,954.88,2025-10-24 11:30:33,"New York, US",0,1
8043,C097,368.71,2025-10-24 11:45:12,"New York, US",0,0
8075,C001,596.56,2025-10-24 11:52:45,"New York, US",0,0
7655,C053,52.17,2025-10-24 11:53:03,"New York, US",0,0
46,C058,1163.43,2025-10-24 11:54:28,"Kraków, PL",0,0
7222,C024,225.87,2025-10-24 11:54:48,"London, UK",0,0
9982,C063,431.95,2025-10-24 12:00:57,"Kraków, PL",0,0
2248,C052,73.21,2025-10-24 12:05:10,"London, UK",0,0
8124,C046,37.52,2025-10-24 12:09:11,"London, UK",0,0
3733,C058,2303.12,2025-10-24 12:09:15,"New York, US",0,0
9750,C048,508.67,2025-10-24 12:10:27,"London, UK",0,0
7971,C062,1135.43,2025-10-24 12:20:40,"Warszawa, PL",0,0
9129,C039,25.98,2025-10-24 12:21:42,"New York, US",0,0
342,C090,4004.61,2025-10-24 12:25:04,"Kraków, PL",0,1
1926,C073,31.74,2025-10-24 12:34:29,"Kraków, PL",0,0
7224,C088,44.1,2025-10-24 12:35:01,"New York, US",0,0
9428,C080,281.32,2025-10-24 12:39:51,"Kraków, PL",0,0
1303,C037,418.04,2025-10-24 12:41:39,"Warszawa, PL",0,1
4987,C044,808.4,2025-10-24 12:54:25,"London, UK",0,0
6443,C013,299.61,2025-10-24 13:00:12,"London, UK",0,0
6393,C018,1653.18,2025-10-24 13:09:11,"Warszawa, PL",0,0
9577,C012,1996.65,2025-10-24 13:13:57,"London, UK",0,0
2978,C029,313.56,2025-10-24 13:21:17,"Warszawa, PL",0,1
7927,C068,39.02,2025-10-24 13:30:27,"Kraków, PL",0,0
6922,C087,495.56,2025-10-24 13:41:38,"London, UK",0,0
6637,C020,71.64,2025-10-24 13:45:17,"Kraków, PL",0,0
2276,C061,325.7,2025-10-24 13:47:51,"London, UK",0,0
559,C093,125.39,2025-10-24 14:04:06,"New York, US",0,0
2564,C010,486.0,2025-10-24 14:05:02,"New York, US",0,0
2347,C087,46.04,2025-10-24 14:25:43,"Kraków, PL",0,0
212,C096,401.7,2025-10-24 14:30:02,"Warszawa, PL",0,0
5738,C028,1079.85,2025-10-24 14:37:10,"London, UK",0,0
7023,C070,2368.53,2025-10-24 14:39:29,"Warszawa, PL",0,1
5020,C079,700.6,2025-10-24 14:46:04,"Kraków, PL",0,0
3159,C016,71.16,2025-10-24 14:54:43,"Warszawa, PL",0,0
8286,C099,855.45,2025-10-24 14:59:41,"New York, US",0,0
8047,C062,222.16,2025-10-24 15:03:41,"New York, US",0,0
2661,C055,1348.23,2025-10-24 15:03:57,"Kraków, PL",0,0
7828,C033,1615.48,2025-10-24 15:06:09,"New York, US",0,0
2001,C096,25.75,2025-10-24 15:13:18,"New York, US",0,0
1930,C025,43.36,2025-10-24 15:13:37,"Warszawa, PL",0,0
5543,C004,124.92,2025-10-24 15:17:18,"New York, US",0,0
7629,C077,60.29,2025-10-24 15:18:50,"Kraków, PL",0,0
9534,C089,1213.28,2025-10-24 15:35:05,"New York, US",0,1
3892,C037,730.15,2025-10-24 15:41:54,"Kraków, PL",0,1
3691,C019,550.39,2025-10-24 15:43:09,"Warszawa, PL",0,1
9273,C073,588.34,2025-10-24 15:43:38,"Kraków, PL",0,0
9294,C080,157.17,2025-10-24 15:44:25,"New York, US",0,0
8817,C022,546.22,2025-10-24 15:48:50,"London, UK",0,0
6821,C093,233.65,2025-10-24 16:05:01,"Kraków, PL",0,0
9025,C076,24.71,2025-10-24 16:07:47,"Kraków, PL",0,1
5479,C030,2651.57,2025-10-24 16:13:18,"Kraków, PL",0,0
5699,C081,61.86,2025-10-24 16:21:43,"Warszawa, PL",0,0
4502,C078,206.14,2025-10-24 16:22:20,"London, UK",0,0
2799,C035,11842.99,2025-10-24 16:25:48,"New York, US",0,0
6078,C001,189.43,2025-10-24 16:30:29,"Kraków, PL",0,0
8472,C072,145.46,2025-10-24 16:31:15,"Warszawa, PL",0,0
2808,C018,1758.2,2025-10-24 16:33:14,"New York, US",0,0
5014,C010,32.27,2025-10-24 16:37:46,"Kraków, PL",0,0
8068,C097,104.54,2025-10-24 16:38:35,"London, UK",0,0
3549,C048,129.19,2025-10-24 16:39:07,"London, UK",0,0
5727,C084,889.36,2025-10-24 16:43:33,"Kraków, PL",0,0
6462,C036,192.69,2025-10-24 16:43:47,"London, UK",0,0
7864,C052,769.16,2025-10-24 16:49:50,"Kraków, PL",0,0
5399,C035,1215.34,2025-10-24 16:54:37,"New York, US",0,0
2011,C047,2554.07,2025-10-24 16:56:48,"New York, US",0,1
5967,C022,454.96,2025-10-24 17:01:37,"New York, US",0,0
4222,C067,76.73,2025-10-24 17:06:42,"New York, US",0,0
517,C056,642.78,2025-10-24 17:10:27,"Kraków, PL",0,0
3128,C029,1499.94,2025-10-24 17:11:12,"Warszawa, PL",0,0
2734,C076,316.73,2025-10-24 17:11:14,"New York, US",0,0
9162,C035,108.19,2025-10-24 17:13:47,"Kraków, PL",0,0
6453,C084,178.13,2025-10-24 17:14:51,"London, UK",0,0
5277,C037,268.99,2025-10-24 17:19:53,"New York, US",0,0
6143,C070,248.89,2025-10-24 17:19:53,"New York, US",0,0
3394,C094,1010.24,2025-10-24 17:20:23,"Kraków, PL",0,0
3268,C018,589.79,2025-10-24 17:23:44,"Warszawa, PL",0,0
243,C091,649.12,2025-10-24 17:26:58,"Kraków, PL",0,0
4103,C034,164.54,2025-10-24 17:27:42,"Kraków, PL",0,0
7775,C048,2075.8,2025-10-24 17:32:31,"London, UK",0,0
1381,C045,2879.76,2025-10-24 17:38:52,"New York, US",0,0
2102,C065,117.38,2025-10-24 17:59:59,"London, UK",0,0
4941,C042,1092.4,2025-10-24 18:02:27,"New York, US",0,0
4894,C016,78.13,2025-10-24 18:09:29,"New York, US",0,0
6355,C069,15.3,2025-10-24 18:13:02,"Warszawa, PL",0,0
9764,C089,67.24,2025-10-24 18:20:08,"London, UK",0,0
7485,C019,215.44,2025-10-24 18:29:43,"New York, US",0,0
4695,C085,661.7,2025-10-24 18:31:15,"Warszawa, PL",0,0
3107,C006,1061.71,2025-10-24 18:31:50,"New York, US",0,0
689,C030,120.23,2025-10-24 18:33:06,"London, UK",0,0
4636,C090,175.16,2025-10-24 18:33:43,"New York, US",0,0
5507,C012,770.59,2025-10-24 18:36:26,"Kraków, PL",0,0
308,C095,622.4,2025-10-24 18:38:53,"New York, US",0,0
4329,C062,138.41,2025-10-24 18:39:04,"New York, US",0,0
6962,C086,241.74,2025-10-24 18:41:57,"Kraków, PL",0,1
343,C081,457.1,2025-10-24 18:46:38,"London, UK",0,0
6558,C010,24.99,2025-10-24 18:49:40,"Kraków, PL",0,1
8736,C046,53.85,2025-10-24 18:53:09,"Warszawa, PL",0,0
7919,C012,154.14,2025-10-24 19:10:57,"London, UK",0,1
7643,C085,54.27,2025-10-24 19:21:03,"Kraków, PL",0,0
3019,C015,2187.15,2025-10-24 19:21:35,"New York, US",0,0
8951,C053,1534.41,2025-10-24 19:26:09,"London, UK",0,0
9556,C013,3666.57,2025-10-24 19:32:06,"Warszawa, PL",0,0
158,C043,60.09,2025-10-24 19:34:07,"London, UK",0,0
2075,C057,354.02,2025-10-24 19:44:22,"Kraków, PL",0,0
8419,C065,7130.23,2025-10-24 19:45:58,"Kraków, PL",0,0
163,C062,830.0,2025-10-24 19:54:35,"London, UK",0,0
2828,C072,531.41,2025-10-24 19:54:53,"Kraków, PL",0,0
4654,C023,111.44,2025-10-24 19:59:02,"London, UK",0,0
8853,C021,36.0,2025-10-24 20:00:51,"Warszawa, PL",0,0
4661,C056,832.87,2025-10-24 20:07:04,"Warszawa, PL",0,0
2917,C029,81.72,2025-10-24 20:08:49,"Warszawa, PL",0,0
3472,C060,1338.38,2025-10-24 20:13:09,"New York, US",0,0
6753,C017,487.0,2025-10-24 20:13:18,"London, UK",0,0
3140,C002,1097.24,2025-10-24 20:14:22,"Kraków, PL",0,0
7819,C079,8953.93,2025-10-24 20:15:01,"London, UK",0,0
7610,C052,84.69,2025-10-24 20:17:02,"New York, US",0,0
6790,C098,269.16,2025-10-24 20:17:25,"Warszawa, PL",0,0
996,C059,906.5,2025-10-24 20:24:15,"New York, US",0,0
8337,C018,439.16,2025-10-24 20:30:08,"New York, US",0,0
3623,C083,239.95,2025-10-24 20:31:04,"New York, US",0,0
3782,C094,356.18,2025-10-24 20:31:28,"New York, US",0,0
2726,C047,420.2,2025-10-24 20:31:33,"New York, US",0,0
5580,C032,1845.29,2025-10-24 20:32:51,"Kraków, PL",0,0
5929,C015,251.87,2025-10-24 20:32:52,"Kraków, PL",0,0
2067,C012,639.99,2025-10-24 20:37:37,"New York, US",0,1
4715,C080,21.04,2025-10-24 20:44:12,"New York, US",0,0
9013,C008,273.39,2025-10-24 20:54:56,"Kraków, PL",0,0
2188,C082,716.03,2025-10-24 21:04:27,"Kraków, PL",0,1
2965,C009,614.31,2025-10-24 21:05:11,"Kraków, PL",0,1
8622,C088,173.02,2025-10-24 21:06:27,"Kraków, PL",0,0
5828,C027,50.36,2025-10-24 21:06:41,"Kraków, PL",0,0
1848,C042,584.77,2025-10-24 21:12:10,"Warszawa, PL",0,0
5622,C065,564.17,2025-10-24 21:25:37,"New York, US",0,1
1655,C092,890.92,2025-10-24 21:26:37,"London, UK",0,0
9349,C093,1382.78,2025-10-24 21:31:28,"Kraków, PL",0,0
2548,C017,364.72,2025-10-24 21:38:13,"Warszawa, PL",0,0
7798,C067,399.07,2025-10-24 21:38:57,"New York, US",0,0
8907,C039,314.35,2025-10-24 21:45:24,"New York, US",0,0
7453,C015,245.34,2025-10-24 21:45:43,"New York, US",0,0
923,C083,107.45,2025-10-24 21:47:31,"London, UK",0,0
298,C029,882.41,2025-10-24 21:51:31,"Warszawa, PL",0,0
935,C096,120.28,2025-10-24 21:51:36,"Warszawa, PL",0,0
9481,C050,129.94,2025-10-24 21:51:54,"New York, US",0,0
7783,C079,60.64,2025-10-24 22:01:57,"Kraków, PL",0,1
6698,C077,199.43,2025-10-24 22:05:56,"Kraków, PL",0,0
8150,C008,3873.72,2025-10-24 22:20:32,"London, UK",0,0
8201,C021,432.29,2025-10-24 22:24:25,"Kraków, PL",0,0
8712,C074,620.84,2025-10-24 22:28:59,"Kraków, PL",0,1
1459,C037,23.6,2025-10-24 22:35:39,"New York, US",0,0
9311,C033,729.86,2025-10-24 22:37:29,"New York, US",0,0
2047,C026,478.21,2025-10-24 22:51:35,"Warszawa, PL",0,0
8936,C026,699.52,2025-10-24 22:58:10,"New York, US",0,0
9672,C072,728.86,2025-10-24 23:05:03,"Warszawa, PL",0,0
8230,C091,124.1,2025-10-24 23:10:22,"Warszawa, PL",0,0
5288,C096,33.29,2025-10-24 23:12:16,"London, UK",0,0
3820,C064,3351.87,2025-10-24 23:17:09,"London, UK",0,0
9641,C097,157.5,2025-10-24 23:18:43,"Kraków, PL",0,0
4351,C059,332.49,2025-10-24 23:21:40,"Kraków, PL",0,0
1247,C078,151.64,2025-10-24 23:23:24,"Warszawa, PL",0,0
4315,C093,386.14,2025-10-24 23:31:19,"Kraków, PL",0,0
3893,C023,1284.74,2025-10-24 23:33:15,"Kraków, PL",0,0
1758,C068,364.79,2025-10-24 23:33:48,"Warszawa, PL",0,1
3289,C090,220.61,2025-10-24 23:39:21,"New York, US",0,0
4701,C073,2360.38,2025-10-24 23:40:29,"Warszawa, PL",0,0
3895,C027,6650.86,2025-10-24 23:43:04,"London, UK",0,0
8008,C008,87.01,2025-10-24 23:44:45,"Kraków, PL",0,0
7890,C085,1432.13,2025-10-24 23:48:44,"Warszawa, PL",0,1
8227,C048,305.51,2025-10-25 00:01:28,"Warszawa, PL",0,0
7877,C076,1908.6,2025-10-25 00:04:47,"London, UK",0,0
971,C059,276.12,2025-10-25 00:12:33,"New York, US",0,0
126,C094,99.46,2025-10-25 00:13:07,"Kraków, PL",0,0
5374,C057,224.2,2025-10-25 00:17:33,"London, UK",0,0
3677,C024,714.99,2025-10-25 00:19:13,"Kraków, PL",0,0
2444,C048,5236.43,2025-10-25 00:22:03,"London, UK",0,0
3339,C097,852.62,2025-10-25 00:33:41,"Warszawa, PL",0,0
8041,C053,19.4,2025-10-25 00:43:14,"London, UK",0,0
6858,C031,84.09,2025-10-25 00:46:27,"Kraków, PL",0,1
6884,C074,240.48,2025-10-25 00:48:36,"London, UK",0,0
7221,C022,1914.7,2025-10-25 00:58:28,"Warszawa, PL",0,0
948,C018,24.52,2025-10-25 01:00:55,"New York, US",0,0
442,C081,456.39,2025-10-25 01:03:56,"New York, US",0,0
2274,C032,186.8,2025-10-25 01:04:39,"New York, US",0,0
5422,C056,118.76,2025-10-25 01:05:56,"New York, US",0,0
5676,C005,361.33,2025-10-25 01:08:08,"Kraków, PL",0,0
1668,C060,1022.14,2025-10-25 01:10:56,"Warszawa, PL",0,0
9380,C038,923.19,2025-10-25 01:15:16,"London, UK",0,0
5554,C015,920.2,2025-10-25 01:19:09,"London, UK",0,0
4632,C068,456.8,2025-10-25 01:23:45,"Kraków, PL",0,0
9466,C041,3440.51,2025-10-25 01:30:07,"Kraków, PL",0,0
3047,C098,444.93,2025-10-25 01:34:48,"New York, US",0,0
2449,C044,21.27,2025-10-25 01:39:03,"New York, US",0,0
6275,C036,49.22,2025-10-25 01:45:22,"Warszawa, PL",0,1
1719,C008,41.75,2025-10-25 01:49:37,"London, UK",0,0
3634,C007,1279.76,2025-10-25 01:52:52,"London, UK",0,0
901,C068,4242.15,2025-10-25 01:53:48,"New York, US",0,0
5201,C090,77.17,2025-10-25 01:57:59,"Kraków, PL",0,0
1378,C039,8449.99,2025-10-25 01:58:41,"Kraków, PL",0,0
9453,C075,3023.39,2025-10-25 02:12:09,"Warszawa, PL",0,0
8416,C079,120.01,2025-10-25 02:18:26,"Warszawa, PL",0,0
3993,C031,187.16,2025-10-25 02:18:39,"London, UK",0,0
8864,C040,163.74,2025-10-25 02:30:55,"London, UK",0,0
3092,C057,78.43,2025-10-25 02:33:17,"London, UK",0,0
6981,C069,1279.47,2025-10-25 02:36:09,"London, UK",0,0
1917,C082,1106.85,2025-10-25 02:40:57,"Warszawa, PL",0,0
3053,C043,608.95,2025-10-25 02:42:32,"London, UK",0,0
1127,C072,500.76,2025-10-25 02:49:06,"Warszawa, PL",0,0
953,C016,561.98,2025-10-25 02:49:34,"Warszawa, PL",0,0
611,C011,318.66,2025-10-25 02:58:22,"Warszawa, PL",0,0
1639,C062,1361.92,2025-10-25 03:00:20,"New York, US",0,0
9415,C093,2038.71,2025-10-25 03:06:23,"New York, US",0,0
1090,C016,117.54,2025-10-25 03:06:33,"Warszawa, PL",0,0
1781,C017,682.5,2025-10-25 03:08:21,"Warszawa, PL",0,0
145,C047,761.83,2025-10-25 03:20:45,"Kraków, PL",0,0
5110,C008,1541.02,2025-10-25 03:22:17,"Kraków, PL",0,0
4299,C086,278.1,2025-10-25 03:23:24,"London, UK",0,0
1882,C011,153.64,2025-10-25 03:28:59,"Kraków, PL",0,0
458,C050,46.28,2025-10-25 03:29:11,"Warszawa, PL",0,0
3005,C016,325.5,2025-10-25 03:31:21,"Kraków, PL",0,0
7519,C042,66.96,2025-10-25 03:31:59,"Warszawa, PL",0,0
3429,C001,628.81,2025-10-25 03:32:39,"London, UK",0,0
545,C051,2459.88,2025-10-25 03:41:55,"Warszawa, PL",0,0
9444,C069,802.78,2025-10-25 03:43:05,"New York, US",0,0
4418,C075,315.76,2025-10-25 03:44:16,"London, UK",0,0
1015,C093,4531.16,2025-10-25 03:45:57,"Kraków, PL",0,0
3531,C061,802.02,2025-10-25 03:50:55,"London, UK",0,0
8946,C058,634.01,2025-10-25 03:52:32,"Kraków, PL",0,0
9204,C076,1897.02,2025-10-25 03:55:09,"Warszawa, PL",0,0
692,C026,24.21,2025-10-25 03:58:29,"London, UK",0,0
8324,C090,510.4,2025-10-25 03:59:42,"Kraków, PL",0,0
6983,C094,12.57,2025-10-25 04:10:55,"London, UK",0,0
6955,C013,43.6,2025-10-25 04:24:11,"New York, US",0,0
3756,C099,756.03,2025-10-25 04:24:51,"London, UK",0,0
1656,C019,2302.95,2025-10-25 04:28:12,"Kraków, PL",0,0
177,C005,1362.79,2025-10-25 04:29:48,"Warszawa, PL",0,0
5247,C003,70.8,2025-10-25 04:40:40,"Warszawa, PL",0,0
7683,C081,1015.6,2025-10-25 04:49:17,"Warszawa, PL",0,0
3704,C078,193.24,2025-10-25 05:07:32,"London, UK",0,0
9771,C059,23.76,2025-10-25 05:08:41,"New York, US",0,0
2968,C013,235.08,2025-10-25 05:10:58,"Kraków, PL",0,0
7760,C026,222.47,2025-10-25 05:13:26,"New York, US",0,0
9727,C020,1702.55,2025-10-25 05:17:24,"Kraków, PL",0,0
8401,C050,31.0,2025-10-25 05:21:50,"Kraków, PL",0,1
7816,C025,669.67,2025-10-25 05:30:25,"London, UK",0,0
544,C056,86.6,2025-10-25 05:32:25,"New York, US",0,0
2783,C043,169093.81,2025-10-25 05:33:18,"London, UK",0,0
472,C065,120.67,2025-10-25 05:34:49,"New York, US",0,0
5284,C039,704.26,2025-10-25 05:34:53,"New York, US",0,0
3558,C024,4177.98,2025-10-25 05:43:09,"Warszawa, PL",0,0
5051,C033,241.97,2025-10-25 05:51:13,"Kraków, PL",0,1
12,C030,86.59,2025-10-25 05:53:54,"Warszawa, PL",0,1
3487,C080,15.25,2025-10-25 06:09:17,"London, UK",0,0
1177,C077,4363.52,2025-10-25 06:12:37,"London, UK",0,0
8649,C073,223.89,2025-10-25 06:24:00,"New York, US",0,0
2690,C004,1866.95,2025-10-25 06:25:02,"New York, US",0,0
7085,C004,368.77,2025-10-25 06:26:42,"London, UK",0,0
5062,C012,628.87,2025-10-25 06:28:18,"Kraków, PL",0,0
7508,C081,704.49,2025-10-25 06:30:55,"London, UK",0,0
2119,C089,2772.32,2025-10-25 06:31:45,"Warszawa, PL",0,0
8116,C099,3309.91,2025-10-25 06:36:53,"London, UK",0,0
9515,C041,475.81,2025-10-25 06:39:11,"London, UK",0,1
3392,C003,336.28,2025-10-25 06:40:30,"Kraków, PL",0,0
7132,C017,623.13,2025-10-25 06:45:31,"Warszawa, PL",0,0
3278,C074,80.08,2025-10-25 06:48:01,"New York, US",0,0
8885,C056,1168.9,2025-10-25 06:48:42,"Kraków, PL",0,0
9639,C084,1203.91,2025-10-25 06:51:54,"New York, US",0,0
3719,C013,546.05,2025-10-25 06:52:08,"Kraków, PL",0,0
9151,C031,536.74,2025-10-25 06:53:30,"London, UK",0,0
6811,C026,64.91,2025-10-25 06:58:50,"London, UK",0,0
9421,C033,16.88,2025-10-25 07:01:04,"London, UK",0,0
5857,C087,168.57,2025-10-25 07:10:41,"London, UK",0,0
4820,C090,114.08,2025-10-25 07:11:23,"London, UK",0,0
5104,C046,2664.65,2025-10-25 07:19:43,"London, UK",0,0
4252,C045,1495.38,2025-10-25 07:23:39,"London, UK",0,0
4997,C061,300.45,2025-10-25 07:26:05,"Warszawa, PL",0,0
9671,C036,9855.67,2025-10-25 07:28:24,"Warszawa, PL",1,0
8725,C041,1884.65,2025-10-25 07:31:49,"Warszawa, PL",0,0
6529,C035,698.36,2025-10-25 07:31:55,"London, UK",0,0
6044,C079,1909.61,2025-10-25 07:46:15,"Kraków, PL",1,0
9194,C092,1507.54,2025-10-25 07:49:21,"Warszawa, PL",0,0
1641,C035,894.24,2025-10-25 07:57:33,"Kraków, PL",0,0
3445,C065,252.61,2025-10-25 08:00:08,"Kraków, PL",0,0
2141,C066,198.46,2025-10-25 08:10:31,"New York, US",0,0
6379,C052,112.77,2025-10-25 08:13:57,"London, UK",0,0
3288,C025,393.38,2025-10-25 08:14:58,"New York, US",0,0
7300,C061,875.02,2025-10-25 08:16:05,"Kraków, PL",0,0
6615,C044,17.12,2025-10-25 08:19:08,"Kraków, PL",0,0
7886,C051,207.97,2025-10-25 08:20:57,"Kraków, PL",0,0
6495,C072,1792.41,2025-10-25 08:23:28,"New York, US",0,0
8158,C092,217.01,2025-10-25 08:25:42,"Warszawa, PL",0,0
269,C012,522.12,2025-10-25 08:31:04,"London, UK",0,0
7582,C063,162.11,2025-10-25 08:38:40,"Kraków, PL",0,0
8480,C074,792.26,2025-10-25 08:38:59,"Kraków, PL",0,0
3475,C075,77.24,2025-10-25 08:39:11,"New York, US",0,0
2355,C086,243.45,2025-10-25 08:41:18,"New York, US",0,0
777,C057,579.98,2025-10-25 08:42:58,"London, UK",0,0
4711,C019,470.67,2025-10-25 08:44:08,"Warszawa, PL",0,0
1877,C046,339.74,2025-10-25 08:49:02,"New York, US",0,1
1936,C078,7789.27,2025-10-25 08:56:37,"Kraków, PL",0,0
3459,C069,444.09,2025-10-25 08:59:00,"New York, US",0,0
1890,C077,661.36,2025-10-25 09:11:43,"New York, US",0,0
4515,C009,325.98,2025-10-25 09:18:43,"London, UK",0,0
3409,C075,11.17,2025-10-25 09:21:53,"New York, US",0,0
1654,C077,294.63,2025-10-25 09:37:15,"New York, US",0,0
899,C034,9991.61,2025-10-25 09:53:06,"New York, US",0,0
6868,C058,420.49,2025-10-25 09:58:12,"London, UK",0,0
2755,C068,1143.42,2025-10-25 10:08:49,"Warszawa, PL",0,1
4798,C057,474.54,2025-10-25 10:10:50,"New York, US",0,0
2740,C018,979.51,2025-10-25 10:14:24,"London, UK",0,0
6939,C005,1657.14,2025-10-25 10:14:28,"London, UK",0,0
4734,C060,245.55,2025-10-25 10:15:19,"New York, US",0,0
8664,C091,1825.08,2025-10-25 10:28:42,"Kraków, PL",0,0
6851,C049,737.09,2025-10-25 10:29:36,"London, UK",0,0
6626,C033,249.31,2025-10-25 10:30:12,"Warszawa, PL",0,0
1980,C048,1394.7,2025-10-25 10:31:10,"New York, US",0,0
6879,C014,379.64,2025-10-25 10:36:42,"Warszawa, PL",0,0
1139,C023,217.24,2025-10-25 10:40:55,"New York, US",0,0
6383,C001,626.36,2025-10-25 10:54:17,"Kraków, PL",0,0
2427,C051,1546.17,2025-10-25 10:56:57,"Warszawa, PL",0,0
197,C080,1760.47,2025-10-25 11:00:06,"Warszawa, PL",0,0
8522,C003,226.22,2025-10-25 11:00:27,"London, UK",0,0
5798,C057,35.39,2025-10-25 11:03:32,"Warszawa, PL",0,0
6517,C058,1677.57,2025-10-25 11:06:30,"Warszawa, PL",0,0
8751,C080,438.05,2025-10-25 11:17:11,"New York, US",0,0
3225,C055,301.4,2025-10-25 11:19:57,"Kraków, PL",0,0
424,C004,1688.94,2025-10-25 11:32:05,"London, UK",0,0
7523,C034,201.19,2025-10-25 11:36:10,"Kraków, PL",1,0
105,C079,880.57,2025-10-25 11:36:31,"Kraków, PL",0,0
4823,C011,1176.0,2025-10-25 11:39:02,"Kraków, PL",0,0
6421,C086,476.12,2025-10-25 11:39:04,"Kraków, PL",0,0
6518,C021,634.27,2025-10-25 11:43:20,"London, UK",0,1
8444,C017,2030.12,2025-10-25 11:46:47,"New York, US",0,0
473,C064,361.63,2025-10-25 11:48:30,"London, UK",0,0
1119,C064,120.08,2025-10-25 12:02:33,"New York, US",0,1
8420,C068,224.01,2025-10-25 12:09:13,"Kraków, PL",0,0
3559,C041,682.39,2025-10-25 12:12:06,"New York, US",0,0
3636,C039,236.33,2025-10-25 12:12:20,"Kraków, PL",0,0
3934,C019,133.86,2025-10-25 12:12:30,"New York, US",0,0
9251,C043,253.85,2025-10-25 12:16:22,"New York, US",0,0
8261,C050,2054.73,2025-10-25 12:23:58,"Kraków, PL",0,0
4327,C043,1191.72,2025-10-25 12:27:34,"Warszawa, PL",0,0
4432,C058,1127.19,2025-10-25 12:28:02,"Kraków, PL",0,0
972,C072,156.97,2025-10-25 12:31:59,"New York, US",0,0
433,C007,3427.76,2025-10-25 12:33:43,"New York, US",0,0
5368,C012,203.29,2025-10-25 12:36:15,"London, UK",0,0
6765,C042,154.94,2025-10-25 12:37:10,"Warszawa, PL",0,0
8549,C058,546.85,2025-10-25 12:38:09,"Warszawa, PL",0,0
1774,C013,167.97,2025-10-25 12:39:50,"New York, US",0,0
4864,C021,161.56,2025-10-25 12:40:38,"London, UK",0,0
1150,C036,332.54,2025-10-25 12:41:39,"Warszawa, PL",0,0
5308,C037,163.66,2025-10-25 12:43:25,"Warszawa, PL",0,0
7693,C049,4049.03,2025-10-25 12:47:28,"Kraków, PL",0,0
8506,C097,1830.97,2025-10-25 12:53:22,"Kraków, PL",0,1
3587,C025,163.28,2025-10-25 13:04:58,"New York, US",0,0
218,C010,4560.1,2025-10-25 13:11:55,"New York, US",0,0
7733,C043,165.82,2025-10-25 13:13:34,"New York, US",0,1
8095,C094,428.1,2025-10-25 13:17:42,"London, UK",0,0
9448,C056,421.58,2025-10-25 13:22:37,"Kraków, PL",0,0
7292,C060,287.59,2025-10-25 13:24:21,"New York, US",0,0
3542,C083,9802.07,2025-10-25 13:24:26,"New York, US",0,0
3079,C020,161.63,2025-10-25 13:33:54,"London, UK",0,0
7824,C078,220.87,2025-10-25 13:37:43,"Warszawa, PL",0,0
526,C014,524.09,2025-10-25 13:40:51,"London, UK",0,0
8598,C070,193.67,2025-10-25 13:44:00,"London, UK",0,0
9270,C099,264.29,2025-10-25 13:46:49,"Warszawa, PL",0,0
3202,C030,254.34,2025-10-25 13:51:23,"Kraków, PL",0,0
6865,C065,280.61,2025-10-25 14:00:37,"Warszawa, PL",0,0
164,C047,83.12,2025-10-25 14:01:02,"Warszawa, PL",0,0
5403,C070,1174.86,2025-10-25 14:08:10,"New York, US",0,0
1018,C051,108.28,2025-10-25 14:08:53,"New York, US",0,0
8225,C035,334.85,2025-10-25 14:09:03,"Warszawa, PL",0,0
7180,C062,398.6,2025-10-25 14:11:13,"Warszawa, PL",0,0
3350,C072,52.01,2025-10-25 14:13:39,"London, UK",0,0
9674,C066,343.38,2025-10-25 14:16:55,"London, UK",0,0
6490,C072,49.77,2025-10-25 14:20:19,"New York, US",0,0
1793,C071,1278.85,2025-10-25 14:24:17,"New York, US",0,0
1433,C078,3157.56,2025-10-25 14:26:04,"London, UK",0,0
4135,C027,498.36,2025-10-25 14:27:35,"Warszawa, PL",0,0
695,C073,737.31,2025-10-25 14:29:26,"London, UK",0,0
9160,C086,3684.65,2025-10-25 14:32:47,"New York, US",0,0
1065,C045,3020.64,2025-10-25 14:35:29,"Kraków, PL",0,0
2497,C081,43.83,2025-10-25 14:38:19,"Warszawa, PL",0,0
8004,C049,1036.04,2025-10-25 14:40:09,"New York, US",0,0
8681,C034,883.07,2025-10-25 14:43:30,"Kraków, PL",0,0
6391,C064,577.05,2025-10-25 14:45:08,"London, UK",0,0
3375,C072,160.71,2025-10-25 14:45:13,"Warszawa, PL",0,0
3054,C022,45.63,2025-10-25 14:47:24,"Kraków, PL",0,0
1519,C026,2080.74,2025-10-25 14:48:00,"London, UK",0,0
8265,C090,1007.11,2025-10-25 14:49:20,"London, UK",0,0
7831,C021,3964.8,2025-10-25 14:58:59,"New York, US",0,0
4703,C089,14.97,2025-10-25 15:05:46,"London, UK",0,0
346,C093,170.4,2025-10-25 15:12:42,"New York, US",0,0
3830,C044,891.77,2025-10-25 15:15:31,"Kraków, PL",0,0
3764,C092,776.54,2025-10-25 15:28:09,"Kraków, PL",0,0
3749,C047,33.9,2025-10-25 15:29:05,"London, UK",0,0
1175,C097,196.34,2025-10-25 15:32:00,"Warszawa, PL",1,0
6904,C098,814.61,2025-10-25 15:35:52,"London, UK",0,0
1825,C016,2173.35,2025-10-25 15:38:51,"Warszawa, PL",0,0
4628,C048,153.5,2025-10-25 15:39:45,"Kraków, PL",0,1
5520,C085,80.72,2025-10-25 15:40:07,"Warszawa, PL",0,0
2256,C023,70.02,2025-10-25 15:40:33,"Kraków, PL",0,0
4778,C027,726.62,2025-10-25 15:41:27,"London, UK",0,0
1773,C089,4584.37,2025-10-25 15:57:31,"New York, US",0,0
2445,C019,781.17,2025-10-25 16:00:50,"Kraków, PL",0,0
240,C088,1951.07,2025-10-25 16:08:20,"London, UK",0,0
8016,C078,1859.63,2025-10-25 16:13:12,"Warszawa, PL",0,0
2839,C072,14028.07,2025-10-25 16:18:27,"Kraków, PL",0,0
1086,C005,934.2,2025-10-25 16:20:56,"Kraków, PL",0,0
7722,C089,29.38,2025-10-25 16:22:32,"Kraków, PL",0,0
7729,C092,152.49,2025-10-25 16:22:56,"Warszawa, PL",0,1
6276,C052,36.96,2025-10-25 16:29:19,"New York, US",0,0
1516,C031,102.95,2025-10-25 16:33:59,"New York, US",0,0
3646,C015,1456.38,2025-10-25 16:34:05,"Warszawa, PL",0,0
81,C087,147.31,2025-10-25 16:34:05,"New York, US",0,0
280,C092,2321.86,2025-10-25 16:35:11,"New York, US",0,0
5920,C045,86.2,2025-10-25 16:37:25,"New York, US",0,0
9114,C005,2885.26,2025-10-25 16:37:35,"London, UK",0,0
9590,C082,23.65,2025-10-25 16:43:11,"New York, US",0,0
1632,C086,4276.81,2025-10-25 16:47:40,"Kraków, PL",0,0
5930,C030,181.34,2025-10-25 16:50:06,"Warszawa, PL",0,1
4679,C032,2235.71,2025-10-25 16:52:22,"Warszawa, PL",0,0
5997,C048,150.51,2025-10-25 16:55:56,"New York, US",0,0
9128,C017,1372.41,2025-10-25 17:05:12,"Warszawa, PL",0,0
928,C022,33.66,2025-10-25 17:05:49,"New York, US",0,0
3,C063,507.56,2025-10-25 17:13:39,"London, UK",0,0
6672,C008,269.72,2025-10-25 17:17:01,"London, UK",0,0
3650,C005,189.32,2025-10-25 17:18:51,"New York, US",0,0
4249,C016,1553.71,2025-10-25 17:21:53,"Warszawa, PL",0,0
9350,C089,364.72,2025-10-25 17:28:15,"London, UK",0,0
6428,C055,38.92,2025-10-25 17:29:26,"New York, US",0,0
4753,C028,73.21,2025-10-25 17:40:12,"Kraków, PL",0,0
5154,C098,159.14,2025-10-25 17:44:40,"New York, US",0,0
2622,C076,21307.66,2025-10-25 17:48:43,"Kraków, PL",0,0
8121,C021,55.62,2025-10-25 17:48:44,"Kraków, PL",0,0
4233,C022,129.85,2025-10-25 17:52:53,"Kraków, PL",0,0
1542,C090,474.61,2025-10-25 17:55:51,"Warszawa, PL",0,0
4825,C085,3034.97,2025-10-25 18:01:00,"Warszawa, PL",0,0
4635,C030,23.3,2025-10-25 18:10:28,"New York, US",0,0
5906,C088,35.85,2025-10-25 18:19:40,"New York, US",0,0
2500,C008,198.86,2025-10-25 18:21:27,"London, UK",0,0
1047,C053,1037.13,2025-10-25 18:31:50,"Kraków, PL",0,0
7033,C073,591.63,2025-10-25 18:32:28,"Kraków, PL",0,0
5387,C051,178.33,2025-10-25 18:40:00,"London, UK",0,0
3112,C086,116.31,2025-10-25 18:42:00,"London, UK",0,0
4169,C034,14.23,2025-10-25 18:43:28,"Kraków, PL",0,1
2699,C021,140.94,2025-10-25 18:46:58,"Warszawa, PL",0,0
7125,C038,478.92,2025-10-25 18:47:47,"London, UK",0,0
8224,C028,22.82,2025-10-25 18:52:07,"New York, US",0,1
8141,C028,1529.97,2025-10-25 19:04:10,"Kraków, PL",0,0
685,C074,2686.01,2025-10-25 19:08:24,"New York, US",0,0
5145,C038,2338.29,2025-10-25 19:20:06,"Kraków, PL",0,0
4853,C044,196.02,2025-10-25 19:33:58,"New York, US",0,0
1600,C010,3102.1,2025-10-25 19:35:53,"London, UK",0,0
9494,C045,314.96,2025-10-25 19:40:59,"New York, US",0,0
4886,C084,374.5,2025-10-25 19:45:42,"Warszawa, PL",0,0
7756,C097,84.37,2025-10-25 19:54:33,"Kraków, PL",0,0
8344,C084,1023.47,2025-10-25 19:55:10,"Kraków, PL",0,0
1896,C089,120.06,2025-10-25 19:56:30,"Kraków, PL",0,1
8772,C087,515.89,2025-10-25 20:01:43,"Kraków, PL",0,0
6877,C018,17.0,2025-10-25 20:15:49,"New York, US",0,0
3754,C056,2648.57,2025-10-25 20:15:50,"London, UK",0,1
3125,C002,5928.26,2025-10-25 20:23:12,"Kraków, PL",0,0
3340,C057,1402.17,2025-10-25 20:23:14,"Warszawa, PL",0,0
8454,C029,139.96,2025-10-25 20:24:09,"Warszawa, PL",0,0
8504,C013,6505.56,2025-10-25 20:25:38,"Warszawa, PL",0,1
3793,C024,311.46,2025-10-25 20:30:21,"Warszawa, PL",0,0
7672,C026,212.07,2025-10-25 20:35:46,"New York, US",0,0
7765,C058,1058.03,2025-10-25 20:36:45,"London, UK",0,0
5947,C042,96.43,2025-10-25 20:42:12,"Kraków, PL",0,0
5323,C080,1665.8,2025-10-25 20:44:54,"London, UK",0,0
8508,C067,29.19,2025-10-25 20:57:24,"Warszawa, PL",0,0
3680,C021,1741.02,2025-10-25 20:59:57,"Kraków, PL",0,0
9437,C047,212.74,2025-10-25 21:01:13,"New York, US",0,0
4321,C010,2791.99,2025-10-25 21:02:10,"New York, US",0,0
9773,C050,416.07,2025-10-25 21:03:10,"Warszawa, PL",0,0
6897,C064,20.68,2025-10-25 21:04:27,"Kraków, PL",0,0
5736,C022,1467.44,2025-10-25 21:06:21,"London, UK",0,0
4506,C043,97.13,2025-10-25 21:08:27,"Kraków, PL",0,0
1111,C031,862.54,2025-10-25 21:09:48,"London, UK",0,0
5562,C015,2145.57,2025-10-25 21:10:16,"London, UK",0,0
3955,C093,740.59,2025-10-25 21:12:46,"Kraków, PL",0,0
4765,C073,3737.89,2025-10-25 21:13:24,"New York, US",0,1
8744,C023,5330.36,2025-10-25 21:14:34,"New York, US",0,0
2140,C053,560.25,2025-10-25 21:20:14,"New York, US",0,0
9023,C066,11953.01,2025-10-25 21:25:45,"Kraków, PL",0,0
3351,C010,104.97,2025-10-25 21:26:31,"Warszawa, PL",0,0
322,C036,882.38,2025-10-25 21:28:53,"London, UK",0,0
2514,C077,752.38,2025-10-25 21:28:58,"New York, US",0,0
2309,C024,886.1,2025-10-25 21:31:38,"Kraków, PL",0,0
3516,C015,641.62,2025-10-25 21:42:41,"New York, US",0,0
832,C024,189.12,2025-10-25 21:44:19,"London, UK",0,0
6151,C053,4080.75,2025-10-25 21:47:03,"London, UK",0,0
5246,C098,1399.96,2025-10-25 21:47:19,"Kraków, PL",0,1
561,C081,88.13,2025-10-25 21:58:17,"Kraków, PL",0,0
8403,C035,2245.16,2025-10-25 21:59:03,"New York, US",0,0
5522,C096,332.86,2025-10-25 22:00:08,"Warszawa, PL",0,0
6657,C044,26343.04,2025-10-25 22:06:17,"Kraków, PL",1,0
4552,C013,369.11,2025-10-25 22:09:37,"New York, US",0,0
1610,C066,3465.81,2025-10-25 22:16:28,"Warszawa, PL",0,0
9783,C008,436.02,2025-10-25 22:21:39,"New York, US",0,0
5214,C033,368.59,2025-10-25 22:24:14,"London, UK",0,0
6772,C049,177.09,2025-10-25 22:28:25,"London, UK",0,0
4295,C082,1042.88,2025-10-25 22:28:58,"Warszawa, PL",0,1
9089,C058,190.59,2025-10-25 22:29:38,"New York, US",0,1
9800,C046,379.09,2025-10-25 22:33:14,"London, UK",0,0
8697,C044,14.6,2025-10-25 22:39:23,"Kraków, PL",0,1
913,C003,244.51,2025-10-25 22:40:46,"Warszawa, PL",0,0
9779,C034,3209.88,2025-10-25 22:42:39,"Kraków, PL",0,0
3671,C071,165.52,2025-10-25 22:51:16,"London, UK",1,1
7939,C086,434.62,2025-10-25 23:03:28,"Kraków, PL",0,0
3215,C022,1563.68,2025-10-25 23:05:35,"London, UK",0,0
6028,C062,1710.05,2025-10-25 23:07:38,"London, UK",0,0
5473,C011,58.71,2025-10-25 23:24:07,"New York, US",0,0
3083,C048,29431.04,2025-10-25 23:38:44,"Warszawa, PL",0,0
5903,C053,703.19,2025-10-25 23:51:45,"New York, US",0,0
7784,C042,265.55,2025-10-25 23:55:56,"London, UK",0,0
2583,C083,351.8,2025-10-25 23:59:48,"Kraków, PL",0,0
3161,C059,516.47,2025-10-26 00:20:40,"Kraków, PL",0,0
8439,C002,6525.99,2025-10-26 00:28:02,"Kraków, PL",0,0
5961,C061,737.72,2025-10-26 00:31:49,"London, UK",0,0
6526,C038,3917.9,2025-10-26 00:42:25,"Kraków, PL",0,0
9931,C072,351.69,2025-10-26 00:52:11,"Kraków, PL",0,0
8732,C014,134.19,2025-10-26 00:54:01,"Warszawa, PL",0,0
9110,C059,450.78,2025-10-26 00:57:05,"London, UK",0,0
1525,C052,144.92,2025-10-26 00:58:08,"London, UK",0,0
3700,C005,2231.19,2025-10-26 01:01:18,"Warszawa, PL",0,0
8710,C046,18.06,2025-10-26 01:17:18,"Warszawa, PL",0,0
3348,C048,490.37,2025-10-26 01:28:38,"London, UK",0,0
4785,C016,97.94,2025-10-26 01:32:29,"Warszawa, PL",0,0
9673,C049,1329.36,2025-10-26 01:35:13,"Warszawa, PL",0,0
3514,C029,140.15,2025-10-26 01:36:09,"Warszawa, PL",0,0
7787,C098,818.25,2025-10-26 01:40:18,"London, UK",0,0
770,C082,7617.29,2025-10-26 01:51:09,"Warszawa, PL",0,0
7307,C016,495.65,2025-10-26 01:53:42,"Warszawa, PL",0,0
2053,C036,145.97,2025-10-26 01:55:14,"New York, US",0,0
1251,C072,1376.28,2025-10-26 02:08:29,"Warszawa, PL",0,0
4887,C025,509.38,2025-10-26 02:14:42,"Kraków, PL",0,0
5896,C067,1733.73,2025-10-26 02:20:22,"Kraków, PL",0,0
3189,C099,122.95,2025-10-26 02:25:01,"Kraków, PL",0,0
3642,C004,89.73,2025-10-26 02:27:46,"New York, US",0,0
3378,C066,1129.0,2025-10-26 02:30:01,"Kraków, PL",0,0
4816,C005,520.13,2025-10-26 02:57:41,"New York, US",0,0
9987,C084,444.34,2025-10-26 03:03:56,"Warszawa, PL",1,0
8457,C094,95.19,2025-10-26 03:07:01,"London, UK",0,0
3513,C055,1034.43,2025-10-26 03:19:51,"New York, US",0,0
3386,C039,3322.91,2025-10-26 03:25:50,"London, UK",0,0
876,C058,660.65,2025-10-26 03:29:34,"Kraków, PL",0,0
5066,C034,372.15,2025-10-26 03:33:29,"London, UK",0,0
2467,C035,47.02,2025-10-26 03:41:37,"London, UK",0,0
8762,C056,1196.41,2025-10-26 03:48:23,"Warszawa, PL",0,0
8407,C053,182.4,2025-10-26 03:58:27,"London, UK",0,0
3481,C018,300.26,2025-10-26 04:01:20,"London, UK",1,0
9838,C027,2.62,2025-10-26 04:13:41,"Kraków, PL",0,0
0,C010,428.93,2025-10-26 04:15:58,"New York, US",0,0
6061,C077,95.94,2025-10-26 04:17:07,"New York, US",0,1
6693,C038,410.01,2025-10-26 04:23:45,"Warszawa, PL",0,0
4932,C059,485.81,2025-10-26 04:28:22,"Kraków, PL",0,0
1115,C013,293.46,2025-10-26 04:32:01,"New York, US",0,0
1329,C078,172.76,2025-10-26 04:32:36,"London, UK",0,0
4461,C071,101.99,2025-10-26 04:33:02,"Warszawa, PL",0,0
2024,C040,356.49,2025-10-26 04:35:26,"New York, US",0,0
8852,C045,738.9,2025-10-26 04:35:28,"New York, US",0,0
4465,C044,813.17,2025-10-26 04:39:29,"Warszawa, PL",0,0
1095,C069,3332.81,2025-10-26 04:41:30,"Kraków, PL",0,0
6683,C048,73.15,2025-10-26 04:41:42,"Warszawa, PL",0,0
6177,C067,1920.04,2025-10-26 04:42:43,"Kraków, PL",0,0
7119,C094,151.48,2025-10-26 04:46:57,"New York, US",0,0
1788,C056,636.94,2025-10-26 04:49:36,"Kraków, PL",0,0
5166,C024,89.32,2025-10-26 04:50:57,"Kraków, PL",0,0
1031,C048,126.56,2025-10-26 04:57:01,"Kraków, PL",0,0
6387,C071,359.23,2025-10-26 05:06:57,"London, UK",0,0
974,C078,7274.39,2025-10-26 05:14:29,"Warszawa, PL",0,0
7166,C006,1103.58,2025-10-26 05:20:05,"London, UK",0,0
7067,C015,992.21,2025-10-26 05:20:08,"Kraków, PL",0,0
8424,C045,200.46,2025-10-26 05:21:12,"Warszawa, PL",0,0
5207,C034,1576.59,2025-10-26 05:32:55,"London, UK",0,0
5114,C040,600.77,2025-10-26 05:38:34,"London, UK",0,0
6814,C048,314.98,2025-10-26 05:40:01,"Kraków, PL",0,0
9298,C082,297.69,2025-10-26 05:45:05,"London, UK",0,0
454,C050,574.86,2025-10-26 05:47:49,"Warszawa, PL",0,1
5137,C093,1956.0,2025-10-26 05:48:57,"New York, US",0,0
9507,C017,468.26,2025-10-26 05:50:39,"Kraków, PL",0,0
7947,C039,102.28,2025-10-26 05:57:30,"Kraków, PL",0,0
9427,C004,126.18,2025-10-26 06:07:54,"Kraków, PL",0,0
8149,C010,522.65,2025-10-26 06:23:55,"Kraków, PL",0,0
2658,C055,2448.11,2025-10-26 06:26:33,"New York, US",0,0
9370,C089,3118.87,2025-10-26 06:29:31,"London, UK",0,0
5279,C001,182.16,2025-10-26 06:38:08,"New York, US",0,0
9199,C002,924.37,2025-10-26 06:40:31,"Warszawa, PL",0,0
4053,C043,1088.71,2025-10-26 06:43:02,"Warszawa, PL",0,0
6182,C092,423.53,2025-10-26 06:43:31,"Warszawa, PL",0,0
1802,C017,26.63,2025-10-26 06:51:06,"Kraków, PL",0,0
9327,C065,2771.41,2025-10-26 06:53:45,"Kraków, PL",0,0
8538,C063,177.7,2025-10-26 06:55:05,"New York, US",0,0
208,C087,9.53,2025-10-26 07:22:10,"Kraków, PL",0,0
8446,C088,626.01,2025-10-26 07:22:34,"New York, US",0,0
1713,C039,1131.87,2025-10-26 07:26:02,"New York, US",0,0
4745,C015,703.21,2025-10-26 07:28:52,"Kraków, PL",0,0
6834,C028,1556.45,2025-10-26 07:28:54,"Kraków, PL",0,0
1029,C049,903.96,2025-10-26 07:38:07,"Warszawa, PL",0,0
3402,C082,509.78,2025-10-26 07:49:45,"Kraków, PL",0,0
4697,C099,5589.15,2025-10-26 07:52:47,"Kraków, PL",0,0
4406,C030,1520.43,2025-10-26 07:52:50,"London, UK",0,0
8113,C089,112.8,2025-10-26 07:54:09,"New York, US",0,0
8371,C076,429.04,2025-10-26 07:56:50,"Kraków, PL",0,0
4884,C033,47.75,2025-10-26 07:58:35,"New York, US",0,0
9352,C099,656.59,2025-10-26 07:59:45,"Warszawa, PL",0,0
5921,C034,504.74,2025-10-26 08:00:07,"London, UK",0,0
6823,C025,416.83,2025-10-26 08:05:20,"Kraków, PL",0,0
9993,C072,102.41,2025-10-26 08:06:11,"Warszawa, PL",0,0
9226,C032,1254.6,2025-10-26 08:06:15,"New York, US",0,1
9115,C068,455.73,2025-10-26 08:07:59,"Kraków, PL",0,0
1899,C006,3534.35,2025-10-26 08:10:46,"New York, US",0,0
2711,C051,1255.94,2025-10-26 08:22:46,"New York, US",0,0
7416,C081,150.24,2025-10-26 08:30:36,"Kraków, PL",0,0
8684,C080,179.7,2025-10-26 08:31:44,"Kraków, PL",0,0
8800,C081,67.67,2025-10-26 08:42:46,"New York, US",0,0
717,C062,72.83,2025-10-26 08:43:51,"New York, US",0,0
1859,C061,156.53,2025-10-26 08:45:30,"Kraków, PL",0,0
5525,C044,108.38,2025-10-26 08:46:43,"New York, US",0,0
7556,C058,240.3,2025-10-26 08:48:03,"Warszawa, PL",0,0
9648,C050,1941.49,2025-10-26 08:49:20,"Kraków, PL",0,0
3354,C036,674.11,2025-10-26 08:57:02,"London, UK",0,0
1012,C010,16.53,2025-10-26 09:02:37,"New York, US",0,0
8804,C054,1946.84,2025-10-26 09:12:31,"London, UK",0,0
3363,C089,159.86,2025-10-26 09:13:43,"New York, US",0,0
817,C084,383.32,2025-10-26 09:14:50,"Kraków, PL",0,0
1647,C077,1063.64,2025-10-26 09:26:15,"Kraków, PL",0,1
7409,C075,1853.29,2025-10-26 09:28:00,"Kraków, PL",0,0
6587,C084,99.9,2025-10-26 09:51:17,"Kraków, PL",0,0
8358,C073,396.84,2025-10-26 09:53:27,"London, UK",0,0
339,C065,75.89,2025-10-26 09:57:10,"London, UK",0,0
2972,C095,275.4,2025-10-26 10:02:21,"Kraków, PL",0,0
4875,C042,328.05,2025-10-26 10:06:05,"Kraków, PL",0,0
922,C022,725.38,2025-10-26 10:30:38,"Warszawa, PL",0,0
7986,C078,458.59,2025-10-26 10:33:56,"London, UK",0,1
9667,C051,51.7,2025-10-26 10:47:21,"Kraków, PL",0,0
8652,C047,196.89,2025-10-26 10:49:59,"London, UK",0,0
3617,C049,160.43,2025-10-26 10:50:42,"Warszawa, PL",0,0
5497,C022,29.95,2025-10-26 10:53:17,"London, UK",0,0
2243,C047,1784.56,2025-10-26 11:02:49,"Warszawa, PL",0,0
877,C094,3156.36,2025-10-26 11:14:42,"Kraków, PL",0,0
8148,C072,624.19,2025-10-26 11:16:37,"Kraków, PL",0,0
2490,C073,8943.94,2025-10-26 11:21:00,"Kraków, PL",0,1
5419,C008,154.1,2025-10-26 11:33:59,"Kraków, PL",0,0
4350,C051,63.45,2025-10-26 11:37:22,"London, UK",0,0
5687,C059,755.02,2025-10-26 11:43:47,"Warszawa, PL",0,0
4495,C039,1075.51,2025-10-26 11:43:50,"Kraków, PL",0,0
9954,C002,256.38,2025-10-26 11:49:15,"Warszawa, PL",0,0
3138,C054,1693.34,2025-10-26 11:49:44,"New York, US",0,0
282,C011,414.72,2025-10-26 11:53:11,"New York, US",0,0
7035,C035,4062.07,2025-10-26 11:54:07,"Warszawa, PL",0,0
5146,C027,28.7,2025-10-26 11:54:17,"Kraków, PL",0,0
7181,C000,90.52,2025-10-26 11:57:56,"Kraków, PL",0,0
1137,C003,958.4,2025-10-26 12:07:24,"New York, US",0,0
2516,C072,566.35,2025-10-26 12:16:11,"Kraków, PL",0,0
399,C025,103.66,2025-10-26 12:16:37,"Kraków, PL",0,0
122,C019,192.21,2025-10-26 12:17:18,"Kraków, PL",0,0
9058,C098,243.65,2025-10-26 12:26:00,"New York, US",0,1
6636,C045,500.18,2025-10-26 12:28:10,"Kraków, PL",0,0
9581,C069,144.41,2025-10-26 12:40:05,"Kraków, PL",0,0
2145,C040,18.54,2025-10-26 12:44:25,"London, UK",0,0
7617,C012,110.36,2025-10-26 12:44:38,"Warszawa, PL",0,0
1585,C031,300.44,2025-10-26 12:45:16,"London, UK",0,0
1232,C081,16407.61,2025-10-26 12:46:53,"New York, US",0,0
2640,C022,7072.49,2025-10-26 12:51:08,"Warszawa, PL",0,0
5199,C086,348.18,2025-10-26 12:51:20,"New York, US",0,0
2337,C044,1311.64,2025-10-26 12:51:54,"Warszawa, PL",0,0
4055,C030,144.59,2025-10-26 12:53:14,"New York, US",0,0
7979,C023,2414.08,2025-10-26 13:00:34,"New York, US",0,0
939,C015,2082.78,2025-10-26 13:01:02,"Warszawa, PL",0,0
8960,C007,2793.88,2025-10-26 13:03:57,"London, UK",0,0
8076,C025,731.72,2025-10-26 13:08:33,"Kraków, PL",0,0
5609,C007,866.11,2025-10-26 13:11:48,"New York, US",0,0
2335,C027,2429.96,2025-10-26 13:14:11,"Warszawa, PL",0,0
4015,C011,297.3,2025-10-26 13:24:18,"New York, US",0,1
9201,C001,68.91,2025-10-26 13:28:01,"Kraków, PL",0,0
2530,C039,168.28,2025-10-26 13:29:24,"New York, US",0,0
3607,C056,128.34,2025-10-26 13:49:35,"London, UK",0,0
5342,C003,103.93,2025-10-26 13:50:55,"Warszawa, PL",0,0
3578,C026,5095.6,2025-10-26 14:05:58,"London, UK",0,0
8397,C009,29.06,2025-10-26 14:10:00,"London, UK",0,0
8470,C074,978.68,2025-10-26 14:11:28,"London, UK",0,0
5352,C061,93.99,2025-10-26 14:11:44,"London, UK",0,0
2454,C088,187.91,2025-10-26 14:12:46,"Warszawa, PL",0,0
9143,C090,305.55,2025-10-26 14:13:07,"New York, US",0,0
2967,C093,255.44,2025-10-26 14:16:45,"New York, US",0,0
6750,C032,631.6,2025-10-26 14:27:51,"Warszawa, PL",0,0
6998,C096,1075.14,2025-10-26 14:48:01,"New York, US",1,0
8422,C057,256.88,2025-10-26 14:50:01,"Kraków, PL",0,0
3450,C064,238.01,2025-10-26 14:56:23,"Warszawa, PL",0,1
6131,C065,195.76,2025-10-26 15:13:45,"Warszawa, PL",0,0
5085,C091,904.38,2025-10-26 15:18:33,"London, UK",0,0
3596,C082,47.11,2025-10-26 15:23:02,"Kraków, PL",0,0
8799,C093,433.07,2025-10-26 15:24:42,"London, UK",0,0
1323,C073,68.44,2025-10-26 15:25:44,"New York, US",0,0
6630,C026,2254.1,2025-10-26 15:30:23,"Warszawa, PL",0,0
1795,C026,287.88,2025-10-26 15:30:36,"New York, US",0,0
1578,C075,276.68,2025-10-26 15:32:28,"Warszawa, PL",0,0
4596,C075,35.06,2025-10-26 15:35:10,"London, UK",0,0
8484,C028,1412.69,2025-10-26 15:44:57,"Kraków, PL",0,0
2155,C029,1248.82,2025-10-26 15:52:46,"New York, US",0,1
8315,C048,317.65,2025-10-26 15:58:05,"London, UK",0,0
6323,C060,237.34,2025-10-26 15:58:45,"New York, US",0,0
3056,C042,325.47,2025-10-26 16:02:49,"London, UK",0,0
7466,C029,3073.62,2025-10-26 16:03:44,"London, UK",1,0
67,C096,54.63,2025-10-26 16:04:25,"London, UK",0,0
5010,C044,2885.94,2025-10-26 16:04:37,"Warszawa, PL",0,0
6487,C067,6207.41,2025-10-26 16:08:12,"London, UK",0,0
8979,C097,1904.22,2025-10-26 16:12:32,"Warszawa, PL",0,0
4000,C070,6.82,2025-10-26 16:17:14,"London, UK",0,0
3330,C031,16698.08,2025-10-26 16:30:37,"London, UK",0,0
7514,C048,149.89,2025-10-26 16:32:59,"London, UK",0,0
2890,C051,1033.87,2025-10-26 16:44:35,"London, UK",0,0
1215,C087,2424.77,2025-10-26 16:45:11,"Kraków, PL",0,0
337,C074,839.5,2025-10-26 16:46:45,"Warszawa, PL",0,0
6645,C081,236.69,2025-10-26 16:54:30,"Kraków, PL",0,0
6360,C051,2617.74,2025-10-26 17:00:00,"New York, US",0,0
4341,C064,158.69,2025-10-26 17:00:27,"Warszawa, PL",0,0
3849,C025,431.12,2025-10-26 17:03:19,"London, UK",0,0
7155,C065,1528.49,2025-10-26 17:13:29,"London, UK",0,0
3798,C070,180.71,2025-10-26 17:17:37,"New York, US",0,0
9955,C041,243.7,2025-10-26 17:17:54,"New York, US",0,0
7462,C002,1305.75,2025-10-26 17:18:38,"New York, US",0,0
7276,C093,168.5,2025-10-26 17:29:31,"New York, US",0,0
5084,C006,101.17,2025-10-26 17:29:52,"Warszawa, PL",0,0
5310,C082,935.79,2025-10-26 17:30:06,"New York, US",0,0
8647,C095,34.67,2025-10-26 17:32:12,"New York, US",0,0
257,C040,386.98,2025-10-26 17:34:21,"London, UK",0,0
4533,C001,631.22,2025-10-26 17:35:15,"London, UK",0,0
7369,C010,46.82,2025-10-26 17:35:35,"London, UK",0,0
3245,C099,2679.87,2025-10-26 17:41:30,"Kraków, PL",0,1
9981,C035,48.68,2025-10-26 17:41:45,"Kraków, PL",0,0
4738,C092,709.65,2025-10-26 17:42:59,"Warszawa, PL",0,0
3760,C089,1504.63,2025-10-26 17:43:24,"Warszawa, PL",0,0
822,C029,117.27,2025-10-26 17:43:36,"London, UK",0,0
9493,C094,913.67,2025-10-26 17:43:52,"Warszawa, PL",1,0
4326,C012,195.75,2025-10-26 17:49:56,"London, UK",0,0
9651,C045,1577.35,2025-10-26 17:53:05,"Warszawa, PL",0,0
9426,C000,224.43,2025-10-26 17:58:41,"Warszawa, PL",0,0
5190,C060,753.44,2025-10-26 18:01:14,"London, UK",0,0
4653,C004,318.79,2025-10-26 18:02:55,"London, UK",0,0
4325,C062,530.21,2025-10-26 18:03:00,"Warszawa, PL",0,0
2404,C059,38.31,2025-10-26 18:05:17,"Warszawa, PL",0,0
1604,C068,809.5,2025-10-26 18:12:11,"Kraków, PL",0,0
6721,C054,40.97,2025-10-26 18:19:41,"Warszawa, PL",0,0
3440,C077,107.06,2025-10-26 18:24:51,"New York, US",0,0
3910,C037,1013.92,2025-10-26 18:28:15,"London, UK",0,0
6738,C024,497.09,2025-10-26 18:28:52,"Kraków, PL",0,0
5088,C088,163.81,2025-10-26 18:30:06,"New York, US",0,0
5402,C003,255.88,2025-10-26 18:31:41,"London, UK",0,0
176,C081,6196.06,2025-10-26 18:34:41,"New York, US",0,0
9091,C039,426.5,2025-10-26 18:34:42,"Kraków, PL",0,0
3086,C001,78.33,2025-10-26 18:37:03,"New York, US",0,0
6013,C090,1362.75,2025-10-26 18:38:53,"Warszawa, PL",0,0
7656,C077,392.89,2025-10-26 18:39:10,"New York, US",1,0
395,C001,155.32,2025-10-26 18:39:16,"Kraków, PL",0,0
4438,C087,856.57,2025-10-26 18:40:38,"Warszawa, PL",0,0
686,C087,34.23,2025-10-26 18:42:05,"London, UK",0,0
2123,C005,126.79,2025-10-26 18:42:32,"Warszawa, PL",0,0
7421,C085,3802.55,2025-10-26 18:50:42,"London, UK",0,0
5590,C059,2327.4,2025-10-26 18:51:32,"Kraków, PL",0,0
3874,C087,288.33,2025-10-26 18:52:04,"London, UK",0,1
8737,C056,103.55,2025-10-26 19:01:40,"Warszawa, PL",0,1
6639,C069,936.72,2025-10-26 19:06:03,"New York, US",0,0
8030,C029,164.4,2025-10-26 19:09:00,"Warszawa, PL",0,0
8992,C060,5059.94,2025-10-26 19:09:40,"London, UK",0,0
9617,C050,1066.32,2025-10-26 19:15:34,"Warszawa, PL",0,0
9497,C087,227.13,2025-10-26 19:26:37,"New York, US",0,0
7905,C081,170.46,2025-10-26 19:38:58,"London, UK",0,1
7273,C032,167.71,2025-10-26 19:42:07,"Kraków, PL",0,0
2764,C039,155.09,2025-10-26 19:42:39,"Kraków, PL",0,0
2453,C097,1729.11,2025-10-26 19:47:36,"London, UK",0,1
1736,C095,468.65,2025-10-26 19:57:10,"Kraków, PL",0,0
361,C023,86.05,2025-10-26 20:00:06,"Kraków, PL",0,0
3291,C026,174.97,2025-10-26 20:03:08,"Warszawa, PL",0,0
3594,C024,223.1,2025-10-26 20:09:10,"New York, US",0,0
9402,C065,246.69,2025-10-26 20:13:39,"Kraków, PL",0,0
9809,C079,563.85,2025-10-26 20:14:08,"Kraków, PL",0,0
9904,C014,318.8,2025-10-26 20:22:39,"Warszawa, PL",0,0
1351,C015,1947.04,2025-10-26 20:28:06,"New York, US",0,0
2437,C065,295.22,2025-10-26 20:28:24,"New York, US",0,0
8417,C096,773.4,2025-10-26 20:30:07,"Kraków, PL",0,0
8578,C064,588.83,2025-10-26 20:36:57,"New York, US",0,0
2580,C053,194.26,2025-10-26 20:37:24,"Kraków, PL",0,0
3431,C006,6.42,2025-10-26 20:40:29,"Kraków, PL",0,0
516,C037,878.45,2025-10-26 20:42:09,"New York, US",0,0
7019,C014,193.67,2025-10-26 20:42:58,"New York, US",0,0
1944,C090,47.13,2025-10-26 20:43:05,"Kraków, PL",0,0
3327,C083,2055.58,2025-10-26 20:43:09,"Warszawa, PL",0,0
9228,C056,536.95,2025-10-26 20:44:00,"New York, US",0,0
6532,C092,356.04,2025-10-26 20:55:35,"London, UK",0,0
2458,C085,487.92,2025-10-26 21:00:00,"New York, US",0,0
1692,C071,1435.65,2025-10-26 21:02:55,"New York, US",0,1
9922,C088,568.22,2025-10-26 21:05:08,"New York, US",0,0
8605,C020,206.33,2025-10-26 21:05:12,"London, UK",0,0
245,C019,4111.13,2025-10-26 21:09:21,"Kraków, PL",0,0
4187,C071,541.51,2025-10-26 21:10:52,"New York, US",0,0
2334,C013,264.29,2025-10-26 21:15:03,"Warszawa, PL",0,0
483,C074,341.37,2025-10-26 21:23:55,"Warszawa, PL",0,0
2156,C041,1598.85,2025-10-26 21:31:37,"Warszawa, PL",0,0
7350,C039,547.29,2025-10-26 21:32:34,"New York, US",0,0
8037,C091,797.63,2025-10-26 21:43:16,"New York, US",0,0
9211,C085,265.93,2025-10-26 21:47:17,"Warszawa, PL",0,0
4796,C016,241.15,2025-10-26 21:50:24,"London, UK",0,0
8612,C036,3555.47,2025-10-26 21:50:54,"Warszawa, PL",0,0
6416,C043,356.86,2025-10-26 21:55:58,"London, UK",0,0
9643,C095,151.71,2025-10-26 21:56:53,"London, UK",0,0
6117,C027,19.47,2025-10-26 22:00:00,"London, UK",1,0
3615,C043,9214.88,2025-10-26 22:01:11,"Kraków, PL",0,0
604,C030,21.61,2025-10-26 22:04:04,"Kraków, PL",0,0
3489,C048,5199.15,2025-10-26 22:17:56,"London, UK",0,0
4651,C079,3467.0,2025-10-26 22:22:43,"London, UK",0,0
6427,C028,2550.08,2025-10-26 22:28:29,"Kraków, PL",0,0
9109,C060,2737.81,2025-10-26 22:31:34,"Kraków, PL",0,0
9799,C037,6.4,2025-10-26 22:35:28,"Warszawa, PL",0,0
8299,C008,197.89,2025-10-26 22:36:38,"Warszawa, PL",0,0
1874,C021,222.11,2025-10-26 22:38:30,"Kraków, PL",0,0
9209,C037,1206.58,2025-10-26 22:51:37,"Kraków, PL",0,0
4192,C055,80.79,2025-10-26 22:53:44,"Kraków, PL",0,0
5723,C050,1110.83,2025-10-26 22:55:48,"London, UK",0,0
2545,C046,4102.45,2025-10-26 23:05:16,"London, UK",0,0
9962,C060,722.77,2025-10-26 23:05:52,"Warszawa, PL",0,0
31,C063,283.51,2025-10-26 23:10:23,"Warszawa, PL",0,0
9076,C024,1048.25,2025-10-26 23:12:19,"New York, US",0,0
2809,C044,396.35,2025-10-26 23:19:07,"Warszawa, PL",0,0
6449,C054,247.33,2025-10-26 23:22:31,"Kraków, PL",0,0
4354,C044,365.72,2025-10-26 23:25:02,"New York, US",0,0
1454,C068,1199.61,2025-10-26 23:26:11,"London, UK",0,0
4302,C068,128.2,2025-10-26 23:30:31,"London, UK",0,0
4297,C021,166.47,2025-10-26 23:37:07,"London, UK",1,0
1092,C023,33.4,2025-10-26 23:42:25,"Warszawa, PL",0,0
5017,C078,38.11,2025-10-26 23:43:22,"New York, US",0,0
3453,C080,802.06,2025-10-26 23:44:53,"London, UK",0,0
7288,C011,346.62,2025-10-26 23:45:25,"Kraków, PL",0,0
5286,C018,65.75,2025-10-26 23:48:34,"Warszawa, PL",0,0
1608,C050,1605.06,2025-10-26 23:51:08,"New York, US",0,0
4573,C098,683.57,2025-10-26 23:52:00,"Warszawa, PL",0,0
9856,C055,1797.01,2025-10-26 23:56:59,"New York, US",0,0
1764,C095,335.37,2025-10-26 23:57:13,"London, UK",0,0
3041,C063,1619.56,2025-10-27 00:17:30,"Kraków, PL",0,0
7580,C007,445.29,2025-10-27 00:18:14,"Kraków, PL",0,0
3662,C016,16.88,2025-10-27 00:20:03,"London, UK",0,0
6593,C083,1588.94,2025-10-27 00:23:12,"Kraków, PL",0,1
1020,C022,136.35,2025-10-27 00:24:17,"London, UK",0,0
2080,C041,157.37,2025-10-27 00:29:41,"Kraków, PL",0,0
7883,C088,11701.12,2025-10-27 00:35:26,"London, UK",0,0
8057,C047,384.87,2025-10-27 00:41:03,"Warszawa, PL",0,0
1679,C093,340.58,2025-10-27 00:43:28,"London, UK",0,0
4634,C012,162.52,2025-10-27 00:59:27,"New York, US",0,1
6472,C064,49.83,2025-10-27 01:08:39,"London, UK",0,0
9312,C059,1481.99,2025-10-27 01:10:35,"Warszawa, PL",0,0
6689,C032,15314.85,2025-10-27 01:16:29,"Kraków, PL",0,0
3097,C050,163.86,2025-10-27 01:17:36,"Kraków, PL",0,0
1161,C040,104.07,2025-10-27 01:34:51,"Warszawa, PL",0,0
9208,C037,2948.79,2025-10-27 01:42:39,"Warszawa, PL",0,0
3259,C029,320.03,2025-10-27 01:42:50,"Warszawa, PL",0,0
5595,C024,20.74,2025-10-27 01:46:32,"Warszawa, PL",0,0
6272,C067,45.4,2025-10-27 01:46:54,"London, UK",0,0
9527,C036,437.33,2025-10-27 01:51:08,"London, UK",0,0
2649,C087,110.56,2025-10-27 01:51:42,"Kraków, PL",0,0
4430,C023,182.53,2025-10-27 01:52:37,"London, UK",0,0
3116,C061,663.11,2025-10-27 02:00:02,"Kraków, PL",0,0
9189,C024,175.98,2025-10-27 02:02:46,"New York, US",0,0
5169,C024,160.51,2025-10-27 02:08:09,"Warszawa, PL",0,0
2747,C079,776.44,2025-10-27 02:08:36,"New York, US",1,0
1405,C060,694.58,2025-10-27 02:19:00,"New York, US",0,0
570,C089,667.86,2025-10-27 02:23:52,"London, UK",0,0
347,C068,588.42,2025-10-27 02:36:10,"Kraków, PL",0,0
9373,C015,46.86,2025-10-27 02:37:31,"Warszawa, PL",0,0
7894,C041,2010.17,2025-10-27 02:38:15,"Kraków, PL",0,0
7154,C088,249.18,2025-10-27 02:44:59,"Warszawa, PL",0,0
7308,C099,446.79,2025-10-27 02:46:25,"New York, US",0,0
8305,C077,511.91,2025-10-27 02:47:06,"New York, US",0,0
9078,C078,91.0,2025-10-27 02:47:44,"Warszawa, PL",0,0
5767,C084,1049.48,2025-10-27 02:49:41,"Kraków, PL",0,0
4014,C007,790.85,2025-10-27 02:51:49,"Warszawa, PL",0,0
4466,C050,245.15,2025-10-27 02:56:22,"Warszawa, PL",0,0
3741,C088,56.64,2025-10-27 02:56:28,"New York, US",0,0
3373,C017,254.95,2025-10-27 02:59:37,"New York, US",0,0
1302,C093,2147.24,2025-10-27 02:59:57,"Warszawa, PL",0,0
8892,C006,32461.35,2025-10-27 03:05:00,"London, UK",0,1
8747,C000,6.13,2025-10-27 03:07:58,"London, UK",0,0
9875,C090,257.39,2025-10-27 03:14:57,"London, UK",0,1
9923,C063,88.56,2025-10-27 03:16:01,"Kraków, PL",0,0
5873,C053,224.71,2025-10-27 03:27:46,"Warszawa, PL",0,0
425,C045,1729.73,2025-10-27 03:33:44,"Kraków, PL",0,0
6153,C012,28.75,2025-10-27 03:37:53,"Warszawa, PL",0,0
5495,C027,2372.88,2025-10-27 03:44:21,"Warszawa, PL",0,1
9550,C018,2612.35,2025-10-27 03:53:58,"Kraków, PL",0,0
5983,C090,2269.58,2025-10-27 04:04:59,"New York, US",0,1
331,C024,51.36,2025-10-27 04:08:53,"New York, US",0,0
9476,C038,3735.45,2025-10-27 04:14:12,"London, UK",0,0
6339,C002,81.79,2025-10-27 04:16:19,"New York, US",0,0
3579,C095,497.54,2025-10-27 04:19:02,"Warszawa, PL",0,1
9776,C056,60.29,2025-10-27 04:19:14,"Warszawa, PL",0,0
8507,C084,79.42,2025-10-27 04:23:49,"Warszawa, PL",0,0
5604,C076,611.96,2025-10-27 04:27:15,"Warszawa, PL",0,1
3906,C095,152.84,2025-10-27 04:28:46,"Kraków, PL",0,0
534,C032,1902.28,2025-10-27 04:31:05,"New York, US",0,1
3182,C043,1273.91,2025-10-27 04:35:56,"New York, US",0,0
2323,C025,71.22,2025-10-27 04:50:14,"New York, US",0,0
4114,C026,361.4,2025-10-27 04:51:41,"London, UK",0,1
3653,C017,147.98,2025-10-27 04:57:06,"Warszawa, PL",0,0
9583,C058,367.73,2025-10-27 05:00:31,"Warszawa, PL",0,0
8463,C007,1249.79,2025-10-27 05:01:49,"New York, US",0,0
3490,C082,368.52,2025-10-27 05:02:20,"New York, US",0,0
3293,C025,123.11,2025-10-27 05:05:28,"Warszawa, PL",0,0
1913,C015,530.34,2025-10-27 05:05:52,"New York, US",0,1
358,C047,718.01,2025-10-27 05:06:11,"London, UK",0,0
7500,C076,2261.01,2025-10-27 05:06:59,"Kraków, PL",0,0
5004,C013,88.71,2025-10-27 05:11:11,"London, UK",1,0
9039,C016,1526.59,2025-10-27 05:16:52,"Kraków, PL",1,0
2511,C009,2117.86,2025-10-27 05:17:42,"London, UK",0,0
8756,C003,700.32,2025-10-27 05:18:09,"New York, US",0,0
2907,C099,65.15,2025-10-27 05:19:53,"Kraków, PL",0,0
1709,C033,100.51,2025-10-27 05:33:18,"Warszawa, PL",0,1
9468,C041,1881.98,2025-10-27 05:33:59,"Kraków, PL",0,0
5613,C081,165.07,2025-10-27 05:37:13,"London, UK",0,0
2498,C024,172.51,2025-10-27 05:42:53,"Warszawa, PL",0,0
3942,C008,500.13,2025-10-27 05:43:37,"Warszawa, PL",0,0
7984,C080,869.69,2025-10-27 05:46:35,"Kraków, PL",0,0
8012,C031,447.2,2025-10-27 06:02:45,"London, UK",0,0
3887,C077,395.91,2025-10-27 06:06:39,"Kraków, PL",0,0
9230,C018,226.72,2025-10-27 06:08:22,"Warszawa, PL",0,0
4750,C021,6927.73,2025-10-27 06:13:31,"New York, US",0,0
9702,C029,374.55,2025-10-27 06:14:28,"Warszawa, PL",0,0
1201,C003,5148.39,2025-10-27 06:15:44,"London, UK",0,0
7881,C034,578.17,2025-10-27 06:16:59,"New York, US",0,0
590,C061,1761.81,2025-10-27 06:17:18,"Kraków, PL",0,0
3407,C050,688.08,2025-10-27 06:18:14,"New York, US",0,0
9285,C068,106.34,2025-10-27 06:36:50,"London, UK",0,0
6473,C040,144.64,2025-10-27 06:42:27,"New York, US",0,0
3950,C057,592.86,2025-10-27 06:47:29,"Warszawa, PL",0,0
6058,C030,74.02,2025-10-27 06:55:59,"Kraków, PL",0,0
7079,C023,164.08,2025-10-27 06:56:40,"London, UK",0,0
959,C089,66.01,2025-10-27 07:02:03,"New York, US",0,0
9506,C050,155.43,2025-10-27 07:06:14,"Kraków, PL",0,0
1751,C004,199.55,2025-10-27 07:10:09,"Kraków, PL",0,0
9790,C071,327.2,2025-10-27 07:12:18,"New York, US",0,0
2146,C069,96.34,2025-10-27 07:12:54,"Warszawa, PL",0,0
2397,C004,317.31,2025-10-27 07:15:09,"Kraków, PL",0,0
7156,C039,166.52,2025-10-27 07:22:14,"Kraków, PL",0,1
4876,C039,1395.8,2025-10-27 07:23:27,"New York, US",0,0
1852,C034,305.91,2025-10-27 07:25:41,"Kraków, PL",0,0
5712,C027,1102.11,2025-10-27 07:38:47,"Warszawa, PL",0,0
1439,C068,24.92,2025-10-27 07:44:04,"Kraków, PL",0,0
620,C099,116.08,2025-10-27 07:46:06,"New York, US",0,0
489,C059,331.09,2025-10-27 07:47:51,"London, UK",0,0
3227,C026,640.19,2025-10-27 07:49:11,"London, UK",0,0
1283,C041,1949.0,2025-10-27 07:50:07,"London, UK",0,0
8169,C000,286.31,2025-10-27 07:54:59,"Warszawa, PL",0,0
9222,C051,7019.54,2025-10-27 07:55:11,"Kraków, PL",0,0
2148,C099,965.1,2025-10-27 07:55:19,"Kraków, PL",0,0
5378,C003,143.39,2025-10-27 07:57:26,"London, UK",1,0
8028,C038,994.05,2025-10-27 07:57:57,"London, UK",0,0
6864,C099,763.67,2025-10-27 07:58:33,"New York, US",0,0
4424,C068,753.35,2025-10-27 08:00:37,"Kraków, PL",0,0
6979,C014,162.5,2025-10-27 08:02:09,"Kraków, PL",0,0
2088,C023,97.49,2025-10-27 08:06:27,"Kraków, PL",0,0
9681,C025,129.29,2025-10-27 08:08:12,"London, UK",0,0
1231,C061,3847.9,2025-10-27 08:15:46,"New York, US",0,0
3723,C013,1129.35,2025-10-27 08:20:36,"London, UK",0,0
513,C013,242.1,2025-10-27 08:21:23,"Warszawa, PL",0,0
4860,C039,584.36,2025-10-27 08:38:23,"London, UK",0,0
6083,C099,3216.88,2025-10-27 08:38:30,"New York, US",0,0
6406,C047,94.5,2025-10-27 08:39:05,"Kraków, PL",0,1
8069,C056,864.25,2025-10-27 08:46:54,"New York, US",0,0
6755,C045,232.01,2025-10-27 08:48:09,"London, UK",0,0
5868,C051,495.67,2025-10-27 08:48:17,"Warszawa, PL",0,0
8317,C049,3687.19,2025-10-27 08:49:15,"London, UK",0,0
9575,C037,681.23,2025-10-27 09:00:55,"New York, US",0,0
7239,C044,32.12,2025-10-27 09:08:10,"New York, US",0,0
7495,C053,267.16,2025-10-27 09:12:05,"New York, US",0,0
7965,C086,7858.13,2025-10-27 09:14:33,"Kraków, PL",0,0
3037,C080,76.75,2025-10-27 09:16:41,"New York, US",0,0
6432,C047,389.36,2025-10-27 09:21:05,"London, UK",0,0
849,C080,192.32,2025-10-27 09:21:31,"New York, US",0,1
4254,C030,120.27,2025-10-27 09:23:21,"London, UK",0,0
3794,C079,316.97,2025-10-27 09:28:25,"London, UK",0,0
806,C008,24.99,2025-10-27 09:28:48,"New York, US",0,0
8257,C057,4266.13,2025-10-27 09:29:42,"London, UK",1,0
9355,C050,1149.43,2025-10-27 09:30:18,"Kraków, PL",0,0
8658,C035,291.75,2025-10-27 09:42:30,"New York, US",0,1
7491,C093,130.65,2025-10-27 10:04:14,"Kraków, PL",0,0
9081,C035,16307.34,2025-10-27 10:10:43,"Warszawa, PL",0,0
9569,C072,2660.03,2025-10-27 10:12:00,"Warszawa, PL",0,0
5427,C090,36.7,2025-10-27 10:15:00,"Warszawa, PL",0,0
3142,C086,206.05,2025-10-27 10:16:31,"Kraków, PL",0,0
3334,C012,974.44,2025-10-27 10:17:14,"London, UK",0,0
7183,C089,765.14,2025-10-27 10:31:47,"Kraków, PL",0,0
6695,C016,163.38,2025-10-27 10:34:08,"New York, US",0,0
4931,C062,57.42,2025-10-27 10:35:22,"London, UK",0,0
7363,C090,802.99,2025-10-27 10:37:12,"Warszawa, PL",0,0
306,C066,157.96,2025-10-27 10:46:11,"Kraków, PL",0,0
3454,C026,2302.25,2025-10-27 10:48:49,"London, UK",0,0
6604,C060,602.61,2025-10-27 10:58:24,"New York, US",0,0
7138,C058,748.43,2025-10-27 11:03:58,"Warszawa, PL",0,0
2520,C076,2897.31,2025-10-27 11:07:56,"Warszawa, PL",0,0
9503,C032,34.82,2025-10-27 11:08:24,"London, UK",0,0
5203,C016,1020.08,2025-10-27 11:09:01,"Warszawa, PL",0,0
9192,C023,787.72,2025-10-27 11:12:35,"New York, US",0,0
9067,C099,531.13,2025-10-27 11:20:13,"Warszawa, PL",0,0
5847,C052,1038.98,2025-10-27 11:21:47,"Warszawa, PL",0,0
2085,C093,134.53,2025-10-27 11:34:53,"Warszawa, PL",0,0
8881,C048,757.21,2025-10-27 11:40:17,"London, UK",0,1
5702,C051,94.22,2025-10-27 11:46:07,"London, UK",0,0
1162,C089,38.88,2025-10-27 11:57:41,"London, UK",0,0
1983,C007,1013.05,2025-10-27 12:04:00,"New York, US",0,0
6280,C098,1037.35,2025-10-27 12:04:29,"London, UK",0,0
4971,C058,273.86,2025-10-27 12:07:36,"Kraków, PL",0,0
8991,C075,197.58,2025-10-27 12:08:41,"Kraków, PL",0,0
7465,C027,256.49,2025-10-27 12:09:06,"Kraków, PL",0,1
7244,C005,2687.49,2025-10-27 12:12:51,"New York, US",0,0
1920,C054,1324.57,2025-10-27 12:14:17,"Kraków, PL",0,0
5081,C029,337.1,2025-10-27 12:22:23,"Warszawa, PL",0,0
9759,C094,17.54,2025-10-27 12:28:42,"Warszawa, PL",0,0
4543,C099,288.35,2025-10-27 12:30:01,"New York, US",0,0
1293,C002,314.61,2025-10-27 12:30:08,"Kraków, PL",0,1
5958,C042,51.75,2025-10-27 12:33:32,"Warszawa, PL",0,0
8414,C025,141.02,2025-10-27 12:33:42,"Warszawa, PL",0,0
6523,C089,4612.83,2025-10-27 12:35:34,"London, UK",0,0
8234,C043,1346.94,2025-10-27 12:35:50,"London, UK",0,0
2296,C093,1667.01,2025-10-27 12:40:25,"Kraków, PL",0,0
4369,C086,682.94,2025-10-27 12:41:53,"Warszawa, PL",0,0
359,C087,364.11,2025-10-27 12:43:16,"Kraków, PL",0,0
3630,C078,445.88,2025-10-27 12:47:32,"London, UK",0,1
2282,C090,1665.54,2025-10-27 12:48:42,"Kraków, PL",0,0
1418,C013,1016.51,2025-10-27 12:52:18,"London, UK",0,0
9589,C026,420.87,2025-10-27 13:00:26,"London, UK",0,0
2737,C029,6014.89,2025-10-27 13:02:00,"Kraków, PL",0,0
7859,C003,43.4,2025-10-27 13:02:42,"Kraków, PL",0,0
202,C025,149.14,2025-10-27 13:03:26,"Kraków, PL",0,0
7555,C034,211.3,2025-10-27 13:07:00,"New York, US",0,0
615,C059,389.62,2025-10-27 13:07:50,"New York, US",0,0
4616,C053,690.2,2025-10-27 13:09:59,"Kraków, PL",0,0
6759,C038,2186.39,2025-10-27 13:12:34,"Kraków, PL",0,0
7083,C027,649.28,2025-10-27 13:13:26,"Kraków, PL",0,0
5987,C015,159.09,2025-10-27 13:13:47,"Kraków, PL",0,0
5265,C050,6.1,2025-10-27 13:14:09,"London, UK",0,0
2670,C021,14.39,2025-10-27 13:28:53,"New York, US",0,0
5530,C006,191.32,2025-10-27 13:29:24,"London, UK",0,0
6946,C041,53.05,2025-10-27 13:33:08,"London, UK",0,0
9670,C074,88.44,2025-10-27 13:52:01,"Kraków, PL",0,0
3181,C074,692.5,2025-10-27 13:52:05,"Warszawa, PL",0,0
53,C074,834.66,2025-10-27 13:56:48,"Kraków, PL",0,0
7435,C017,17.45,2025-10-27 13:58:12,"Warszawa, PL",0,0
9735,C057,22.31,2025-10-27 14:03:44,"New York, US",0,0
3355,C084,378.02,2025-10-27 14:05:08,"London, UK",0,0
9946,C003,1290.73,2025-10-27 14:13:32,"Warszawa, PL",0,0
3154,C053,307.47,2025-10-27 14:19:12,"New York, US",1,0
4324,C041,13806.83,2025-10-27 14:21:58,"Warszawa, PL",0,1
255,C094,1538.02,2025-10-27 14:26:56,"New York, US",0,0
2792,C022,716.82,2025-10-27 14:29:40,"Warszawa, PL",0,0
5596,C038,156.96,2025-10-27 14:39:32,"London, UK",0,0
836,C036,317.97,2025-10-27 14:40:26,"London, UK",0,0
1250,C096,158.23,2025-10-27 14:43:08,"Warszawa, PL",0,0
8505,C078,14.52,2025-10-27 14:47:22,"Kraków, PL",0,0
8874,C028,201.65,2025-10-27 15:08:48,"New York, US",0,0
2765,C003,759.95,2025-10-27 15:10:32,"Kraków, PL",0,0
936,C003,17.21,2025-10-27 15:12:58,"Kraków, PL",0,0
5100,C071,109.7,2025-10-27 15:13:31,"New York, US",0,0
9896,C045,428.29,2025-10-27 15:14:02,"Warszawa, PL",0,1
68,C097,176.01,2025-10-27 15:14:49,"Warszawa, PL",0,0
4184,C045,264.94,2025-10-27 15:19:42,"London, UK",0,0
8855,C019,744.69,2025-10-27 15:28:00,"Kraków, PL",0,0
3393,C054,539.92,2025-10-27 15:28:07,"Warszawa, PL",0,0
9818,C073,31.12,2025-10-27 15:30:37,"London, UK",0,0
1673,C044,337.84,2025-10-27 15:36:15,"Warszawa, PL",0,1
97,C092,330.31,2025-10-27 15:39:08,"London, UK",0,0
4150,C044,223.5,2025-10-27 15:40:03,"Kraków, PL",0,0
8822,C084,616.15,2025-10-27 15:46:32,"Kraków, PL",0,0
1616,C021,29.17,2025-10-27 16:05:59,"London, UK",0,0
7071,C077,1199.82,2025-10-27 16:06:31,"Warszawa, PL",0,0
3679,C058,121.37,2025-10-27 16:10:06,"London, UK",0,1
9978,C060,41.95,2025-10-27 16:10:53,"New York, US",0,0
1484,C027,68.24,2025-10-27 16:16:02,"Warszawa, PL",0,0
3143,C079,613.36,2025-10-27 16:18:21,"Warszawa, PL",0,0
9770,C006,1536.93,2025-10-27 16:25:00,"Warszawa, PL",0,0
9886,C062,387.0,2025-10-27 16:32:15,"Warszawa, PL",0,0
6808,C012,66.82,2025-10-27 16:39:15,"Kraków, PL",0,0
1475,C059,1486.84,2025-10-27 16:42:39,"New York, US",0,1
9253,C046,2714.52,2025-10-27 16:50:43,"Warszawa, PL",0,0
7370,C038,1630.92,2025-10-27 16:52:29,"Warszawa, PL",0,1
6767,C067,624.86,2025-10-27 16:53:49,"Warszawa, PL",0,0
8476,C040,208.4,2025-10-27 16:58:31,"Kraków, PL",0,0
6331,C056,771.88,2025-10-27 16:59:06,"Warszawa, PL",0,0
6196,C066,1604.57,2025-10-27 17:01:52,"Kraków, PL",0,1
6621,C094,923.9,2025-10-27 17:03:21,"New York, US",0,0
5244,C051,5118.28,2025-10-27 17:08:02,"Warszawa, PL",0,1
4387,C057,36.82,2025-10-27 17:11:12,"New York, US",0,1
2038,C095,376.59,2025-10-27 17:11:34,"Warszawa, PL",0,0
7207,C033,957.08,2025-10-27 17:19:27,"New York, US",0,0
5950,C060,427.88,2025-10-27 17:34:10,"New York, US",0,0
9744,C027,108.41,2025-10-27 17:35:37,"New York, US",0,0
775,C098,52.0,2025-10-27 17:35:37,"London, UK",0,0
6617,C031,8264.63,2025-10-27 17:39:18,"New York, US",0,1
3781,C077,89.16,2025-10-27 17:46:40,"Kraków, PL",0,0
3121,C066,121.33,2025-10-27 17:56:49,"London, UK",0,1
189,C075,347.02,2025-10-27 17:57:19,"New York, US",0,0
2118,C036,67.09,2025-10-27 17:57:25,"Kraków, PL",0,0
7846,C083,1399.49,2025-10-27 18:01:21,"New York, US",0,0
271,C006,362.36,2025-10-27 18:06:45,"New York, US",0,0
9653,C045,967.62,2025-10-27 18:27:17,"Kraków, PL",0,0
4687,C067,177.88,2025-10-27 18:29:28,"Warszawa, PL",0,0
8209,C003,1161.72,2025-10-27 18:31:45,"New York, US",0,0
9066,C047,109.7,2025-10-27 18:36:19,"London, UK",0,1
9632,C081,45.22,2025-10-27 18:36:41,"Warszawa, PL",0,0
4359,C036,130.46,2025-10-27 18:37:41,"Kraków, PL",0,0
8185,C031,250.16,2025-10-27 18:47:14,"New York, US",0,0
3814,C039,174.42,2025-10-27 18:47:32,"Warszawa, PL",0,0
6954,C045,554.51,2025-10-27 18:48:10,"New York, US",0,0
873,C059,550.52,2025-10-27 18:48:36,"Warszawa, PL",0,0
8745,C053,541.5,2025-10-27 18:51:50,"Kraków, PL",0,0
5050,C036,3968.05,2025-10-27 18:56:03,"Warszawa, PL",0,0
6956,C033,3586.84,2025-10-27 18:56:33,"London, UK",0,0
5160,C054,158.22,2025-10-27 18:59:52,"Kraków, PL",0,0
57,C062,3363.14,2025-10-27 19:02:00,"New York, US",0,0
7045,C055,549.2,2025-10-27 19:04:22,"New York, US",0,1
6476,C015,9731.82,2025-10-27 19:04:29,"Kraków, PL",0,0
6125,C042,682.43,2025-10-27 19:11:41,"Kraków, PL",0,0
637,C088,380.04,2025-10-27 19:15:39,"Warszawa, PL",0,0
5488,C063,252.7,2025-10-27 19:20:11,"New York, US",0,0
5809,C093,5394.18,2025-10-27 19:20:11,"London, UK",0,0
1058,C054,2124.25,2025-10-27 19:25:54,"Warszawa, PL",0,0
5097,C075,19769.32,2025-10-27 19:29:27,"London, UK",0,0
8856,C022,1135.82,2025-10-27 19:42:59,"Warszawa, PL",0,0
711,C009,163.77,2025-10-27 19:49:58,"Warszawa, PL",0,0
7774,C083,1298.27,2025-10-27 19:51:08,"London, UK",0,1
2184,C070,439.07,2025-10-27 19:55:22,"London, UK",0,0
5624,C045,785.6,2025-10-27 20:04:58,"New York, US",0,0
7104,C054,2964.51,2025-10-27 20:05:06,"Warszawa, PL",0,0
75,C002,1217.82,2025-10-27 20:05:53,"Warszawa, PL",0,0
3298,C064,436.65,2025-10-27 20:11:02,"Kraków, PL",0,0
4517,C020,60.19,2025-10-27 20:13:18,"New York, US",0,0
5832,C022,111.19,2025-10-27 20:34:01,"New York, US",0,0
3336,C016,382.49,2025-10-27 20:48:13,"Warszawa, PL",0,0
7059,C030,71.51,2025-10-27 20:50:56,"Warszawa, PL",0,1
9813,C011,6800.57,2025-10-27 20:53:50,"Warszawa, PL",0,0
5778,C027,11198.3,2025-10-27 21:03:56,"London, UK",0,0
5500,C053,181.7,2025-10-27 21:04:07,"New York, US",0,0
4561,C098,979.56,2025-10-27 21:13:18,"London, UK",0,0
1028,C087,106.7,2025-10-27 21:24:47,"Kraków, PL",0,0
4591,C066,94.64,2025-10-27 21:26:28,"Warszawa, PL",0,0
7924,C080,2502.38,2025-10-27 21:27:21,"Warszawa, PL",0,0
3930,C074,281.99,2025-10-27 21:29:36,"Kraków, PL",0,0
8046,C001,1138.78,2025-10-27 21:40:10,"Kraków, PL",0,0
204,C004,131.59,2025-10-27 21:48:13,"London, UK",0,0
183,C050,1602.42,2025-10-27 21:57:16,"New York, US",0,0
4282,C091,1927.74,2025-10-27 21:57:58,"Kraków, PL",0,1
6354,C045,1709.6,2025-10-27 22:11:41,"New York, US",0,0
4311,C086,158.5,2025-10-27 22:14:00,"Warszawa, PL",0,0
2768,C008,581.58,2025-10-27 22:14:34,"New York, US",0,0
1693,C002,109.54,2025-10-27 22:18:48,"Kraków, PL",0,0
9714,C020,827.53,2025-10-27 22:28:36,"Kraków, PL",0,0
4177,C022,91.64,2025-10-27 22:35:09,"London, UK",0,0
1933,C085,84.94,2025-10-27 22:39:40,"Warszawa, PL",0,1
9652,C095,85.23,2025-10-27 22:42:15,"New York, US",0,0
7825,C074,1464.0,2025-10-27 22:44:50,"Kraków, PL",0,0
5544,C081,551.92,2025-10-27 22:45:14,"London, UK",0,1
9949,C029,1213.5,2025-10-27 22:47:45,"Warszawa, PL",0,0
5219,C005,2942.54,2025-10-27 22:52:37,"London, UK",0,0
7771,C008,74.88,2025-10-27 23:02:34,"Warszawa, PL",0,1
6130,C063,399.77,2025-10-27 23:03:18,"New York, US",0,0
4892,C073,1422.11,2025-10-27 23:05:25,"Kraków, PL",0,0
2382,C058,294.91,2025-10-27 23:15:07,"New York, US",0,0
9328,C038,133.71,2025-10-27 23:20:19,"Warszawa, PL",0,0
1894,C099,640.43,2025-10-27 23:20:22,"Kraków, PL",0,0
9188,C088,155.62,2025-10-27 23:45:19,"Warszawa, PL",0,0
7396,C089,52.24,2025-10-27 23:53:18,"London, UK",0,0
2707,C035,439.52,2025-10-27 23:55:53,"Warszawa, PL",0,0
1257,C040,57.34,2025-10-28 00:03:45,"Warszawa, PL",0,0
8669,C086,1812.82,2025-10-28 00:08:01,"Kraków, PL",0,0
2315,C065,53.25,2025-10-28 00:11:57,"Kraków, PL",0,0
8079,C075,2586.31,2025-10-28 00:37:15,"New York, US",0,1
3909,C035,307.49,2025-10-28 00:37:22,"London, UK",1,1
9313,C054,803.7,2025-10-28 00:39:21,"Warszawa, PL",0,0
3191,C026,1496.43,2025-10-28 00:47:27,"Warszawa, PL",0,0
802,C095,162.47,2025-10-28 00:53:34,"Kraków, PL",0,0
9797,C015,200.98,2025-10-28 01:08:27,"London, UK",0,0
670,C088,570.31,2025-10-28 01:12:05,"Warszawa, PL",0,0
6295,C074,839.41,2025-10-28 01:17:09,"New York, US",0,0
5026,C058,2093.56,2025-10-28 01:17:37,"Warszawa, PL",0,0
60,C098,68.64,2025-10-28 01:19:04,"London, UK",0,0
656,C054,5610.04,2025-10-28 01:23:26,"Warszawa, PL",0,0
6544,C030,1628.54,2025-10-28 01:27:43,"Kraków, PL",0,0
6340,C010,101.26,2025-10-28 01:30:39,"Warszawa, PL",0,0
6938,C029,2737.42,2025-10-28 01:33:02,"New York, US",0,0
8586,C072,408.36,2025-10-28 01:36:04,"Kraków, PL",0,0
7642,C025,1407.73,2025-10-28 01:36:36,"New York, US",0,0
4966,C089,139.86,2025-10-28 01:41:29,"Kraków, PL",0,0
5855,C025,855.89,2025-10-28 01:56:19,"Warszawa, PL",0,0
7394,C048,241.03,2025-10-28 02:04:23,"Kraków, PL",0,0
2236,C001,411.56,2025-10-28 02:06:34,"New York, US",0,0
5325,C032,149.74,2025-10-28 02:07:15,"New York, US",0,0
8809,C079,3089.28,2025-10-28 02:10:04,"London, UK",1,0
2345,C094,558.91,2025-10-28 02:15:32,"Kraków, PL",0,0
8266,C020,329.79,2025-10-28 02:16:43,"Kraków, PL",0,0
5587,C043,548.15,2025-10-28 02:21:05,"London, UK",0,0
3437,C093,3039.92,2025-10-28 02:23:25,"London, UK",0,0
9910,C081,1417.17,2025-10-28 02:26:49,"London, UK",0,1
8854,C020,1343.93,2025-10-28 02:40:56,"New York, US",0,0
8962,C060,193.85,2025-10-28 02:41:11,"London, UK",0,0
1648,C053,484.72,2025-10-28 02:47:42,"London, UK",0,0
5760,C004,170.43,2025-10-28 03:06:41,"Kraków, PL",0,1
2374,C043,1817.42,2025-10-28 03:14:40,"Warszawa, PL",0,0
7779,C080,239.71,2025-10-28 03:21:28,"Kraków, PL",0,0
2522,C074,615.66,2025-10-28 03:21:48,"Warszawa, PL",0,0
8485,C060,5216.12,2025-10-28 03:22:00,"Kraków, PL",0,0
4933,C064,683.09,2025-10-28 03:28:06,"New York, US",0,0
5311,C058,825.03,2025-10-28 03:32:38,"London, UK",0,0
6993,C034,7669.26,2025-10-28 03:39:48,"Warszawa, PL",0,0
7346,C075,1280.18,2025-10-28 03:49:16,"Warszawa, PL",0,0
4390,C049,939.31,2025-10-28 03:52:12,"New York, US",0,0
1194,C076,685.05,2025-10-28 03:59:40,"London, UK",0,1
6572,C090,204.11,2025-10-28 04:01:00,"Warszawa, PL",0,0
2673,C029,49.45,2025-10-28 04:02:00,"Warszawa, PL",0,1
2396,C057,162.5,2025-10-28 04:05:00,"New York, US",0,1
4903,C026,217.9,2025-10-28 04:10:47,"New York, US",0,0
3238,C090,348.22,2025-10-28 04:11:10,"London, UK",0,0
3568,C059,513.02,2025-10-28 04:12:31,"Kraków, PL",0,0
8240,C002,107.61,2025-10-28 04:14:21,"Warszawa, PL",0,1
9628,C086,1407.73,2025-10-28 04:16:12,"Kraków, PL",0,0
6722,C027,1255.92,2025-10-28 04:16:38,"New York, US",0,0
5850,C061,225.4,2025-10-28 04:17:57,"Warszawa, PL",0,0
7604,C065,216.41,2025-10-28 04:20:00,"New York, US",0,0
4286,C070,742.43,2025-10-28 04:26:29,"Kraków, PL",0,0
8114,C019,132.12,2025-10-28 04:36:13,"London, UK",0,0
4161,C035,905.42,2025-10-28 04:37:32,"Warszawa, PL",0,0
6995,C056,4204.96,2025-10-28 04:58:19,"London, UK",0,0
1407,C055,616.49,2025-10-28 04:58:51,"New York, US",0,0
9229,C096,708.68,2025-10-28 05:01:31,"Kraków, PL",0,0
2838,C004,84.33,2025-10-28 05:09:20,"Kraków, PL",0,0
1725,C001,241.4,2025-10-28 05:10:20,"Kraków, PL",0,0
1834,C061,1935.38,2025-10-28 05:12:05,"Kraków, PL",0,0
7057,C047,4231.52,2025-10-28 05:21:38,"London, UK",0,0
977,C017,446.95,2025-10-28 05:24:22,"London, UK",0,0
4732,C095,233.73,2025-10-28 05:27:25,"New York, US",0,0
6511,C085,174.24,2025-10-28 05:29:05,"London, UK",0,0
8731,C078,916.65,2025-10-28 05:36:00,"Warszawa, PL",0,0
5324,C076,1611.63,2025-10-28 05:42:48,"Warszawa, PL",0,0
2056,C009,3270.13,2025-10-28 05:47:54,"London, UK",0,0
2607,C088,745.56,2025-10-28 05:53:51,"Kraków, PL",0,0
2617,C076,386.58,2025-10-28 05:55:07,"Kraków, PL",0,1
8858,C078,626.53,2025-10-28 05:56:15,"Kraków, PL",0,0
1367,C092,105.97,2025-10-28 06:07:13,"New York, US",0,0
4880,C014,42.63,2025-10-28 06:11:26,"London, UK",0,0
2180,C090,43.98,2025-10-28 06:19:22,"New York, US",0,0
6582,C093,380.17,2025-10-28 06:27:22,"London, UK",0,1
8831,C076,609.71,2025-10-28 06:28:39,"Kraków, PL",0,0
9307,C077,759.86,2025-10-28 06:38:17,"London, UK",0,0
929,C067,1319.98,2025-10-28 06:38:52,"Warszawa, PL",0,0
8957,C070,46.87,2025-10-28 06:40:14,"Kraków, PL",0,0
3426,C032,779.03,2025-10-28 06:42:15,"New York, US",0,0
1056,C091,136.76,2025-10-28 06:45:11,"New York, US",0,0
5889,C061,496.02,2025-10-28 06:50:53,"Warszawa, PL",0,0
295,C019,1086.2,2025-10-28 06:53:50,"New York, US",0,0
2121,C049,83.45,2025-10-28 06:59:53,"Warszawa, PL",0,0
4580,C035,16.11,2025-10-28 07:01:13,"London, UK",0,0
9385,C034,404.86,2025-10-28 07:01:23,"New York, US",0,0
7414,C014,342.64,2025-10-28 07:04:37,"New York, US",0,0
7605,C039,112.64,2025-10-28 07:05:29,"Kraków, PL",0,1
84,C041,21.03,2025-10-28 07:11:07,"New York, US",0,0
219,C031,1290.7,2025-10-28 07:14:51,"London, UK",0,0
8934,C007,357.12,2025-10-28 07:16:16,"Warszawa, PL",0,0
7941,C071,171.44,2025-10-28 07:19:26,"London, UK",0,0
4748,C055,67.19,2025-10-28 07:22:54,"Warszawa, PL",0,0
4070,C046,3251.04,2025-10-28 07:25:08,"Kraków, PL",0,0
4030,C053,550.3,2025-10-28 07:28:33,"New York, US",0,0
7966,C054,3815.34,2025-10-28 07:28:52,"Warszawa, PL",0,0
6122,C035,808.64,2025-10-28 07:29:05,"New York, US",0,0
9688,C071,3180.74,2025-10-28 07:35:44,"Warszawa, PL",0,0
4927,C023,67.49,2025-10-28 07:39:03,"London, UK",0,0
6789,C079,270.52,2025-10-28 07:40:51,"New York, US",0,0
4725,C089,261.36,2025-10-28 07:47:16,"Warszawa, PL",0,0
6346,C011,566.2,2025-10-28 07:50:30,"London, UK",0,0
52,C018,143.09,2025-10-28 07:56:36,"London, UK",0,0
456,C016,171.51,2025-10-28 08:00:46,"Kraków, PL",0,0
2621,C069,58.26,2025-10-28 08:02:23,"New York, US",0,0
8972,C094,1347.67,2025-10-28 08:03:49,"New York, US",0,1
1343,C064,498.64,2025-10-28 08:11:19,"New York, US",0,0
5639,C068,1182.71,2025-10-28 08:16:12,"New York, US",0,0
2975,C063,2986.21,2025-10-28 08:20:14,"New York, US",0,0
1567,C024,2488.61,2025-10-28 08:30:56,"Kraków, PL",0,0
1856,C034,81.35,2025-10-28 08:33:03,"Warszawa, PL",0,0
912,C014,55.06,2025-10-28 08:38:14,"Warszawa, PL",0,0
8995,C013,260.55,2025-10-28 08:44:59,"Kraków, PL",0,0
5614,C017,2127.11,2025-10-28 08:45:51,"London, UK",0,0
4154,C038,1050.53,2025-10-28 08:54:19,"New York, US",0,0
9866,C057,15.08,2025-10-28 08:56:14,"Kraków, PL",0,0
9393,C084,486.33,2025-10-28 08:56:18,"London, UK",0,0
811,C074,559.48,2025-10-28 08:58:22,"London, UK",0,0
3536,C073,3618.59,2025-10-28 08:58:34,"New York, US",0,0
6084,C077,1361.08,2025-10-28 09:01:31,"New York, US",0,0
874,C096,648.68,2025-10-28 09:02:29,"Warszawa, PL",0,0
2482,C032,223.54,2025-10-28 09:05:15,"London, UK",0,0
1909,C006,449.18,2025-10-28 09:07:06,"Warszawa, PL",0,0
8288,C082,72.99,2025-10-28 09:09:53,"New York, US",0,0
2311,C028,281.36,2025-10-28 09:10:20,"Kraków, PL",0,0
2602,C054,439.38,2025-10-28 09:10:44,"New York, US",0,0
200,C002,331.49,2025-10-28 09:17:14,"New York, US",0,0
9607,C017,646.69,2025-10-28 09:19:39,"Warszawa, PL",0,0
5927,C099,69.01,2025-10-28 09:20:16,"Kraków, PL",0,0
8794,C080,976.03,2025-10-28 09:24:57,"Kraków, PL",0,0
1992,C094,3099.55,2025-10-28 09:25:04,"London, UK",0,0
3461,C057,357.31,2025-10-28 09:29:05,"London, UK",0,1
4631,C022,720.6,2025-10-28 09:32:35,"New York, US",0,0
8699,C037,1526.09,2025-10-28 09:39:43,"Kraków, PL",0,0
6720,C099,106.36,2025-10-28 09:39:58,"New York, US",0,0
4106,C044,70.22,2025-10-28 09:40:08,"London, UK",0,0
3979,C046,73.4,2025-10-28 09:42:03,"Warszawa, PL",0,0
7253,C076,349.57,2025-10-28 09:43:23,"New York, US",0,0
4646,C037,3905.25,2025-10-28 09:49:00,"Kraków, PL",0,0
6424,C033,2870.82,2025-10-28 09:51:48,"London, UK",0,0
2447,C039,415.49,2025-10-28 10:09:13,"Warszawa, PL",0,0
9937,C043,56.59,2025-10-28 10:11:00,"London, UK",0,0
1911,C032,90.65,2025-10-28 10:12:20,"Kraków, PL",0,0
4289,C077,187.14,2025-10-28 10:18:29,"Warszawa, PL",0,0
287,C089,453.93,2025-10-28 10:23:56,"London, UK",0,0
7426,C078,1217.33,2025-10-28 10:24:14,"London, UK",0,0
284,C029,233.68,2025-10-28 10:25:48,"Warszawa, PL",0,0
2051,C003,39.07,2025-10-28 10:32:20,"Kraków, PL",0,0
1657,C073,1053.22,2025-10-28 10:38:36,"London, UK",0,0
4594,C032,3142.48,2025-10-28 10:39:41,"London, UK",0,0
349,C092,210.23,2025-10-28 10:49:11,"Warszawa, PL",0,0
7860,C034,24.92,2025-10-28 11:01:41,"Kraków, PL",0,0
4034,C069,107.47,2025-10-28 11:10:21,"New York, US",0,0
1826,C014,4.35,2025-10-28 11:10:33,"London, UK",0,0
1524,C057,842.79,2025-10-28 11:29:32,"Kraków, PL",0,0
373,C011,1537.77,2025-10-28 11:33:43,"New York, US",0,1
6063,C039,161.8,2025-10-28 11:33:55,"London, UK",0,0
5069,C090,77.85,2025-10-28 11:34:58,"Warszawa, PL",0,0
5670,C006,421.99,2025-10-28 11:43:36,"New York, US",0,0
8781,C010,1394.53,2025-10-28 11:58:30,"New York, US",0,0
356,C082,40.99,2025-10-28 12:19:25,"London, UK",0,0
429,C045,233.66,2025-10-28 12:20:02,"London, UK",0,0
2349,C043,125.83,2025-10-28 12:26:34,"New York, US",0,1
9401,C098,3889.66,2025-10-28 12:29:57,"Warszawa, PL",0,0
276,C052,34.72,2025-10-28 12:30:08,"New York, US",0,0
4531,C042,440.94,2025-10-28 12:35:18,"New York, US",0,0
2150,C037,93.91,2025-10-28 12:39:22,"London, UK",0,0
3661,C035,74.75,2025-10-28 12:41:51,"Kraków, PL",0,0
7588,C055,2187.64,2025-10-28 12:42:52,"London, UK",0,0
3732,C025,1334.01,2025-10-28 12:48:28,"London, UK",0,0
1569,C073,1117.6,2025-10-28 12:51:48,"Warszawa, PL",0,0
5985,C033,1404.65,2025-10-28 12:55:31,"London, UK",0,0
5420,C033,233.57,2025-10-28 12:55:35,"London, UK",0,0
508,C063,404.55,2025-10-28 12:55:39,"Kraków, PL",0,0
1745,C073,195.1,2025-10-28 12:56:39,"Warszawa, PL",0,0
3525,C032,509.02,2025-10-28 12:56:51,"New York, US",0,0
6612,C085,411.5,2025-10-28 12:59:01,"Kraków, PL",0,0
5159,C025,2835.82,2025-10-28 13:01:36,"Kraków, PL",0,0
3605,C029,1060.65,2025-10-28 13:04:26,"Warszawa, PL",0,0
4637,C045,6.14,2025-10-28 13:10:01,"New York, US",0,1
4270,C049,1921.12,2025-10-28 13:14:12,"New York, US",0,0
2600,C096,6392.17,2025-10-28 13:19:08,"London, UK",0,0
5356,C054,3225.67,2025-10-28 13:23:29,"New York, US",0,0
8968,C062,1197.07,2025-10-28 13:33:58,"Warszawa, PL",0,0
2135,C028,2464.86,2025-10-28 13:37:46,"New York, US",0,0
5765,C088,79.4,2025-10-28 13:43:09,"London, UK",0,1
7718,C097,187.27,2025-10-28 13:47:41,"New York, US",0,0
7660,C085,332.09,2025-10-28 13:47:55,"New York, US",0,0
5951,C026,2098.45,2025-10-28 13:50:49,"New York, US",1,0
1686,C054,1423.31,2025-10-28 13:57:09,"Warszawa, PL",0,0
6395,C016,143.75,2025-10-28 13:57:40,"New York, US",0,0
1148,C059,1012.26,2025-10-28 14:02:23,"Warszawa, PL",0,0
100,C088,77.61,2025-10-28 14:02:56,"London, UK",0,0
9600,C008,171.09,2025-10-28 14:05:31,"Warszawa, PL",0,0
6261,C036,1220.43,2025-10-28 14:06:24,"New York, US",0,0
7461,C085,234.81,2025-10-28 14:11:41,"Warszawa, PL",0,1
1680,C075,196.47,2025-10-28 14:12:34,"Warszawa, PL",0,1
302,C057,64.75,2025-10-28 14:13:28,"Kraków, PL",0,1
3113,C061,73.26,2025-10-28 14:14:07,"New York, US",0,0
3518,C015,11.82,2025-10-28 14:16:30,"London, UK",0,0
7173,C083,39130.52,2025-10-28 14:26:47,"Warszawa, PL",0,0
6445,C069,1011.96,2025-10-28 14:26:50,"London, UK",0,0
4741,C023,496.31,2025-10-28 14:29:05,"Kraków, PL",0,0
5373,C011,1069.36,2025-10-28 14:33:01,"New York, US",0,0
2481,C067,2791.3,2025-10-28 14:34:31,"Warszawa, PL",0,0
5451,C048,777.48,2025-10-28 14:44:04,"London, UK",0,0
2874,C045,1086.98,2025-10-28 14:44:18,"Kraków, PL",0,0
8302,C060,96.82,2025-10-28 14:51:01,"Warszawa, PL",0,0
2801,C006,822.02,2025-10-28 14:51:44,"New York, US",0,1
6986,C080,286.46,2025-10-28 14:52:52,"Kraków, PL",0,0
5113,C086,6564.4,2025-10-28 14:53:55,"Warszawa, PL",0,0
7286,C011,235.48,2025-10-28 14:55:16,"Kraków, PL",0,0
7134,C088,532.1,2025-10-28 14:58:08,"New York, US",0,1
1575,C090,2202.59,2025-10-28 14:59:25,"Kraków, PL",0,0
779,C024,930.97,2025-10-28 15:13:44,"Warszawa, PL",0,0
6827,C082,735.97,2025-10-28 15:15:16,"New York, US",0,0
9837,C052,164.11,2025-10-28 15:18:53,"Warszawa, PL",0,0
8574,C077,338.0,2025-10-28 15:21:12,"London, UK",0,1
8887,C060,143.82,2025-10-28 15:25:33,"Warszawa, PL",0,0
2716,C043,162.89,2025-10-28 15:26:02,"Warszawa, PL",0,0
3352,C022,84.38,2025-10-28 15:30:29,"Kraków, PL",0,0
653,C009,4014.74,2025-10-28 15:32:27,"New York, US",0,0
2251,C008,1126.74,2025-10-28 15:37:28,"London, UK",0,0
2855,C028,91.06,2025-10-28 15:40:12,"Kraków, PL",0,0
9716,C059,32.09,2025-10-28 15:42:39,"New York, US",0,0
130,C056,289.03,2025-10-28 15:45:26,"London, UK",0,0
8237,C092,297.05,2025-10-28 15:51:25,"Warszawa, PL",0,0
6606,C000,4368.92,2025-10-28 15:57:54,"Kraków, PL",0,0
8177,C075,284.52,2025-10-28 16:03:45,"Kraków, PL",0,0
4988,C073,821.05,2025-10-28 16:06:23,"Kraków, PL",0,0
5512,C098,237.94,2025-10-28 16:13:02,"New York, US",0,0
857,C073,98.07,2025-10-28 16:15:28,"Kraków, PL",0,0
2114,C017,1710.42,2025-10-28 16:19:02,"Kraków, PL",0,0
3918,C049,729.11,2025-10-28 16:30:20,"London, UK",0,0
2826,C004,125.63,2025-10-28 16:33:27,"Warszawa, PL",0,1
895,C023,179.61,2025-10-28 16:38:10,"Warszawa, PL",0,0
1931,C018,183.1,2025-10-28 16:38:17,"Kraków, PL",0,0
102,C072,2930.65,2025-10-28 16:45:41,"New York, US",0,0
9823,C027,250.73,2025-10-28 16:50:07,"London, UK",0,1
6199,C040,391.39,2025-10-28 16:50:46,"Kraków, PL",0,0
7337,C056,210.78,2025-10-28 16:54:42,"London, UK",0,0
1626,C062,4429.21,2025-10-28 16:55:50,"Warszawa, PL",0,0
5625,C042,5794.82,2025-10-28 16:56:13,"Warszawa, PL",0,0
4447,C072,187.49,2025-10-28 16:58:51,"London, UK",0,0
1339,C024,110.14,2025-10-28 16:58:52,"New York, US",0,0
2938,C078,7.55,2025-10-28 17:10:52,"New York, US",0,0
2824,C057,4443.37,2025-10-28 17:11:42,"Warszawa, PL",0,0
1821,C072,56.63,2025-10-28 17:11:55,"Warszawa, PL",0,0
7973,C040,1056.82,2025-10-28 17:11:58,"London, UK",0,0
4400,C023,80.79,2025-10-28 17:12:44,"Warszawa, PL",0,0
5989,C055,433.25,2025-10-28 17:20:22,"New York, US",1,0
8661,C063,108.67,2025-10-28 17:31:44,"London, UK",0,0
9719,C005,119.44,2025-10-28 17:33:31,"New York, US",0,0
4989,C072,1398.81,2025-10-28 17:35:48,"London, UK",0,0
1084,C025,78.4,2025-10-28 17:39:45,"London, UK",0,0
6533,C074,1653.76,2025-10-28 17:43:32,"New York, US",0,0
7574,C048,422.5,2025-10-28 17:44:01,"Kraków, PL",0,1
5223,C091,1042.32,2025-10-28 17:44:11,"Warszawa, PL",0,0
2790,C084,1047.11,2025-10-28 17:44:47,"London, UK",0,0
7615,C043,1900.95,2025-10-28 17:55:37,"Kraków, PL",0,0
2939,C044,3192.81,2025-10-28 17:57:33,"Kraków, PL",0,0
7807,C060,300.69,2025-10-28 18:12:45,"Warszawa, PL",0,0
6584,C085,1109.11,2025-10-28 18:20:05,"New York, US",0,0
1956,C006,127.83,2025-10-28 18:20:52,"New York, US",0,0
7999,C034,2641.16,2025-10-28 18:24:37,"London, UK",0,1
7742,C004,2051.63,2025-10-28 18:25:14,"London, UK",0,0
523,C040,215.29,2025-10-28 18:29:53,"Kraków, PL",0,0
2841,C030,177.75,2025-10-28 18:32:53,"Warszawa, PL",0,0
3025,C045,10.69,2025-10-28 18:33:05,"London, UK",0,0
7397,C079,1245.91,2025-10-28 18:37:00,"New York, US",0,0
700,C068,640.6,2025-10-28 18:40:09,"London, UK",0,0
1704,C050,966.63,2025-10-28 18:40:16,"New York, US",0,1
3705,C051,86.99,2025-10-28 18:42:24,"Warszawa, PL",0,0
8111,C088,415.66,2025-10-28 18:46:35,"Warszawa, PL",0,0
4862,C057,959.43,2025-10-28 18:48:26,"Warszawa, PL",0,1
6023,C046,1949.58,2025-10-28 18:49:42,"New York, US",0,0
4095,C082,161.18,2025-10-28 18:49:57,"London, UK",0,0
4724,C036,1363.47,2025-10-28 18:55:16,"New York, US",0,0
4822,C085,180.49,2025-10-28 19:06:30,"Warszawa, PL",0,0
8172,C088,220.18,2025-10-28 19:14:25,"London, UK",0,0
5724,C079,68.66,2025-10-28 19:16:26,"Kraków, PL",0,0
9916,C049,292.38,2025-10-28 19:30:59,"New York, US",0,0
2071,C044,547.96,2025-10-28 19:32:11,"Warszawa, PL",0,0
5887,C011,90.3,2025-10-28 19:33:15,"Kraków, PL",0,1
5730,C079,360.9,2025-10-28 19:34:39,"Kraków, PL",0,0
1502,C020,141.61,2025-10-28 19:36:04,"Warszawa, PL",0,0
1243,C011,156.82,2025-10-28 19:38:56,"Warszawa, PL",0,0
8750,C015,434.07,2025-10-28 19:41:20,"London, UK",0,0
3812,C041,140.77,2025-10-28 19:43:19,"London, UK",0,0
2954,C062,4158.52,2025-10-28 19:56:58,"New York, US",0,0
5237,C049,153.66,2025-10-28 20:04:43,"Kraków, PL",0,0
796,C097,288.57,2025-10-28 20:07:46,"Kraków, PL",0,0
5358,C079,234.14,2025-10-28 20:09:48,"New York, US",0,0
9026,C004,138.29,2025-10-28 20:10:58,"Kraków, PL",0,0
4599,C058,216.15,2025-10-28 20:20:35,"London, UK",0,0
8905,C051,990.36,2025-10-28 20:35:02,"New York, US",0,0
6174,C054,2462.26,2025-10-28 20:35:25,"London, UK",0,0
804,C018,194.97,2025-10-28 20:43:45,"New York, US",0,0
3923,C055,1047.93,2025-10-28 20:45:15,"New York, US",0,1
1559,C056,374.67,2025-10-28 20:45:55,"London, UK",0,0
5746,C070,2603.64,2025-10-28 20:56:57,"New York, US",0,0
9323,C054,345.11,2025-10-28 21:06:34,"London, UK",0,1
4560,C047,148.66,2025-10-28 21:12:33,"Warszawa, PL",0,0
5718,C012,112.41,2025-10-28 21:22:35,"London, UK",0,0
5594,C036,6512.48,2025-10-28 21:23:57,"London, UK",0,1
9057,C072,32.94,2025-10-28 21:24:07,"New York, US",0,0
7645,C098,157.2,2025-10-28 21:29:59,"Kraków, PL",0,0
2616,C010,161.79,2025-10-28 21:30:49,"Kraków, PL",0,0
2923,C038,1216.31,2025-10-28 21:31:24,"Kraków, PL",0,0
3365,C034,1317.46,2025-10-28 21:35:08,"New York, US",0,0
3555,C072,81.09,2025-10-28 21:37:14,"London, UK",0,0
4838,C008,978.67,2025-10-28 21:40:32,"New York, US",0,0
1221,C065,750.66,2025-10-28 21:42:39,"New York, US",0,0
1543,C061,682.49,2025-10-28 21:49:35,"London, UK",0,0
3284,C027,1942.9,2025-10-28 21:57:38,"London, UK",0,0
1280,C074,186.29,2025-10-28 21:59:41,"London, UK",0,0
6356,C062,88.64,2025-10-28 22:03:13,"Warszawa, PL",0,0
5360,C045,6.16,2025-10-28 22:04:53,"Warszawa, PL",0,0
3785,C004,1874.03,2025-10-28 22:07:08,"Warszawa, PL",0,0
812,C097,1556.87,2025-10-28 22:08:47,"London, UK",0,0
5271,C049,2360.03,2025-10-28 22:11:05,"Kraków, PL",0,0
958,C084,216.74,2025-10-28 22:18:40,"London, UK",0,0
9434,C057,183.61,2025-10-28 22:24:33,"Kraków, PL",0,0
5481,C099,1617.84,2025-10-28 22:26:40,"New York, US",0,0
6966,C023,5283.29,2025-10-28 22:29:06,"New York, US",0,0
4946,C038,13.39,2025-10-28 22:38:23,"Warszawa, PL",0,0
5615,C091,219.93,2025-10-28 22:42:54,"Kraków, PL",0,0
5059,C064,187.67,2025-10-28 22:43:07,"London, UK",0,0
5831,C023,118.65,2025-10-28 22:43:37,"London, UK",0,0
9553,C029,2074.29,2025-10-28 22:49:04,"Warszawa, PL",0,0
4771,C063,261.29,2025-10-28 22:49:41,"Warszawa, PL",0,0
5753,C095,623.81,2025-10-28 22:49:54,"Warszawa, PL",0,0
7651,C037,1755.75,2025-10-28 22:56:18,"New York, US",0,0
9485,C009,315.98,2025-10-28 23:04:39,"London, UK",0,0
6664,C086,124.33,2025-10-28 23:11:57,"Kraków, PL",0,0
1117,C069,8284.97,2025-10-28 23:12:39,"New York, US",0,1
2612,C052,91.63,2025-10-28 23:18:00,"New York, US",0,0
6982,C099,1569.45,2025-10-28 23:25:04,"London, UK",0,0
8181,C037,160.74,2025-10-28 23:27:59,"Kraków, PL",0,0
2191,C046,3370.84,2025-10-28 23:33:32,"Kraków, PL",0,0
1198,C003,332.29,2025-10-28 23:38:46,"Kraków, PL",0,0
1805,C083,198.54,2025-10-28 23:38:58,"Warszawa, PL",0,0
5401,C096,631.07,2025-10-28 23:42:15,"London, UK",0,0
238,C021,549.69,2025-10-28 23:44:42,"Warszawa, PL",0,0
152,C080,1811.26,2025-10-28 23:53:40,"Kraków, PL",0,0
7026,C083,38.2,2025-10-29 00:03:51,"Warszawa, PL",0,0
3780,C099,3690.43,2025-10-29 00:07:05,"Kraków, PL",0,0
6620,C074,133.94,2025-10-29 00:07:39,"New York, US",0,0
9889,C051,87.81,2025-10-29 00:11:34,"London, UK",0,0
9554,C016,122.18,2025-10-29 00:16:48,"New York, US",0,0
3560,C059,86.99,2025-10-29 00:19:30,"London, UK",0,1
6270,C065,1378.35,2025-10-29 00:23:27,"Warszawa, PL",0,1
1166,C008,18.35,2025-10-29 00:24:21,"New York, US",0,0
9806,C043,170.86,2025-10-29 00:28:43,"Kraków, PL",1,0
7926,C058,752.04,2025-10-29 00:39:16,"New York, US",0,0
4373,C088,85.18,2025-10-29 00:40:32,"London, UK",0,0
4391,C096,601.87,2025-10-29 00:43:05,"Warszawa, PL",0,0
5475,C043,3437.49,2025-10-29 00:44:32,"Kraków, PL",1,0
2947,C074,595.75,2025-10-29 00:44:52,"Kraków, PL",0,0
7871,C082,43.92,2025-10-29 00:46:37,"London, UK",0,0
7614,C034,19.93,2025-10-29 00:46:38,"New York, US",0,0
3761,C069,542.81,2025-10-29 00:50:10,"New York, US",0,0
7262,C005,127.81,2025-10-29 00:55:34,"London, UK",0,0
2158,C083,96.34,2025-10-29 01:02:35,"New York, US",0,0
7540,C011,195.91,2025-10-29 01:06:50,"London, UK",0,0
8101,C098,292.98,2025-10-29 01:10:52,"New York, US",0,0
3750,C052,55.45,2025-10-29 01:11:43,"Kraków, PL",0,0
7329,C033,120.85,2025-10-29 01:14:26,"London, UK",0,0
8134,C009,331.43,2025-10-29 01:18:20,"Warszawa, PL",0,0
8961,C074,286.12,2025-10-29 01:19:46,"New York, US",0,0
7944,C025,798.98,2025-10-29 01:20:26,"New York, US",0,0
8797,C080,154.24,2025-10-29 01:34:41,"Warszawa, PL",0,0
7043,C017,100.49,2025-10-29 01:36:18,"Warszawa, PL",0,1
5258,C080,92.91,2025-10-29 01:38:00,"New York, US",0,0
4774,C014,2548.28,2025-10-29 01:41:19,"Kraków, PL",0,0
7770,C011,466.46,2025-10-29 01:42:05,"London, UK",1,0
2713,C011,4438.88,2025-10-29 01:42:20,"London, UK",0,0
4611,C042,248.62,2025-10-29 02:18:40,"Warszawa, PL",0,0
1136,C019,2889.62,2025-10-29 02:20:57,"Kraków, PL",0,0
7590,C038,442.51,2025-10-29 02:29:19,"New York, US",0,0
6494,C088,8.15,2025-10-29 02:30:52,"Kraków, PL",0,0
7353,C086,563.69,2025-10-29 02:31:07,"Kraków, PL",0,0
4576,C040,234.0,2025-10-29 02:33:33,"Warszawa, PL",0,0
6860,C077,6092.92,2025-10-29 02:35:44,"London, UK",0,1
592,C031,14375.04,2025-10-29 02:38:02,"London, UK",0,0
9459,C040,138.18,2025-10-29 02:41:13,"Warszawa, PL",0,0
367,C015,347.44,2025-10-29 02:42:09,"Kraków, PL",0,0
1799,C085,939.47,2025-10-29 02:43:18,"Warszawa, PL",0,0
9543,C070,344.98,2025-10-29 02:50:09,"Kraków, PL",0,0
5990,C089,430.03,2025-10-29 02:51:11,"New York, US",0,0
3809,C081,1001.66,2025-10-29 02:54:16,"Warszawa, PL",0,0
7099,C083,5091.91,2025-10-29 02:58:59,"Kraków, PL",1,0
48,C015,1599.0,2025-10-29 03:01:22,"Kraków, PL",0,0
2136,C076,1342.13,2025-10-29 03:03:12,"New York, US",1,0
437,C009,269.03,2025-10-29 03:03:33,"Kraków, PL",0,0
3126,C079,666.59,2025-10-29 03:10:10,"Warszawa, PL",0,0
576,C061,107.56,2025-10-29 03:17:51,"Kraków, PL",0,0
6965,C063,359.0,2025-10-29 03:18:01,"London, UK",0,0
8311,C047,816.0,2025-10-29 03:24:05,"Kraków, PL",0,0
296,C037,1380.19,2025-10-29 03:32:43,"New York, US",0,0
9457,C065,3640.66,2025-10-29 03:39:08,"London, UK",0,0
2048,C048,44.36,2025-10-29 03:50:50,"Warszawa, PL",0,0
3276,C006,43.56,2025-10-29 03:53:15,"London, UK",0,0
6342,C084,1023.42,2025-10-29 03:59:35,"Warszawa, PL",0,0
6137,C089,213.02,2025-10-29 04:00:44,"Kraków, PL",0,0
50,C016,248.55,2025-10-29 04:03:24,"Warszawa, PL",0,0
4294,C084,146.25,2025-10-29 04:27:08,"Warszawa, PL",0,0
7459,C070,19.24,2025-10-29 04:32:15,"Warszawa, PL",0,0
7429,C073,226.22,2025-10-29 04:35:54,"London, UK",0,0
9356,C014,1758.79,2025-10-29 04:39:05,"London, UK",0,0
8886,C033,30.37,2025-10-29 04:41:23,"New York, US",0,0
8259,C054,199.04,2025-10-29 04:42:25,"Kraków, PL",0,0
906,C004,98.19,2025-10-29 04:47:02,"London, UK",0,0
7355,C095,214.41,2025-10-29 04:49:39,"New York, US",0,0
9989,C009,527.03,2025-10-29 04:51:06,"Warszawa, PL",0,0
5477,C055,1776.78,2025-10-29 04:55:49,"Warszawa, PL",0,0
8386,C039,744.95,2025-10-29 04:56:14,"Warszawa, PL",0,0
9894,C023,290.46,2025-10-29 05:04:57,"Warszawa, PL",0,0
234,C055,14616.58,2025-10-29 05:06:25,"New York, US",0,0
5197,C008,479.5,2025-10-29 05:12:27,"New York, US",0,0
2095,C070,1291.78,2025-10-29 05:12:28,"New York, US",0,0
6021,C034,153.69,2025-10-29 05:19:32,"New York, US",0,1
5607,C058,409.5,2025-10-29 05:21:14,"Warszawa, PL",0,0
7289,C074,48.86,2025-10-29 05:30:10,"Kraków, PL",0,0
8029,C084,1075.87,2025-10-29 05:31:29,"Warszawa, PL",0,1
4040,C009,97.0,2025-10-29 05:40:07,"New York, US",0,0
2039,C089,417.35,2025-10-29 05:44:25,"London, UK",0,0
9435,C024,263.36,2025-10-29 05:54:57,"New York, US",0,0
6082,C094,3158.49,2025-10-29 05:55:28,"New York, US",0,0
7901,C032,8357.01,2025-10-29 06:04:03,"New York, US",0,0
6412,C041,199.55,2025-10-29 06:07:48,"Warszawa, PL",0,0
5008,C089,91.13,2025-10-29 06:09:26,"Kraków, PL",0,0
2757,C086,2948.71,2025-10-29 06:10:04,"London, UK",0,0
7233,C074,680.29,2025-10-29 06:17:27,"London, UK",0,0
5003,C097,240.72,2025-10-29 06:19:17,"Kraków, PL",0,0
5460,C055,184.28,2025-10-29 06:20:57,"Kraków, PL",0,0
9028,C065,53.84,2025-10-29 06:33:20,"Warszawa, PL",0,0
3731,C070,83.21,2025-10-29 06:35:27,"Warszawa, PL",0,0
7388,C028,350.43,2025-10-29 06:37:24,"Kraków, PL",0,0
2573,C070,2820.33,2025-10-29 06:37:26,"London, UK",0,0
9166,C090,1808.71,2025-10-29 06:38:30,"Warszawa, PL",0,1
605,C004,178.95,2025-10-29 06:38:49,"Kraków, PL",0,0
3957,C031,327.77,2025-10-29 06:40:51,"Kraków, PL",0,0
6619,C038,112.67,2025-10-29 07:03:07,"Warszawa, PL",0,0
9562,C093,260.94,2025-10-29 07:16:51,"London, UK",0,0
2015,C057,5464.44,2025-10-29 07:34:01,"New York, US",0,0
1233,C082,22.12,2025-10-29 07:36:28,"Warszawa, PL",0,1
4120,C004,99.14,2025-10-29 07:37:51,"Kraków, PL",0,0
4968,C011,72.88,2025-10-29 07:39:25,"London, UK",0,0
1571,C073,134.3,2025-10-29 07:39:44,"New York, US",0,0
9005,C016,230.83,2025-10-29 07:40:26,"London, UK",0,0
9487,C014,524.9,2025-10-29 07:42:47,"Kraków, PL",0,0
3234,C028,863.72,2025-10-29 07:44:12,"London, UK",0,0
6704,C053,1017.58,2025-10-29 08:02:34,"New York, US",0,0
3649,C038,433.13,2025-10-29 08:11:30,"London, UK",0,0
5437,C076,1253.5,2025-10-29 08:22:51,"New York, US",0,0
2242,C082,134.58,2025-10-29 08:27:53,"Warszawa, PL",0,1
3852,C037,194.87,2025-10-29 08:29:22,"New York, US",0,0
9679,C081,195.73,2025-10-29 08:31:01,"Kraków, PL",0,0
607,C020,320.87,2025-10-29 08:31:22,"Warszawa, PL",0,0
6546,C089,430.85,2025-10-29 08:44:49,"New York, US",0,0
3201,C018,243.28,2025-10-29 08:45:00,"Warszawa, PL",0,1
8561,C044,943.08,2025-10-29 08:45:22,"New York, US",0,0
3818,C063,795.02,2025-10-29 09:08:55,"Kraków, PL",0,0
6480,C062,860.37,2025-10-29 09:09:15,"Kraków, PL",0,0
2220,C010,162.3,2025-10-29 09:10:10,"Kraków, PL",0,0
6746,C073,5374.66,2025-10-29 09:12:14,"London, UK",0,0
580,C074,279.24,2025-10-29 09:18:38,"London, UK",0,1
2507,C019,1781.2,2025-10-29 09:23:39,"Kraków, PL",0,0
2177,C085,73.27,2025-10-29 09:31:02,"London, UK",0,0
8208,C077,60.34,2025-10-29 09:33:37,"Kraków, PL",0,0
5435,C048,5.91,2025-10-29 09:37:15,"Warszawa, PL",0,0
1682,C033,49.24,2025-10-29 09:42:12,"London, UK",0,0
1807,C085,15686.41,2025-10-29 09:46:15,"Kraków, PL",0,0
9347,C092,262.41,2025-10-29 09:47:33,"New York, US",0,0
599,C054,337.17,2025-10-29 09:55:38,"London, UK",0,0
675,C073,788.78,2025-10-29 10:04:19,"Kraków, PL",0,0
6312,C041,131.71,2025-10-29 10:07:39,"New York, US",0,0
5198,C087,527.77,2025-10-29 10:12:25,"London, UK",0,0
8715,C063,162.24,2025-10-29 10:19:16,"Kraków, PL",0,0
22,C061,40.96,2025-10-29 10:21:41,"Warszawa, PL",0,1
469,C031,566.59,2025-10-29 10:22:01,"Kraków, PL",0,0
3495,C093,1054.23,2025-10-29 10:23:25,"London, UK",0,0
9084,C029,29.7,2025-10-29 10:26:32,"London, UK",0,0
5511,C040,414.25,2025-10-29 10:32:33,"Warszawa, PL",0,0
338,C064,1540.1,2025-10-29 10:34:33,"London, UK",0,1
8258,C004,323.11,2025-10-29 10:35:52,"Warszawa, PL",0,1
1032,C002,104.2,2025-10-29 10:39:11,"Kraków, PL",0,0
2372,C070,801.97,2025-10-29 10:56:42,"Kraków, PL",0,0
1496,C092,253.2,2025-10-29 10:57:59,"New York, US",0,0
4464,C084,864.28,2025-10-29 10:58:05,"Kraków, PL",0,0
166,C091,136.02,2025-10-29 10:59:41,"London, UK",0,0
3510,C039,2020.93,2025-10-29 11:01:12,"Warszawa, PL",0,0
6603,C086,169.41,2025-10-29 11:03:58,"Kraków, PL",0,0
7569,C054,1453.09,2025-10-29 11:11:08,"Warszawa, PL",0,0
957,C000,313.14,2025-10-29 11:18:00,"Kraków, PL",0,0
5689,C001,122.86,2025-10-29 11:20:30,"New York, US",0,0
702,C090,3772.31,2025-10-29 11:26:19,"New York, US",0,0
2669,C050,571.0,2025-10-29 11:34:00,"London, UK",0,0
9094,C072,71.66,2025-10-29 11:38:22,"London, UK",0,0
7342,C018,92.06,2025-10-29 11:46:40,"New York, US",0,0
7002,C030,1209.3,2025-10-29 11:49:58,"Kraków, PL",0,0
7957,C086,813.8,2025-10-29 12:00:04,"Warszawa, PL",0,0
8238,C033,4274.04,2025-10-29 12:00:42,"New York, US",0,0
487,C064,47.51,2025-10-29 12:07:24,"London, UK",0,0
3937,C094,478.72,2025-10-29 12:13:17,"London, UK",0,0
5506,C090,308.59,2025-10-29 12:14:04,"London, UK",0,0
4003,C045,304.71,2025-10-29 12:14:44,"London, UK",0,0
4009,C016,125.2,2025-10-29 12:15:41,"Kraków, PL",0,0
5827,C083,2472.84,2025-10-29 12:22:40,"New York, US",0,0
2589,C037,42.71,2025-10-29 12:24:59,"Kraków, PL",0,0
766,C048,2664.14,2025-10-29 12:26:01,"Warszawa, PL",0,0
6252,C086,723.69,2025-10-29 12:26:50,"Kraków, PL",0,0
3309,C078,111.76,2025-10-29 12:26:54,"Kraków, PL",0,1
645,C059,227.78,2025-10-29 12:29:03,"Warszawa, PL",0,0
3722,C043,275.06,2025-10-29 12:33:33,"Warszawa, PL",0,1
9539,C001,4793.65,2025-10-29 12:43:40,"Kraków, PL",0,1
2794,C086,6026.13,2025-10-29 12:48:28,"Warszawa, PL",0,0
1180,C044,304.28,2025-10-29 12:51:40,"Kraków, PL",0,0
5816,C094,149.82,2025-10-29 13:00:52,"Warszawa, PL",0,0
6223,C089,3444.38,2025-10-29 13:03:41,"Kraków, PL",0,0
5890,C063,467.95,2025-10-29 13:13:41,"Kraków, PL",0,0
5343,C036,152.47,2025-10-29 13:14:54,"Warszawa, PL",0,0
7503,C081,549.26,2025-10-29 13:17:53,"London, UK",0,0
2676,C040,9.77,2025-10-29 13:18:02,"Kraków, PL",0,0
3024,C007,1644.17,2025-10-29 13:20:10,"Kraków, PL",0,0
616,C018,64.63,2025-10-29 13:21:43,"Warszawa, PL",0,0
6978,C034,233.66,2025-10-29 13:27:31,"New York, US",0,0
5942,C050,676.41,2025-10-29 13:27:37,"Warszawa, PL",0,0
3625,C040,2299.64,2025-10-29 13:34:08,"Kraków, PL",0,0
754,C089,364.32,2025-10-29 13:36:49,"London, UK",0,0
4451,C082,67.95,2025-10-29 13:38:12,"London, UK",0,0
1808,C056,362.68,2025-10-29 13:42:11,"New York, US",0,0
884,C063,246.08,2025-10-29 13:43:23,"Kraków, PL",0,0
937,C073,259.31,2025-10-29 13:43:40,"Warszawa, PL",0,0
7209,C012,6167.81,2025-10-29 13:57:22,"Warszawa, PL",0,0
7736,C019,940.5,2025-10-29 13:58:26,"Kraków, PL",0,0
4810,C062,473.6,2025-10-29 14:07:16,"New York, US",0,0
4280,C072,310.78,2025-10-29 14:08:08,"Warszawa, PL",0,0
8879,C007,211.98,2025-10-29 14:09:53,"Warszawa, PL",0,0
5897,C077,857.73,2025-10-29 14:10:55,"Kraków, PL",0,0
2036,C070,262.45,2025-10-29 14:11:39,"London, UK",0,0
7251,C072,2860.81,2025-10-29 14:17:44,"New York, US",0,0
9062,C017,48.06,2025-10-29 14:20:03,"London, UK",0,0
5569,C027,349.46,2025-10-29 14:20:26,"New York, US",0,0
543,C093,910.51,2025-10-29 14:31:45,"London, UK",0,0
36,C035,138.17,2025-10-29 14:33:41,"London, UK",0,0
8327,C069,37.15,2025-10-29 14:35:39,"Warszawa, PL",0,0
4224,C058,231.62,2025-10-29 14:35:46,"Kraków, PL",0,0
6975,C028,645.42,2025-10-29 14:36:47,"Kraków, PL",0,0
2164,C016,1081.39,2025-10-29 14:44:03,"London, UK",0,0
6318,C053,2637.4,2025-10-29 14:44:11,"Kraków, PL",0,0
5523,C071,1575.26,2025-10-29 14:48:37,"Warszawa, PL",0,0
4112,C037,5126.3,2025-10-29 14:50:06,"Warszawa, PL",1,1
6300,C018,482.65,2025-10-29 14:51:38,"Warszawa, PL",0,0
6358,C091,720.12,2025-10-29 14:55:02,"Kraków, PL",0,0
512,C011,429.42,2025-10-29 15:00:08,"Warszawa, PL",0,0
6059,C003,511.34,2025-10-29 15:02:13,"Warszawa, PL",0,0
6329,C008,459.59,2025-10-29 15:11:53,"London, UK",0,1
5350,C084,84.13,2025-10-29 15:16:32,"New York, US",0,0
4939,C079,27.28,2025-10-29 15:21:03,"Warszawa, PL",0,0
388,C031,141.22,2025-10-29 15:23:37,"London, UK",0,0
2932,C090,656.79,2025-10-29 15:24:05,"New York, US",0,0
8434,C061,6146.69,2025-10-29 15:25:56,"London, UK",0,1
2995,C029,135.41,2025-10-29 15:27:54,"New York, US",0,0
2666,C049,1589.5,2025-10-29 15:29:24,"Kraków, PL",0,0
3786,C019,552.58,2025-10-29 15:35:31,"Kraków, PL",0,1
4429,C099,2150.83,2025-10-29 15:36:28,"London, UK",0,0
9372,C039,197.33,2025-10-29 15:37:26,"Kraków, PL",0,1
150,C023,2978.48,2025-10-29 15:46:28,"Kraków, PL",0,0
3805,C007,58.54,2025-10-29 15:56:41,"Warszawa, PL",0,0
9867,C013,1820.66,2025-10-29 15:56:44,"Warszawa, PL",0,0
109,C063,202.05,2025-10-29 15:59:54,"Warszawa, PL",0,0
2455,C098,764.68,2025-10-29 16:01:27,"Warszawa, PL",0,0
3551,C096,143.89,2025-10-29 16:06:21,"Kraków, PL",0,0
8692,C003,169.72,2025-10-29 16:07:34,"Warszawa, PL",0,0
8167,C091,42.02,2025-10-29 16:07:38,"Warszawa, PL",0,1
6376,C037,873.54,2025-10-29 16:08:32,"Kraków, PL",0,0
167,C085,135.05,2025-10-29 16:14:46,"New York, US",0,1
9031,C050,125.45,2025-10-29 16:29:22,"New York, US",0,0
2957,C064,326.04,2025-10-29 16:32:23,"Kraków, PL",0,0
1612,C086,845.33,2025-10-29 16:34:41,"London, UK",0,0
1326,C073,3429.92,2025-10-29 16:36:48,"Warszawa, PL",0,0
4207,C089,561.67,2025-10-29 16:43:40,"London, UK",0,0
9281,C039,71.44,2025-10-29 16:48:51,"London, UK",0,0
3455,C027,1031.99,2025-10-29 16:52:33,"Kraków, PL",0,0
7621,C011,280.76,2025-10-29 16:55:43,"London, UK",0,0
6040,C093,966.43,2025-10-29 17:04:36,"Warszawa, PL",0,0
9499,C082,657.93,2025-10-29 17:07:35,"New York, US",0,0
8635,C070,810.54,2025-10-29 17:35:00,"Warszawa, PL",0,0
7518,C081,1946.34,2025-10-29 17:42:15,"New York, US",0,0
6741,C002,896.25,2025-10-29 17:48:59,"New York, US",0,0
6414,C096,782.74,2025-10-29 18:04:17,"London, UK",0,1
4421,C027,135.73,2025-10-29 18:04:19,"Warszawa, PL",0,0
3169,C088,993.39,2025-10-29 18:07:08,"Kraków, PL",0,0
9700,C056,136.48,2025-10-29 18:10:18,"Warszawa, PL",0,0
3370,C075,130.89,2025-10-29 18:15:24,"Warszawa, PL",0,1
6169,C031,20.48,2025-10-29 18:18:55,"New York, US",0,0
4812,C062,188.08,2025-10-29 18:30:15,"New York, US",0,0
3106,C086,1107.61,2025-10-29 18:35:24,"Warszawa, PL",0,0
8155,C057,806.65,2025-10-29 18:45:55,"Warszawa, PL",0,0
5112,C061,20.95,2025-10-29 18:53:50,"London, UK",0,0
3753,C084,711.51,2025-10-29 18:58:32,"Warszawa, PL",0,0
8283,C008,141.26,2025-10-29 19:03:58,"Kraków, PL",0,0
5675,C084,316.38,2025-10-29 19:21:45,"Warszawa, PL",0,0
8219,C047,30.63,2025-10-29 19:30:43,"London, UK",0,0
6185,C082,447.91,2025-10-29 19:33:10,"New York, US",0,0
2780,C063,2518.79,2025-10-29 19:39:06,"New York, US",0,0
6159,C068,1123.91,2025-10-29 19:39:27,"Warszawa, PL",0,0
551,C024,3308.21,2025-10-29 19:42:04,"New York, US",0,1
8753,C063,974.46,2025-10-29 19:45:39,"Kraków, PL",0,0
3110,C097,810.33,2025-10-29 19:47:01,"London, UK",1,0
9288,C055,794.78,2025-10-29 19:48:49,"New York, US",0,0
4559,C076,25.47,2025-10-29 19:52:08,"Kraków, PL",0,0
778,C063,392.82,2025-10-29 19:58:53,"Kraków, PL",0,0
5068,C022,177.22,2025-10-29 20:01:13,"Kraków, PL",0,0
9545,C086,632.96,2025-10-29 20:03:52,"New York, US",0,0
2966,C052,151.27,2025-10-29 20:14:31,"Warszawa, PL",0,0
3012,C072,187.05,2025-10-29 20:25:39,"Kraków, PL",0,0
4277,C055,96.41,2025-10-29 20:31:11,"London, UK",0,0
216,C097,252.95,2025-10-29 20:41:55,"Kraków, PL",0,0
3959,C099,2015.56,2025-10-29 20:42:30,"Kraków, PL",0,0
7088,C086,581.86,2025-10-29 20:51:24,"Kraków, PL",0,0
4566,C040,3164.32,2025-10-29 20:52:15,"London, UK",0,0
3725,C079,622.25,2025-10-29 20:57:14,"Warszawa, PL",0,0
380,C061,535.42,2025-10-29 21:06:11,"New York, US",0,0
7382,C095,198.33,2025-10-29 21:28:01,"Warszawa, PL",0,1
409,C098,276.41,2025-10-29 21:31:41,"Warszawa, PL",0,0
27,C082,45.67,2025-10-29 21:34:51,"London, UK",0,0
8535,C002,197.52,2025-10-29 21:36:46,"Kraków, PL",0,0
6832,C014,4551.45,2025-10-29 21:39:05,"New York, US",0,0
1138,C083,127.59,2025-10-29 21:44:00,"Kraków, PL",0,0
791,C012,64.88,2025-10-29 21:45:57,"Warszawa, PL",1,0
3252,C002,1428.62,2025-10-29 21:47:38,"New York, US",0,0
8391,C013,1365.49,2025-10-29 21:52:00,"Kraków, PL",0,0
8534,C097,203.07,2025-10-29 21:53:09,"Kraków, PL",0,0
7753,C013,369.96,2025-10-29 21:53:49,"London, UK",0,0
1740,C077,159.89,2025-10-29 21:54:03,"New York, US",0,0
405,C029,167.39,2025-10-29 22:09:40,"London, UK",0,0
1045,C091,2270.12,2025-10-29 22:20:16,"Warszawa, PL",0,0
3068,C007,862.22,2025-10-29 22:21:23,"London, UK",0,0
4818,C057,109.12,2025-10-29 22:24:27,"Kraków, PL",0,0
2360,C026,1165.8,2025-10-29 22:31:15,"London, UK",0,1
3457,C040,161.27,2025-10-29 22:35:00,"London, UK",0,0
3637,C019,67.33,2025-10-29 22:35:08,"London, UK",0,0
8889,C049,467.64,2025-10-29 22:42:26,"Kraków, PL",0,0
9571,C039,133.1,2025-10-29 22:45:11,"Warszawa, PL",0,1
4423,C040,71.49,2025-10-29 22:56:08,"Warszawa, PL",0,0
169,C085,5687.54,2025-10-29 22:57:09,"Warszawa, PL",0,0
2278,C017,2774.91,2025-10-29 22:57:59,"London, UK",0,0
1120,C055,309.41,2025-10-29 22:58:17,"New York, US",0,0
7974,C096,142.68,2025-10-29 23:07:55,"New York, US",0,0
2832,C018,239.72,2025-10-29 23:19:44,"Kraków, PL",0,0
1211,C096,186.19,2025-10-29 23:21:13,"London, UK",0,0
2384,C095,45.39,2025-10-29 23:29:45,"Kraków, PL",0,0
9519,C027,39.4,2025-10-29 23:38:02,"London, UK",0,0
7885,C045,1069.0,2025-10-29 23:39:28,"Warszawa, PL",0,0
3152,C079,153.53,2025-10-29 23:40:04,"Warszawa, PL",0,0
310,C072,961.38,2025-10-29 23:40:57,"Warszawa, PL",0,0
9477,C086,310.97,2025-10-29 23:43:50,"Kraków, PL",0,0
2558,C093,282.12,2025-10-29 23:48:28,"London, UK",0,0
9210,C088,595.3,2025-10-29 23:48:45,"New York, US",0,0
782,C067,1246.65,2025-10-29 23:57:09,"London, UK",0,0
7473,C001,1336.9,2025-10-30 00:00:34,"Kraków, PL",0,0
9098,C056,11990.29,2025-10-30 00:02:30,"New York, US",0,0
3423,C010,2066.89,2025-10-30 00:03:05,"London, UK",0,0
6658,C013,1229.01,2025-10-30 00:04:10,"Warszawa, PL",0,0
5504,C002,2714.7,2025-10-30 00:06:34,"Kraków, PL",0,0
9333,C098,8.95,2025-10-30 00:07:41,"Warszawa, PL",0,0
5843,C046,70.79,2025-10-30 00:18:17,"Warszawa, PL",0,0
7724,C001,4058.44,2025-10-30 00:20:39,"Warszawa, PL",0,0
696,C008,89.21,2025-10-30 00:23:06,"London, UK",0,0
2524,C054,156.0,2025-10-30 00:29:34,"London, UK",0,0
8060,C060,39.94,2025-10-30 00:30:45,"New York, US",0,0
7087,C019,161.27,2025-10-30 00:33:11,"Warszawa, PL",0,0
858,C002,52.41,2025-10-30 00:34:32,"New York, US",0,0
4692,C063,115.52,2025-10-30 00:36:25,"New York, US",0,0
2389,C055,728.5,2025-10-30 00:39:31,"Warszawa, PL",0,0
3322,C042,1781.93,2025-10-30 00:43:24,"New York, US",0,0
4020,C003,276.4,2025-10-30 00:48:12,"Kraków, PL",0,0
546,C088,80.37,2025-10-30 00:52:25,"New York, US",0,0
6942,C052,368.47,2025-10-30 00:54:03,"Warszawa, PL",0,0
4764,C045,446.76,2025-10-30 00:57:19,"New York, US",0,0
5945,C019,101.02,2025-10-30 01:13:27,"Warszawa, PL",0,0
7432,C066,191.88,2025-10-30 01:14:10,"Kraków, PL",0,0
7777,C082,250.88,2025-10-30 01:21:01,"New York, US",0,0
2751,C048,1273.46,2025-10-30 01:33:14,"New York, US",0,0
4269,C033,1342.32,2025-10-30 01:35:13,"London, UK",0,0
871,C043,6059.66,2025-10-30 01:36:03,"New York, US",0,0
5680,C038,555.6,2025-10-30 01:40:08,"Warszawa, PL",0,0
905,C094,188.4,2025-10-30 01:40:10,"Warszawa, PL",0,0
4062,C070,99.27,2025-10-30 01:45:26,"Warszawa, PL",0,0
6311,C036,334.48,2025-10-30 01:55:11,"Kraków, PL",0,1
4011,C014,1068.38,2025-10-30 02:02:47,"Warszawa, PL",0,0
7436,C016,14.66,2025-10-30 02:03:39,"Kraków, PL",0,0
3842,C057,622.44,2025-10-30 02:07:32,"New York, US",0,0
6779,C030,386.16,2025-10-30 02:08:47,"New York, US",0,0
7712,C018,347.73,2025-10-30 02:16:30,"Kraków, PL",0,0
2173,C029,705.13,2025-10-30 02:20:46,"Kraków, PL",0,0
4767,C095,234.68,2025-10-30 02:22:01,"London, UK",0,0
4996,C027,543.05,2025-10-30 02:35:10,"London, UK",0,1
2219,C018,1610.17,2025-10-30 02:36:30,"London, UK",0,0
8735,C074,521.34,2025-10-30 02:38:30,"New York, US",0,1
8195,C025,468.02,2025-10-30 02:41:56,"Warszawa, PL",0,0
9456,C044,59.69,2025-10-30 02:45:55,"London, UK",0,0
1154,C077,228.54,2025-10-30 02:49:27,"New York, US",0,0
940,C029,865.35,2025-10-30 02:50:12,"New York, US",0,1
475,C092,365.27,2025-10-30 02:51:12,"Kraków, PL",0,1
1697,C033,545.73,2025-10-30 03:07:54,"Warszawa, PL",0,0
1245,C013,578.78,2025-10-30 03:12:28,"Kraków, PL",0,0
5589,C027,444.96,2025-10-30 03:14:14,"Kraków, PL",0,0
9502,C046,347.96,2025-10-30 03:21:51,"New York, US",0,0
4677,C011,174.92,2025-10-30 03:23:00,"Kraków, PL",0,0
2152,C056,220.95,2025-10-30 03:33:57,"New York, US",0,0
4755,C043,493.72,2025-10-30 03:43:31,"New York, US",0,0
2759,C058,5496.23,2025-10-30 03:48:24,"New York, US",0,0
5593,C042,67.94,2025-10-30 03:55:53,"New York, US",0,0
9585,C014,1780.72,2025-10-30 03:56:07,"Warszawa, PL",0,1
1362,C087,1016.54,2025-10-30 04:01:02,"Warszawa, PL",0,0
2425,C012,1239.99,2025-10-30 04:01:07,"New York, US",0,0
1908,C097,265.02,2025-10-30 04:03:38,"Kraków, PL",0,0
3416,C062,1964.13,2025-10-30 04:06:59,"New York, US",0,0
5463,C070,1062.93,2025-10-30 04:10:44,"London, UK",0,0
746,C092,50.39,2025-10-30 04:11:55,"Warszawa, PL",0,0
1720,C071,582.01,2025-10-30 04:12:53,"London, UK",0,0
4863,C060,206.79,2025-10-30 04:15:15,"New York, US",0,0
7420,C003,1832.03,2025-10-30 04:15:30,"New York, US",0,1
6886,C016,464.55,2025-10-30 04:17:18,"London, UK",0,0
5202,C022,391.04,2025-10-30 04:21:36,"Warszawa, PL",0,0
9341,C094,3260.91,2025-10-30 04:26:07,"London, UK",0,0
8070,C027,982.92,2025-10-30 04:26:40,"New York, US",0,0
9176,C021,52.14,2025-10-30 04:27:57,"Warszawa, PL",0,0
5663,C066,709.21,2025-10-30 04:33:20,"Kraków, PL",0,0
4381,C077,240.93,2025-10-30 04:46:24,"Warszawa, PL",0,0
6145,C050,226.63,2025-10-30 04:48:49,"Warszawa, PL",0,0
5147,C088,134.78,2025-10-30 04:54:54,"Kraków, PL",0,0
4337,C093,292.15,2025-10-30 05:00:40,"Kraków, PL",0,0
3824,C076,2282.73,2025-10-30 05:08:47,"Warszawa, PL",0,0
9446,C057,30.64,2025-10-30 05:17:17,"New York, US",0,0
671,C045,92.9,2025-10-30 05:33:22,"Kraków, PL",0,0
8584,C096,200.63,2025-10-30 05:37:55,"Kraków, PL",0,0
2000,C063,1472.86,2025-10-30 05:40:45,"Kraków, PL",0,0
1291,C075,231.43,2025-10-30 05:44:41,"Warszawa, PL",0,0
2205,C014,1667.24,2025-10-30 05:49:51,"Warszawa, PL",0,0
5975,C098,220.61,2025-10-30 06:01:52,"London, UK",0,0
2924,C079,440.31,2025-10-30 06:02:24,"New York, US",0,0
1386,C077,1825.86,2025-10-30 06:28:41,"Warszawa, PL",0,0
5109,C088,1742.97,2025-10-30 06:31:16,"Kraków, PL",0,0
9055,C097,398.98,2025-10-30 06:33:26,"Kraków, PL",0,0
2290,C008,885.43,2025-10-30 06:51:28,"Kraków, PL",0,0
8096,C046,98.99,2025-10-30 06:58:01,"New York, US",0,0
9535,C064,377.22,2025-10-30 07:12:00,"Kraków, PL",0,0
3206,C008,63.35,2025-10-30 07:13:31,"New York, US",0,0
4627,C077,186.72,2025-10-30 07:17:14,"New York, US",0,0
9567,C044,13112.59,2025-10-30 07:20:40,"Kraków, PL",0,0
5834,C012,98.37,2025-10-30 07:28:12,"Kraków, PL",0,0
8801,C013,59.76,2025-10-30 07:28:58,"Warszawa, PL",0,0
3172,C061,1294.57,2025-10-30 07:39:55,"Warszawa, PL",0,1
4602,C070,1180.91,2025-10-30 07:43:11,"New York, US",0,0
9064,C038,267.19,2025-10-30 07:58:59,"New York, US",0,0
6194,C002,299.31,2025-10-30 08:01:06,"Kraków, PL",0,0
4826,C021,990.17,2025-10-30 08:07:48,"Kraków, PL",0,0
5099,C055,888.17,2025-10-30 08:17:31,"Warszawa, PL",0,0
2629,C088,1922.5,2025-10-30 08:26:26,"Warszawa, PL",0,0
6648,C051,3317.32,2025-10-30 08:26:59,"Warszawa, PL",0,0
6285,C030,615.51,2025-10-30 08:27:15,"Kraków, PL",0,0
7754,C030,663.46,2025-10-30 08:29:21,"Kraków, PL",0,0
527,C095,174.84,2025-10-30 08:31:06,"New York, US",0,0
1170,C027,1427.03,2025-10-30 08:43:01,"Kraków, PL",1,0
2821,C050,46.02,2025-10-30 08:44:10,"London, UK",0,0
9464,C058,8274.64,2025-10-30 08:45:55,"Kraków, PL",0,1
538,C065,565.34,2025-10-30 08:46:22,"London, UK",0,0
4211,C050,129.57,2025-10-30 08:51:56,"Kraków, PL",0,0
4618,C078,102.65,2025-10-30 08:54:05,"Kraków, PL",0,0
7934,C062,492.6,2025-10-30 08:54:43,"Warszawa, PL",0,0
867,C091,953.67,2025-10-30 09:11:04,"London, UK",0,0
4314,C029,206.51,2025-10-30 09:16:27,"Kraków, PL",0,0
6119,C035,1745.4,2025-10-30 09:18:20,"New York, US",0,0
761,C056,3966.94,2025-10-30 09:18:28,"New York, US",0,0
9147,C040,5650.87,2025-10-30 09:26:55,"New York, US",0,0
2211,C051,46.01,2025-10-30 09:34:09,"Kraków, PL",0,0
531,C083,2484.43,2025-10-30 09:39:36,"Warszawa, PL",0,0
4145,C043,363.95,2025-10-30 09:43:13,"Warszawa, PL",0,0
8452,C050,1601.11,2025-10-30 09:44:33,"London, UK",0,0
1342,C004,187.51,2025-10-30 09:50:10,"London, UK",0,0
141,C003,119.35,2025-10-30 09:53:04,"Warszawa, PL",0,0
8421,C014,1655.15,2025-10-30 09:59:34,"Kraków, PL",0,0
5027,C035,4196.67,2025-10-30 10:02:05,"Kraków, PL",0,0
9126,C046,5260.93,2025-10-30 10:03:56,"Warszawa, PL",0,0
139,C055,244.41,2025-10-30 10:05:37,"London, UK",0,1
4944,C015,69.82,2025-10-30 10:12:50,"Kraków, PL",0,0
8884,C023,131.99,2025-10-30 10:23:32,"London, UK",0,0
4508,C094,86.75,2025-10-30 10:24:07,"Warszawa, PL",0,0
8738,C070,392.04,2025-10-30 10:26:57,"New York, US",0,0
4768,C068,2656.82,2025-10-30 10:32:34,"Kraków, PL",0,0
9728,C028,31.39,2025-10-30 10:39:42,"New York, US",0,0
9592,C020,3379.8,2025-10-30 10:45:00,"London, UK",0,1
5178,C085,475.88,2025-10-30 10:45:36,"Warszawa, PL",0,0
3425,C088,221.94,2025-10-30 10:46:40,"New York, US",0,0
5005,C058,95.79,2025-10-30 10:47:24,"New York, US",0,0
2281,C009,272.15,2025-10-30 10:48:00,"Kraków, PL",0,0
196,C073,2329.42,2025-10-30 10:48:42,"New York, US",0,0
1845,C070,351.36,2025-10-30 10:48:44,"London, UK",0,0
3081,C060,1079.5,2025-10-30 10:50:38,"Kraków, PL",0,0
6987,C001,70.99,2025-10-30 10:56:34,"Kraków, PL",0,0
3303,C094,209.81,2025-10-30 11:01:15,"Kraków, PL",0,0
2883,C081,2383.66,2025-10-30 11:07:12,"Kraków, PL",0,0
6032,C070,8.72,2025-10-30 11:11:03,"New York, US",0,1
2866,C072,2451.26,2025-10-30 11:14:23,"New York, US",0,0
4613,C002,1167.22,2025-10-30 11:15:34,"Warszawa, PL",0,0
9182,C036,36.57,2025-10-30 11:15:38,"London, UK",0,1
6675,C034,10298.79,2025-10-30 11:20:00,"London, UK",0,0
5252,C081,598.71,2025-10-30 11:20:12,"Kraków, PL",1,0
5876,C089,1268.64,2025-10-30 11:22:31,"Warszawa, PL",0,0
3821,C036,811.0,2025-10-30 11:24:09,"Kraków, PL",0,0
8939,C051,3481.1,2025-10-30 11:24:45,"New York, US",0,0
8242,C081,579.39,2025-10-30 11:26:46,"New York, US",0,1
6407,C044,548.93,2025-10-30 11:29:54,"New York, US",0,0
6067,C034,315.98,2025-10-30 11:36:02,"Warszawa, PL",0,0
1458,C022,5290.85,2025-10-30 11:38:49,"New York, US",0,0
7091,C034,12.58,2025-10-30 11:42:54,"Kraków, PL",0,0
9697,C012,78.71,2025-10-30 11:46:06,"New York, US",0,0
7089,C081,38.56,2025-10-30 11:47:27,"London, UK",0,1
8390,C013,438.37,2025-10-30 11:52:48,"Warszawa, PL",0,0
7701,C010,51.28,2025-10-30 11:53:33,"London, UK",0,0
9582,C068,366.59,2025-10-30 12:03:10,"Warszawa, PL",0,0
5570,C031,50.13,2025-10-30 12:09:13,"Kraków, PL",0,0
6742,C061,3009.07,2025-10-30 12:11:25,"Kraków, PL",0,0
9480,C039,2820.13,2025-10-30 12:16:54,"London, UK",0,0
5393,C007,272.03,2025-10-30 12:20:33,"Warszawa, PL",0,1
734,C093,658.86,2025-10-30 12:21:48,"Kraków, PL",0,0
8309,C035,336.06,2025-10-30 12:26:46,"Warszawa, PL",0,0
5916,C055,578.21,2025-10-30 12:27:08,"Kraków, PL",0,0
9243,C004,56.73,2025-10-30 12:28:33,"Kraków, PL",0,0
4746,C029,103.73,2025-10-30 12:47:39,"New York, US",0,0
8263,C063,1883.9,2025-10-30 12:52:00,"Warszawa, PL",0,0
3765,C023,423.43,2025-10-30 12:53:23,"Kraków, PL",0,0
9130,C006,163.97,2025-10-30 12:54:40,"New York, US",0,0
5138,C008,1060.46,2025-10-30 12:59:49,"Warszawa, PL",0,0
8189,C030,67.47,2025-10-30 13:00:20,"Kraków, PL",0,0
8851,C042,1470.57,2025-10-30 13:00:41,"Kraków, PL",0,0
7711,C002,277.83,2025-10-30 13:01:38,"New York, US",0,0
8239,C057,6531.88,2025-10-30 13:01:58,"Kraków, PL",0,0
7841,C063,29.41,2025-10-30 13:05:34,"New York, US",0,0
7102,C047,388.82,2025-10-30 13:05:52,"London, UK",0,1
2956,C061,132.29,2025-10-30 13:10:12,"London, UK",0,0
5118,C070,2179.71,2025-10-30 13:21:18,"New York, US",0,0
4443,C071,2922.01,2025-10-30 13:26:21,"New York, US",0,0
5031,C016,64.0,2025-10-30 13:31:05,"New York, US",0,0
7878,C079,142.1,2025-10-30 13:31:58,"New York, US",0,0
4950,C042,238.42,2025-10-30 13:35:23,"New York, US",0,0
6929,C031,275.37,2025-10-30 13:41:27,"London, UK",0,0
2610,C008,165.35,2025-10-30 13:48:33,"London, UK",0,0
1024,C072,955.32,2025-10-30 13:52:14,"New York, US",0,0
2167,C041,545.39,2025-10-30 13:55:55,"Warszawa, PL",0,0
6085,C019,4579.55,2025-10-30 13:56:20,"Kraków, PL",0,0
5095,C038,4648.03,2025-10-30 14:05:47,"London, UK",0,0
5011,C068,2728.49,2025-10-30 14:10:35,"New York, US",0,0
6925,C067,329.54,2025-10-30 14:12:06,"Kraków, PL",0,0
73,C049,1321.79,2025-10-30 14:23:13,"Kraków, PL",0,0
3925,C050,494.91,2025-10-30 14:25:15,"Warszawa, PL",0,0
5984,C027,1037.85,2025-10-30 14:30:37,"Warszawa, PL",0,0
1861,C058,28215.16,2025-10-30 14:36:34,"Warszawa, PL",0,0
4681,C048,1644.38,2025-10-30 14:54:35,"New York, US",0,0
9634,C056,394.57,2025-10-30 14:57:47,"Kraków, PL",0,0
3460,C077,53.16,2025-10-30 15:09:10,"London, UK",0,1
8260,C012,166.96,2025-10-30 15:23:44,"Warszawa, PL",0,0
4031,C038,675.46,2025-10-30 15:30:09,"Warszawa, PL",0,0
6211,C007,1193.34,2025-10-30 15:31:08,"New York, US",0,0
4743,C022,693.91,2025-10-30 15:38:59,"New York, US",0,0
8482,C089,737.35,2025-10-30 15:46:10,"London, UK",0,0
6898,C050,624.6,2025-10-30 15:49:05,"New York, US",0,1
9232,C096,246.16,2025-10-30 15:49:27,"New York, US",0,0
2971,C011,214.37,2025-10-30 15:49:29,"Kraków, PL",0,1
655,C097,96.2,2025-10-30 15:52:13,"New York, US",0,0
5913,C037,1525.52,2025-10-30 15:58:26,"Kraków, PL",0,0
8231,C065,186.07,2025-10-30 16:03:03,"London, UK",0,0
5762,C017,47154.86,2025-10-30 16:04:04,"New York, US",0,0
946,C037,205.85,2025-10-30 16:05:02,"Kraków, PL",0,0
6349,C029,1091.4,2025-10-30 16:11:49,"London, UK",1,0
6240,C083,190.9,2025-10-30 16:12:13,"Warszawa, PL",0,0
7691,C012,170.73,2025-10-30 16:18:39,"New York, US",0,0
2525,C063,52.19,2025-10-30 16:23:31,"New York, US",0,0
784,C074,117.83,2025-10-30 16:25:45,"Warszawa, PL",0,0
5649,C007,3780.34,2025-10-30 16:25:52,"Kraków, PL",0,1
6250,C052,757.48,2025-10-30 16:26:01,"Warszawa, PL",0,0
1271,C095,676.33,2025-10-30 16:29:43,"Warszawa, PL",0,0
4258,C013,584.58,2025-10-30 16:31:47,"New York, US",0,0
5697,C058,586.45,2025-10-30 16:32:25,"Kraków, PL",0,0
7341,C063,2168.08,2025-10-30 16:37:31,"Kraków, PL",0,0
7443,C040,300.05,2025-10-30 16:39:55,"Kraków, PL",0,0
9216,C062,74.89,2025-10-30 16:40:24,"London, UK",0,0
5787,C079,13.51,2025-10-30 16:42:32,"London, UK",0,0
7445,C076,689.49,2025-10-30 16:56:19,"Kraków, PL",0,0
7959,C085,153.6,2025-10-30 17:05:18,"London, UK",0,1
2116,C065,144.45,2025-10-30 17:14:35,"Warszawa, PL",0,0
5519,C033,1718.53,2025-10-30 17:17:46,"Warszawa, PL",0,1
9558,C007,64.39,2025-10-30 17:19:55,"London, UK",0,0
5571,C093,306.61,2025-10-30 17:24:20,"Kraków, PL",0,0
47,C010,217.98,2025-10-30 17:26:24,"Warszawa, PL",0,0
805,C063,1386.41,2025-10-30 17:34:14,"London, UK",0,0
5721,C061,23.62,2025-10-30 17:35:44,"Warszawa, PL",0,0
8376,C050,50.39,2025-10-30 17:38:52,"Warszawa, PL",0,0
4562,C012,630.88,2025-10-30 17:44:17,"London, UK",0,0
9053,C009,12.76,2025-10-30 17:49:21,"New York, US",0,0
5242,C054,82.52,2025-10-30 17:49:37,"Warszawa, PL",0,0
6505,C027,56.15,2025-10-30 17:57:20,"London, UK",0,0
6283,C034,1059.57,2025-10-30 17:58:24,"London, UK",0,0
1666,C057,190.53,2025-10-30 17:58:40,"Warszawa, PL",0,0
9845,C016,2779.41,2025-10-30 18:12:11,"Kraków, PL",0,1
995,C024,9.68,2025-10-30 18:14:11,"Kraków, PL",0,0
9708,C071,93.04,2025-10-30 18:19:21,"New York, US",0,0
1026,C022,198.03,2025-10-30 18:32:53,"Warszawa, PL",0,0
3287,C082,578.33,2025-10-30 18:33:27,"New York, US",0,0
8637,C078,579.19,2025-10-30 18:38:54,"London, UK",0,1
7743,C020,410.25,2025-10-30 18:40:32,"New York, US",0,0
2365,C044,949.42,2025-10-30 19:03:00,"London, UK",0,0
7005,C050,4191.79,2025-10-30 19:07:11,"Kraków, PL",0,0
1009,C031,1015.43,2025-10-30 19:14:43,"London, UK",0,0
5660,C060,351.2,2025-10-30 19:15:13,"London, UK",0,0
2998,C098,399.44,2025-10-30 19:15:38,"London, UK",0,0
1027,C077,3529.53,2025-10-30 19:17:00,"New York, US",0,0
8270,C031,4.63,2025-10-30 19:19:13,"Kraków, PL",0,0
9811,C023,1252.51,2025-10-30 19:19:38,"Warszawa, PL",0,0
1410,C037,1063.01,2025-10-30 19:21:32,"Warszawa, PL",0,0
309,C060,131.92,2025-10-30 19:21:56,"New York, US",0,0
6566,C048,328.19,2025-10-30 19:25:53,"London, UK",0,0
2784,C029,333.68,2025-10-30 19:28:55,"Warszawa, PL",0,0
4116,C008,2504.31,2025-10-30 19:31:42,"Kraków, PL",0,1
9971,C082,79.64,2025-10-30 19:32:33,"Warszawa, PL",0,0
4642,C042,154.27,2025-10-30 19:34:14,"New York, US",0,0
9509,C057,1494.34,2025-10-30 19:38:22,"Warszawa, PL",0,0
441,C040,141.63,2025-10-30 19:41:54,"Kraków, PL",0,0
3563,C007,61.07,2025-10-30 19:43:36,"Kraków, PL",0,0
6756,C031,1070.14,2025-10-30 19:51:21,"New York, US",0,0
1862,C079,5082.04,2025-10-30 19:55:39,"London, UK",0,0
463,C086,250.12,2025-10-30 20:06:49,"Warszawa, PL",0,0
1504,C088,1309.59,2025-10-30 20:09:11,"London, UK",0,0
3247,C044,178.46,2025-10-30 20:09:46,"Kraków, PL",0,0
7804,C085,40.06,2025-10-30 20:21:10,"New York, US",0,0
5268,C041,3308.45,2025-10-30 20:26:41,"Kraków, PL",0,0
2186,C003,82.29,2025-10-30 20:29:07,"Kraków, PL",0,0
7917,C008,70.0,2025-10-30 20:32:36,"Kraków, PL",0,0
5516,C064,690.99,2025-10-30 20:35:18,"Kraków, PL",0,0
1375,C029,67.01,2025-10-30 20:39:59,"Kraków, PL",0,0
6548,C076,472.16,2025-10-30 20:42:10,"Warszawa, PL",0,1
2810,C033,1050.68,2025-10-30 20:46:01,"Kraków, PL",0,0
7136,C090,7.89,2025-10-30 20:49:31,"Kraków, PL",0,0
8829,C094,483.45,2025-10-30 20:58:23,"Kraków, PL",0,1
4808,C016,14.35,2025-10-30 21:03:53,"Kraków, PL",0,0
4383,C008,198.99,2025-10-30 21:04:38,"London, UK",1,0
1193,C059,429.06,2025-10-30 21:13:39,"London, UK",0,1
5128,C015,237.65,2025-10-30 21:17:59,"New York, US",0,0
7983,C010,765.46,2025-10-30 21:23:56,"Kraków, PL",0,0
63,C044,224.85,2025-10-30 21:26:47,"New York, US",0,0
8601,C035,239.2,2025-10-30 21:30:02,"London, UK",0,0
4425,C071,195.21,2025-10-30 21:30:49,"Kraków, PL",0,0
45,C009,303.54,2025-10-30 21:36:25,"Kraków, PL",0,0
1265,C036,198.97,2025-10-30 21:52:40,"Warszawa, PL",0,1
6071,C052,894.29,2025-10-30 21:55:14,"London, UK",0,0
8251,C032,857.04,2025-10-30 22:00:31,"Kraków, PL",0,0
4804,C035,1912.95,2025-10-30 22:05:57,"Kraków, PL",0,0
5901,C024,994.99,2025-10-30 22:08:05,"New York, US",0,0
7851,C034,3788.45,2025-10-30 22:18:49,"Kraków, PL",0,0
4320,C005,910.94,2025-10-30 22:25:43,"New York, US",0,0
7850,C012,85.51,2025-10-30 22:26:07,"Warszawa, PL",0,0
765,C065,112.53,2025-10-30 22:31:23,"Kraków, PL",0,0
7543,C068,333.15,2025-10-30 22:35:58,"London, UK",0,0
8339,C029,1172.2,2025-10-30 22:38:29,"Warszawa, PL",0,0
7314,C032,213.57,2025-10-30 22:42:24,"London, UK",0,1
1279,C041,61.21,2025-10-30 22:46:50,"Warszawa, PL",0,0
9608,C032,68.03,2025-10-30 22:46:51,"Kraków, PL",0,0
5860,C053,530.3,2025-10-30 22:48:03,"London, UK",0,1
5034,C040,128.93,2025-10-30 22:53:06,"New York, US",0,0
4259,C045,6204.9,2025-10-30 22:57:30,"Kraków, PL",0,0
3631,C011,113.89,2025-10-30 23:05:34,"London, UK",0,0
6326,C010,748.51,2025-10-30 23:06:06,"Kraków, PL",0,0
6477,C068,114.74,2025-10-30 23:09:21,"London, UK",0,0
6248,C029,2585.42,2025-10-30 23:13:13,"Kraków, PL",0,0
2241,C017,1067.33,2025-10-30 23:15:53,"Warszawa, PL",0,0
5565,C043,273.47,2025-10-30 23:17:31,"Kraków, PL",1,0
3508,C009,4078.0,2025-10-30 23:25:44,"New York, US",0,0
1812,C087,84.35,2025-10-30 23:26:33,"Kraków, PL",0,0
262,C078,150.6,2025-10-30 23:40:02,"Warszawa, PL",0,0
7438,C069,25.73,2025-10-30 23:41:44,"Kraków, PL",0,0
5805,C019,6061.44,2025-10-30 23:42:34,"New York, US",0,0
3609,C056,277.42,2025-10-30 23:51:13,"New York, US",0,0
2414,C000,446.1,2025-10-30 23:59:20,"Warszawa, PL",0,0
7872,C018,1132.43,2025-10-31 00:00:12,"New York, US",0,0
